# Fichiers officiels ATIH — Manuel des GHM, version 2025 : annexe 8 (actes classants), annexe 11 (actes mineurs reclassant en GHM médical) et volume 2 par CMD (listes d'actes rattachées aux racines). Source : https://www.atih.sante.fr/manuel-des-ghm-2025-publication-bo
# Extraites le 2026-09-24 par scripts/extraire-referentiel-atih.py : données officielles reprises telles quelles.
# Une ligne par acte classant. racines_ghm = racines dans lesquelles l'acte est classant (volume 2) ; cmds_classantes = CMD de l'annexe 8.
# libelle_ghm = libellé abrégé employé par le manuel (les libellés complets relèvent de la CCAM, voir data/ccam-complete-2025.csv).
code_ccam;racines_ghm;cmds_classantes;reclassant_ghm_medical;libelle_ghm
AAFA001;01C03 01C04 01C11 01C12 17C06;01 17;non;EXÉRÈSE T. INTRAPARENCH CERVELET CRANIOT.
AAFA002;01C03 01C04 01C11 01C12 17C06;01 17;non;EXÉRÈSE T. INTRAPARENCH CERVEAU CRANIOT.
AAFA003;01C03 01C04 01C11 01C12 17C06 21C05;01 17 21;non;EXÉRÈSE LÉS. TR. CÉRÉB. CRANIOT.
AAFA004;01C03 01C04 01C11 01C12 17C06 21C05;01 17 21;non;HÉMISPHÉRECTOMIE FCT CRANIOT.
AAFA005;01C03 01C04 01C11 01C12 17C06;01 17;non;EXÉRÈSE LÉS. CORPS CALLEUX FORNIX/SEPTUM
AAFA006;01C03 01C04 01C11 01C12 17C07 21C05;01 17 21;non;RÉSEC. PARENCHYME CÉRÉB. PR INFARCTUS EXPANSIF
AAFA007;01C03 01C04 01C11 01C12 17C06 21C05;01 17 21;non;EXCISION 1ZONE ÉPILEPTOGÈNE CRANIOT.
AAFA008;01C03 01C04 01C11 01C12 21C05;01 21;non;RÉSEC. PARENCHYME CÉRÉBELLEUX PR INFARCTUS
AAGA900;01C03 01C04 01C11 01C12 17C07 21C05;01 17 21;non;ABL. ÉLECTRODE CORTICALE CÉRÉB. CRANIOT.
AAJA001;01C03 01C04 01C11 01C12 17C06 21C05;01 17 21;non;ÉVAC. COLLECTION CÉRÉB. CRANIOT.
AAJA002;01C03 01C04 01C11 01C12 17C06 21C05;01 17 21;non;ÉVAC. HÉMATOME CÉRÉB. TRAUMA CRANIOT.
AAJA003;01C03 01C04 01C11 01C12 17C06 21C05;01 17 21;non;ÉVAC. HÉMATOME INTRACÉRÉBELLEUX CRANIOT.
AAJA004;01C03 01C04 01C11 01C12 17C06 21C05;01 17 21;non;ÉVAC. HÉMATOME CÉRÉB. NON TRAUMA CRANIOT.
AAJA005;01C03 01C04 01C11 01C12 17C06 21C05;01 17 21;non;ÉVAC. COLLECTION INTRACRÂN. POSTOP REPRISE
AAJA006;01C03 01C04 01C11 01C12 17C06 21C05;01 17 21;non;PARAGE PLAIE CRANIOCÉRÉB.
AAJH001;01C03 01C04 01C11 01C12 17C06 21C05;01 17 21;non;ÉVAC. COLLECTION CÉRÉB. TRANSCRÂN. GUID SCAN
AAJH002;01C03 01C04 01C11 01C12 17C07 21C05;01 17 21;non;ÉVAC. HÉMATOME CÉRÉB. NON TRAUMA TRANSCRÂN. GUID
AAJH003;01C03 01C04 01C11 01C12 17C06 21C05;01 17 21;non;ÉVAC. COLLECTION CÉRÉB. TRANSCRÂN. GUID RADIO
AAJH004;01C03 01C04 01C11 01C12 17C06 21C05;01 17 21;non;ÉVAC. HÉMATOME CÉRÉB. NON TRAUMA TRANSCRÂN. GUID
AAKA001;01C09 17C07 21C05;01 17 21;non;CHANGT 1GÉNÉRATEUR SSCUT STIMUL. CÉRÉB.
AALA002;01C03 01C04 01C11 01C12 17C06 21C05;01 17 21;non;IMPLANT. ÉLECTRODE SUBDURALE PR ECOG CRANIOT.
AALA004;01C09 06C15 08C21 11C08 17C07 21C05;01 06 08 11 17 21;non;IMPLANT. SSCUT 1GÉNÉRATEUR STIMUL. CÉRÉB.
AALA900;01C09 17C06 21C05;01 17 21;non;IMPLANT. ÉLECTRODE CORTICALE CÉRÉB. THÉRAP. CRANIOT.
AALB001;01C09 17C06 21C05;01 17 21;non;IMPLANT. ÉLECTRODE CÉRÉB. THÉRAP. STÉRÉOTAX.
AALB002;01C03 01C04 01C11 01C12 17C06 21C05;01 17 21;non;IMPLANT. ÉLECTRODE CÉRÉB. PR EEG STÉRÉOTAX.
AANB001;01C03 01C04 01C11 01C12 17C06;01 17;non;DESTRUC. 1CIBLE CÉRÉB. À VISÉE FCT STÉRÉOTAX.
AANB741;01C03 01C04 01C11 01C12 17C06;;non;DESTR CIBL INTRACÉRÉB VISÉE FONCTION PAR
AAPA900;01C03 01C04 01C11 01C12 17C06;01 17;non;DÉCONNEXION 1ZONE ÉPILEPTOGÈNE CRANIOT.
AAQP002;23K02;23;non;EEG 8 DÉRIV / > CONTINUE AMBU = 24 H [HOLTER EEG]
AAQP010;23K02;23;non;EEG 8 DÉRIV / > DURÉE > 4 H + ENREG VIDÉO
ABCA001;01C03 01C04 01C11 01C12 17C06 21C05;01 17 21;non;KYSTOVENTR.STOM CRANIOT.
ABCA002;01C03 01C04 01C11 01C12 17C06 21C05;01 17 21;non;DÉRIV. PÉRIT/ATRIALE LCS AB. DIRECT
ABCA003;01C03 01C04 01C11 01C12 17C06 21C05;01 17 21;non;DÉRIV. PÉRIT. 1COLLECTION SUBDURALE LCS AB. DIRECT
ABCA004;01C03 01C04 01C11 01C12 17C06 21C05;01 17 21;non;DÉRIV. PÉRIT/ATRIALE KYSTE INTRACRÂN. AB. DIRECT
ABCB001;01C03 01C04 01C11 01C12 17C07 21C05;01 17 21;non;DÉRIV. EXT. LCS/SUBDURAL TRANSCRÂN.
ABCC001;01C03 01C04 01C11 01C12 17C06 21C05;01 17 21;non;KYSTOVENTR.STOM VIDÉOCHIR INTRACRÂN.
ABFA001;01C03 01C04 01C11 01C12 17C07;01 17;non;EXÉRÈSE +/- FERM. MÉNINGOENCÉPHALOCÈLE BASE SANS
ABFA002;01C03 01C04 01C11 01C12 17C06;01 17;non;EXÉRÈSE LÉS. V3CRANIOT.
ABFA003;01C03 01C04 01C11 01C12 17C07;01 17;non;EXÉRÈSE +/- FERM. MÉNINGOENCÉPHALOCÈLE VOÛTE
ABFA004;01C03 01C04 01C11 01C12 17C06;01 17;non;EXÉRÈSE +/- FERM. MÉNINGOENCÉPHALOCÈLE BASE
ABFA005;01C03 01C04 01C11 01C12 17C06;01 17;non;EXÉRÈSE LÉS. 1VENTR. LAT. CÉRÉB. CRANIOT.
ABFA006;01C03 01C04 01C11 01C12 17C06;01 17;non;EXÉRÈSE LÉS. 4E VENTR. CRANIOT.
ABFA007;01C03 01C04 01C11 01C12 17C07 21C05;01 17 21;non;EXÉRÈSE 1FISTULE DERMIQUE +PROLONGT INTRADURAL
ABFA008;01C03 01C04 01C11 01C12 17C06;01 17;non;EXÉRÈSE T. TENTE CERVELET CRANIOT.
ABFA009;01C03 01C04 01C11 01C12 17C06;01 17;non;EXÉRÈSE T. INCISURE TENTE CRANIOT. SUSTENTORIELLE
ABFA010;01C03 01C04 01C11 01C12 17C06;01 17;non;EXÉRÈSE T. FAUX CERVEAU CRANIOT.
ABFC001;01C03 01C04 01C11 01C12 17C06;01 17;non;EXÉRÈSE LÉS. V3VIDÉOCHIR INTRACRÂN.
ABFC002;01C03 01C04 01C11 01C12 17C06;01 17;non;EXÉRÈSE LÉS. 1VENTR. LAT. CÉRÉB. VIDÉOCHIR
ABGA001;01C03 01C04 01C11 01C12 21C05;01 21;non;ABL. 1CAPTEUR P.I.C
ABGA002;01C08 21C05;01 21;non;ABL. 1DÉRIV. INT. LCS INTRACRÂN. AB. DIRECT
ABGA003;01C03 01C04 01C11 01C12 17C07 21C05;01 17 21;non;ABL. 1SYST. DIFFUSEUR IMPLANTÉ +CATHÉ.
ABJA001;01C03 01C04 01C11 01C12 17C06 21C05;01 17 21;non;ÉVAC. 1HÉMORR. VENTR. CÉRÉB. CRANIOT.
ABJA002;01C03 01C04 01C11 01C12 17C06 21C05;01 17 21;non;ÉVAC. 1HÉMATOME SUBDURAL AIG. CRANIOT.
ABJA003;01C03 01C04 01C11 01C12 17C06 21C05;01 17 21;non;ÉVAC. 1HÉMATOME SUBDURAL CHRON. UNILAT. CRANIOT.
ABJA004;01C03 01C04 01C11 01C12 17C06 21C05;01 17 21;non;ÉVAC. 1HED INFRATENTORIEL CRANIOT.
ABJA005;01C03 01C04 01C11 01C12 17C06 21C05;01 17 21;non;ÉVAC. 1HED SUPRATENTORIEL CRANIOT.
ABJA006;01C03 01C04 01C11 01C12 17C06 21C05;01 17 21;non;ÉVAC. 1HÉMATOME SUBDURAL CHRON. BILAT. CRANIOT.
ABJA007;01C03 01C04 01C11 01C12 17C06 21C05;01 17 21;non;ÉVAC. 1HED PLURIFOCAL SUPRATENTORIEL +/-
ABJA008;01C03 01C04 01C11 01C12 17C06 21C05;01 17 21;non;ÉVAC. 1EMPYÈME INTRACRÂN. EXTRACÉRÉBRAL CRANIOT.
ABJC900;01C03 01C04 01C11 01C12;01;non;ÉVAC. 1HÉMORR. VENTR. CÉRÉB. NON TRAUMA
ABLA001;01C03 01C04 01C11 01C12 17C07;01 17;non;POSE CATHÉ VENTR/INTRAKYSTIQ CÉRÉB. TRANSCRÂN.
ABLB001;01C03 01C04 01C11 01C12 21C05;01 21;non;POSE CATHÉ. VENTR. CÉRÉB. TRANSCRÂN +P.I.C. +TESTS
ABLB002;01C03 01C04 01C11 01C12 17C07 21C05;01 17 21;non;POSE 1CAPTEUR VENTR. P.I.C TRANSCRÂN.
ABLB003;01C03 01C04 01C11 01C12 21C05;01 21;non;POSE 1CAPTEUR EXTRAVENTR. P.I.C TRANSCRÂN.
ABMA002;01C08 17C06 21C05;01 17 21;non;RÉVISION/CHANGT ÉLMT 1DÉRIV. INT. LCS AB. DIRECT
ABMA003;01C03 01C04 01C11 01C12 17C06 21C05;01 17 21;non;RÉVISION/CHANGT ÉLMT 1DÉRIV. INT. LCS CRANIOT.
ABSA001;01C03 01C04 01C11 01C12 17C06 21C05;01 17 21;non;FERM. 1BRÈCHE OSTÉODURALE ÉTAGE MOY. BASE CRANIOT.
ABSA002;01C03 01C04 01C11 01C12 03C16 03C17 03C29 17C07 21C05;01 03 17 21;non;FERM. 1BRÈCHE OSTÉODURALE ÉTAGE MOY. BASE AB.
ABSA003;01C03 01C04 01C11 01C12 03C06 03C07 17C06 21C05;01 03 17 21;non;FERM. 1BRÈCHE OSTÉODURALE SINUS FRONTAL AB. CORONAL
ABSA004;01C03 01C04 01C11 01C12 03C16 03C17 03C29 21C05;01 03 21;non;FERM. 1BRÈCHE OSTÉODURALE ÉTAGE MOY. BASE AB. AB
ABSA005;01C03 01C04 01C11 01C12 02C03 03C16 03C17 03C29 17C07 21C05;01 02 03 17 21;non;FERM. 1BRÈCHE OSTÉODURALE/1MÉNINGOCÈLE ÉTAGE ANT.
ABSA006;01C03 01C04 01C11 01C12 03C16 03C17 03C29 17C06 21C05;01 03 17 21;non;FERM. 1BRÈCHE OSTÉODURALE ÉTAGE MOY. BASE AB.
ABSA007;01C03 01C04 01C11 01C12 17C06 21C05;01 17 21;non;FERM. 1BRÈCHE OSTÉODURALE/1MÉNINGOCÈLE ÉTAGE ANT.
ABSA008;01C03 01C04 01C11 01C12 17C06 21C05;01 17 21;non;FERM. 1FISTULE POSTOP LCS BASE
ABSA009;01C03 01C04 01C11 01C12 17C06 21C05;01 17 21;non;FERM. 1FISTULE LCS/1MÉNINGOCÈLE POSTOP VOÛTE CRANIOT.
ABSA010;01C03 01C04 01C11 01C12 17C06 21C05;01 17 21;non;FERM. 1BRÈCHE OSTÉODURALE/1MÉNINGOCÈLE ÉTAGE ANT.
ABSA011;01C03 01C04 01C11 01C12 17C06 21C05;01 17 21;non;FERM. BRÈCHE OSTÉODURAL/MÉNINGOCÈLE ANT. BASE AB.
ABSA012;01C03 01C04 01C11 01C12 17C07 21C05;01 17 21;non;FERM. 1BRÈCHE OSTÉODURALE/1MÉNINGOCÈLE ÉTAGE ANT.
ACFA001;01C03 01C04 01C11 01C12 02C03 03C16 03C17 03C29 08C21 08C61 17C06;01 02 03 08 17;non;EXÉRÈSE T. ÉTAGE ANT. BASE CRANIOT. FRONTALE UNILAT.
ACFA002;01C03 01C04 01C11 01C12 17C06;01 17;non;EXÉRÈSE T.CONVEXITÉ SANS ATTEINTE SINUS VN DURAL
ACFA003;01C03 01C04 01C11 01C12 03C16 03C17 03C29 08C21 17C06;01 03 08 17;non;EXÉRÈSE T. POINTE ROCHER AB. LABYRINTH.
ACFA004;01C03 01C04 01C11 01C12 08C21 08C61 17C06;01 08 17;non;EXÉRÈSE T. CLIVUS CRANIOT.
ACFA005;01C03 01C04 01C11 01C12 03C16 03C17 03C29 17C06;01 03 17;non;EXÉRÈSE T. ANGLE PONTOCÉRÉBELLEUX +/- MÉAT ACOUSTIQUE
ACFA006;01C03 01C04 01C11 01C12 03C16 03C17 03C29 08C21 08C61 17C07;01 03 08 17;non;EXÉRÈSE T. POINTE ROCHER SANS DÉROUTM NF FACIAL AB.
ACFA007;01C03 01C04 01C11 01C12 03C16 03C17 03C29 17C06;01 03 17;non;EXÉRÈSE T. ANGLE PC/MÉAT CAI AB. LABYRINTH.
ACFA008;01C03 01C04 01C11 01C12 17C06;01 17;non;EXÉRÈSE T.CONVEXITÉ CÉRÉBEL. SANS ATTEINTE SINUS VN
ACFA009;01C03 01C04 01C11 01C12 03C16 03C17 03C29 08C21 08C61 17C06;01 03 08 17;non;EXÉRÈSE T. POINTE ROCHER AB. SUPRAPÉTREUX
ACFA010;01C03 01C04 01C11 01C12 03C16 03C17 03C29 17C06;01 03 17;non;EXÉRÈSE T. ANGLE PC/MÉAT CAI AB. RÉTROSIGM.
ACFA011;01C03 01C04 01C11 01C12 08C21 08C61 17C06;01 08 17;non;EXÉRÈSE T. ÉTAGE MOY. BASE CRANIOT.
ACFA012;01C03 01C04 01C11 01C12 03C16 03C17 03C29 17C06;01 03 17;non;EXÉRÈSE T. ANGLE PC/MÉAT CAI AB. SUPRAPÉTREUX
ACFA013;01C03 01C04 01C11 01C12 08C21 08C61 17C06;01 08 17;non;EXÉRÈSE T. 1/3INT. ÉTAGE MOY. BASE ANGLE SPHÉNOORBIT.
ACFA014;01C03 01C04 01C11 01C12 03C16 03C17 03C29 17C06;01 03 17;non;EXÉRÈSE T. ANGLE PONTOCÉRÉBELLEUX +/- MÉAT ACOUSTIQUE
ACFA015;01C03 01C04 01C11 01C12 02C03 03C16 03C17 03C29 08C21 08C61 17C06;01 02 03 08 17;non;EXÉRÈSE T. ÉTAGE ANT. BASE CRANIOT. FRONTALE BILAT.
ACFA016;01C03 01C04 01C11 01C12 03C16 03C17 03C29 08C21 17C06;01 03 08 17;non;EXÉRÈSE T. RÉGION PÉTROCLIVALE SANS DÉROUTM NF FACIAL
ACFA018;01C03 01C04 01C11 01C12 17C06;01 17;non;EXÉRÈSE T.CONVEXITÉ CÉRÉBEL. ENVAHISSANT 1SINUS VN
ACFA019;01C03 01C04 01C11 01C12 08C21 17C06;01 08 17;non;EXÉRÈSE T. FORAMEN MAGNUM +DÉROUTM ART. VERTÉB.
ACFA020;01C03 01C04 01C11 01C12 08C21 08C61 17C06;01 08 17;non;EXÉRÈSE T. CLIVUS AB. TRANSBUCCAL/NASOSPHÉNOÏDAL
ACFA022;01C03 01C04 01C11 01C12 10C02 17C06;01 10 17;non;EXÉRÈSE T. RÉGION OPTOCHIASMATIQUE +/- HYPOTHAL.
ACFA023;01C03 01C04 01C11 01C12 08C21 17C06;01 08 17;non;EXÉRÈSE T. FORAMEN JUG. CRANIOT.
ACFA024;01C03 01C04 01C11 01C12 08C21 17C06;01 08 17;non;EXÉRÈSE T. FORAMEN MAGNUM SANS DÉROUTM ART. VERTÉB.
ACFA025;01C03 01C04 01C11 01C12 03C16 03C17 03C29 08C21 17C06;01 03 08 17;non;EXÉRÈSE T. RÉGION PÉTROCLIVALE +DÉROUTM NF FACIAL AB.
ACFA026;01C03 01C04 01C11 01C12 02C03 03C16 03C17 03C29 08C21 08C61 17C06;01 02 03 08 17;non;EXÉRÈSE T. ÉTAGE ANT. BASE CRANIOT. FRONTALE BILAT. +AB.
ACFA027;01C03 01C04 01C11 01C12 03C16 03C17 03C29 17C06;01 03 17;non;EXÉRÈSE T. ANGLE PC/MÉAT CAI AB. TRANSOTIQUE
ACFA028;01C03 01C04 01C11 01C12 17C06;01 17;non;EXÉRÈSE T.CONVEXITÉ ENVAHISSANT 1SINUS VN DURAL
ACFA029;01C03 01C04 01C11 01C12 03C16 03C17 03C29 08C21 17C06;01 03 08 17;non;EXÉRÈSE T. POINTE ROCHER +DÉROUTM NF FACIAL AB.
ACHA001;01C03 01C04 01C11 01C12 17C07;01 17;non;BIOPSIE LÉS. BASE AB. TRANSBUCCAL/NASOSPHÉNOÏDAL
ACHA002;01C03 01C04 01C11 01C12 17C06;01 17;non;BIOPSIE LÉS. INTRACRÂN. CRANIOT.
ACHA003;01C03 01C04 01C11 01C12 17C07;01 17;non;BIOPSIE LÉS. BASE ENDOS. BUCC/NASALE
ACHB001;01C03 01C04 01C11 01C12 17C07;01 17;non;BIOPSIE LÉS. INTRACRÂN. STÉRÉOTAX.
ACHH001;01C03 01C04 01C11 01C12 17C07;01 17;non;PCT LÉS. INTRACRÂN. TRANSCUT. GUID SCAN
ACHJ001;01C03 01C04 01C11 01C12 17C06;01 17;non;PCT LÉS. INTRACRÂN. TRANSCUT. +GUID REMNO
ACPA001;01C03 01C04 01C11 01C12 17C06 21C05;01 17 21;non;LIBÉR. 1CONFLIT VASC.NF INTRACRÂN. CRANIOT.
ACQC001;01C03 01C04 01C11 01C12 17C06 21C05;01 17 21;non;EXPLO. INTRACRÂN. VIDÉOCHIRURGIE
ADCA001;01C03 01C04 01C11 01C12 17C07 21C05;01 17 21;non;DÉROUTM +SUTURE NF FACIAL AB. TRANSMASTOÏDIEN
ADCA002;01C08 21C05;01 21;non;SUTURE NF FACIAL EXTRAPÉTREUX
ADCA003;01C03 01C04 01C11 01C12 17C06 21C05;01 17 21;non;DÉROUTM +SUTURE NF FACIAL AB. SUPRAPÉTREUX
ADCA004;01C08 03C17 21C05;01 03 21;non;DÉROUTM NF ALV. INF. AB. BUCC.
ADCA005;01C08 17C07 21C05;01 17 21;non;ANAST. EXTRACRÂN. ENTRE 2NF CRÂNIENS
ADCA006;01C03 01C04 01C11 01C12 21C05;01 21;non;SUTURE 1NF CRÂNIEN CRANIOT.
ADCA007;01C03 01C04 01C11 01C12 17C07 21C05;01 17 21;non;DÉROUTM +SUTURE NF FACIAL AB. LABYRINTH.
ADEA001;01C03 01C04 01C11 01C12 17C07 21C05;01 17 21;non;GREF. NF FACIAL AB. TRANSMASTOÏDIEN
ADEA002;01C08 17C07 21C05;01 17 21;non;GREF. NF FACIAL EXTRAPÉTREUX
ADEA003;01C03 01C04 01C11 01C12 17C06 21C05;01 17 21;non;GREF. NF FACIAL +DÉROUTM AB. LABYRINTH.
ADEA004;01C03 01C04 01C11 01C12 17C07 21C05;01 17 21;non;GREF. NF FACIAL AB. SUPRAPÉTREUX +/- AB.
ADEA005;01C03 01C04 01C11 01C12 17C07 21C05;01 17 21;non;GREF. NF CRÂNIEN CRANIOT.
ADFA002;01C08 03C16 03C17 03C29 08C21 21C05;01 03 08 21;non;EXÉRÈSE LÉS. EXTRACRÂN. 1NF CRÂNIEN +RÉPAR.
ADFA003;01C08 21C05;01 21;non;EXÉRÈSE LÉS. NF FACIAL EXTRAPÉTREUX SANS RÉPAR.
ADFA004;01C08 17C07 21C05;01 17 21;non;EXÉRÈSE LÉS. NF FACIAL INTRAPÉTREUX +RÉPAR.
ADFA005;01C03 01C04 01C11 01C12 03C16 03C17 03C29 08C21 17C07;01 03 08 17;non;EXÉRÈSE LÉS. EXTRACRÂN. 1NF CRÂNIEN SANS RÉPAR.
ADFA006;01C08 17C07 21C05;01 17 21;non;EXÉRÈSE LÉS. NF FACIAL EXTRAPÉTREUX +RÉPAR.
ADGA001;01C08 21C05;01 21;non;ABLATION 1 GENERATEUR STIMUL NF VAGUE AB. DIRECT
ADGA144;01C10 17C07 21C05;;non;ABLAT/CHANGMT ÉLECTRODE DÉTECTION RESPI SYSTÈME
ADGA286;01C10 17C07 21C05;;non;ABLAT / CHANGEMENT ÉLECTRODE STIMULATION NERF
ADGA724;01C08 17C07 21C05;;non;ABLATION D'UN SYSTÈME DE STIMULATION DU NERF
ADKA001;01C10 17C07 21C05;01 17 21;non;CHANGT 1 GENERATEUR STIMUL NF VAGUE AB. DIRECT
ADKA665;01C10 17C07 21C05;;non;ABLAT / CHANGEMENT GÉNÉRATEUR STIMULATION NERF
ADLA001;01C10 17C07;01 17;non;IMPLANT 1 STIMUL NF VAGUE AB. DIRECT
ADLA187;01C10 17C07;;non;IMPLANTATION D'UN SYSTÈME DE STIMULATION DU NERF
ADLB001;01K05;01;non;INFILTR. THÉRAP. BRANCHE TERM. NF TRIJUMEAU
ADPA001;01C03 01C04 01C11 01C12 08C21 17C06 21C05;01 08 17 21;non;DÉCOMPR. NF OPTIQUE CRANIOT.
ADPA002;06C05 06C16 06C20 06C22 17C06;06 17;non;VAGOTOMIE TRONCULAIRE POST. +SÉROMYOTOMIE
ADPA003;01C08 03C16 03C17 03C29 08C21 21C05;01 03 08 21;non;SECTION 1BRANCHE EXTRACRÂN. NF TRIJUMEAU AB.
ADPA004;01C08 03C17 08C21 21C05;01 03 08 21;non;DÉCOMPR. NF ALV. INF. AB. BUCC.
ADPA005;01C03 01C04 01C11 01C12 03C16 03C17 03C29 17C06;01 03 17;non;NEUROTOMIE VESTIB. AB. LABYRINTH.
ADPA007;01C03 01C04 01C11 01C12 03C16 03C17 03C29 17C06;01 03 17;non;NEUROTOMIE VESTIB. AB. SUPRAPÉTREUX
ADPA008;01C08 17C07 21C05;01 17 21;non;DÉCOMPR. NF FACIAL AB. TRANSMASTOÏDIEN
ADPA009;01C03 01C04 01C11 01C12 03C16 03C17 03C29 17C07;01 03 17;non;SECTION DES NF PÉTREUX AB. SUPRAPÉTREUX
ADPA010;01C03 01C04 01C11 01C12 03C16 03C17 03C29 17C06;01 03 17;non;NEUROTOMIE VESTIB. AB. RÉTROLABYRINTHIQUE
ADPA011;01C03 01C04 01C11 01C12 17C06 21C05;01 17 21;non;DÉCOMPR. NF FACIAL AB. SUPRAPÉTREUX
ADPA012;01C03 01C04 01C11 01C12 03C16 03C17 03C29;01 03;non;SECTION NF AMPULLAIRE POST.
ADPA013;01C03 01C04 01C11 01C12 03C16 03C17 03C29 08C21 17C06 21C05;01 03 08 17 21;non;SECTION NF CRÂNIEN AB. RÉTROSIGM.
ADPA014;06C05 06C16 06C20 06C22;06;non;VAGOTOMIE TRONCULAIRE THOR.TOMIE
ADPA015;01C08 03C16 03C17 03C29 08C21 21C05;01 03 08 21;non;SECTION NF CANAL PTÉRYGOÏDIEN
ADPA016;01C08 03C16 03C17 03C29 08C21 21C05;01 03 08 21;non;DÉCOMPR. NF INFRAORBITAIRE AB. DIRECT
ADPA017;01C03 01C04 01C11 01C12 03C16 03C17 03C29;01 03;non;SECTION NF TYMPAN. DS CAISSE TYMPAN
ADPA018;06C05 06C16 06C20 06C22 17C06;06 17;non;VAGOTOMIE TRONCULAIRE +GASTR.JÉJ.STOM LAPARO
ADPA019;06C05 06C16 06C20 06C22 17C06;06 17;non;VAGOTOMIE SUP.SÉLECT LAPARO
ADPA020;01C08 08C21 21C05;01 08 21;non;DÉCOMPR. NF OPTIQUE AB. ORBITAIRE
ADPA021;01C08 17C07 21C05;01 17 21;non;DÉCOMPR. NF FACIAL AB. TRANSMASTOÏDIEN +AB.
ADPA022;06C05 06C16 06C20 06C22 17C06;06 17;non;VAGOTOMIE TRONCULAIRE LAPARO
ADPA023;01C08 08C21 17C07 21C05;01 08 17 21;non;DÉCOMPR. NF OPTIQUE AB TRANSÉTHMOÏDAL
ADPA024;06C05 06C16 06C20 06C22 17C06;06 17;non;VAGOTOMIE TRONCULAIRE +ANTRECTOMIE GASTR.
ADPC001;06C05 06C16 06C20 06C22 17C06;06 17;non;VAGOTOMIE TRONCULAIRE COELIO.
ADPC002;06C05 06C16 06C20 06C22 17C06;06 17;non;VAGOTOMIE SUP.SÉLECT COELIO.
ADPC003;06C05 06C16 06C20 06C22 17C07;06 17;non;VAGOTOMIE TRONCULAIRE POST. +SÉROMYOTOMIE
ADPC004;06C05 06C16 06C20 06C22 17C07;06 17;non;VAGOTOMIE TRONCULAIRE THOR.SCOPIE
ADPC900;01C03 01C04 01C11 01C12;01;non;SECTION NF CRÂNIEN VIDÉOCHIR INTRACRÂN.
AEFA001;01C05 08C51 08C52 08C61 17C06;01 08 17;non;EXÉRÈSE LÉS. MOELLE ÉPIN. SUR 1ÉTAGE VERTÉB. AB.
AEFA002;01C05 08C51 08C52 08C61 17C06;01 08 17;non;EXÉRÈSE LÉS. MOELLE ÉPIN. SUR PLUS. ÉTAGES VERTÉB.
AEFA003;01C05 08C51 08C52 08C61 17C06;01 08 17;non;EXÉRÈSE LÉS. CÔNE MÉDUL. AB. POST.
AEGA001;01C05 08C27 21C05;01 08 21;non;ABL. ÉLECTRODE MOELLE ÉPIN. AB. DIRECT
AEJA001;01C05 08C27 21C05;01 08 21;non;TRAITT PLAIE VERTÉBROSPINALE AB. ANT/ANT.LAT
AEJA002;01C05 08C27 17C07 21C05;01 08 17 21;non;TRAITT PLAIE VERTÉBROSPINALE +O.S VERTÉB. AB.
AEJA003;01C05 08C27 21C05;01 08 21;non;ÉVAC. HÉMATOME INTRASPINAL
AEJA004;01C05 08C27 17C07 21C05;01 08 17 21;non;TRAITT PLAIE VERTÉBROSPINALE AB. POST.
AEJA005;01C05 08C27 21C05;01 08 21;non;TRAITT PLAIE VERTÉBROSPINALE +O.S VERTÉB. AB. POST.
AEKA001;01C10 06C15 08C27 11C08 21C05;01 06 08 11 21;non;CHANGT 1GÉNÉRATEUR SSCUT STIMUL. MOELLE ÉPIN.
AELA001;01C10 06C15 08C27 08C61 11C08 17C06;01 06 08 11 17;non;IMPLANT. ÉLECTRODE MOELLE ÉPIN. THÉRAP. AB. DIRECT
AELA002;01C10 06C15 08C21 11C08;01 06 08 11;non;IMPLANT. SSCUT 1GÉNÉRATEUR STIMUL. MOELLE ÉPIN.
AELB001;01C10 06C15 08C27 11C08;01 06 08 11;non;IMPLANT. ÉLECTRODE THÉRAP. MOELLE TRANSCUT.
AELB002;01C10 06C15 08C21 11C08;01 06 08 11;non;IMPLANT. ÉLECTRODE MOELLE ÉPIN. THÉRAP. TRANSCUT.
AENA001;01C05 08C27 08C61 17C06 21C05;01 08 17 21;non;DESTRUC. SÉLECT. CORNE POST MOELLE ÉPIN/JONCTION
AEPA001;01C05 08C27 08C61 17C06 21C05;01 08 17 21;non;LIBÉR. MOELLE ATTACHÉE AB. POST.
AEPA002;01C05 08C27 17C06 21C05;01 08 17 21;non;MYÉLOTOMIE COMMISSUROTOMIE/CORDOTOMIE SPINALE
AEPA004;01C05 08C27 17C06;01 08 17;non;LIBÉR. 1DIASTÉMATOMYÉLIE AB. POST.
AEPB001;01C05 08C27 21C05;01 08 21;non;CORDOTOMIE SPINALE TRANSCUT.
AFCA001;01C05 17C06;01 17;non;DÉRIV. 1CAV. INTRASPINALE/PÉRISPINALE DS ESP.
AFCA002;01C05 17C06;01 17;non;DÉRIV. LOMBOPÉRIT. LCS SUBARACHNOÏDIEN RACH. AB.
AFCA003;01C05 17C06;01 17;non;DÉRIV. 1CAV. INTRASPINALE/PÉRISPINALE HORS ESP
AFCA004;01C05 17C07;01 17;non;DÉRIV. EXT. LCS SUBARACHNOÏDIEN RACH.
AFFA001;01C05 08C51 08C52 08C61 17C06;01 08 17;non;EXÉRÈSE T. INTRADURAL EXTRASPINALE SANS RECONSTR.
AFFA002;01C05 08C51 08C52 08C61 17C06;01 08 17;non;EXÉRÈSE T. VERTÉB. SABLIER +RECONSTR. VERTÉB. AB.
AFFA003;01C05 08C51 08C52 08C61 17C06;01 08 17;non;EXÉRÈSE T. VERTÉB. SABLIER SANS RECONSTR. VERTÉB.
AFFA004;01C05 08C27 08C61 17C06;01 08 17;non;EXÉRÈSE KYSTE MÉNINGÉ INTRACANALAIRE VERTÉB. AB.
AFFA005;01C05 08C51 08C52 08C61 17C06;01 08 17;non;EXÉRÈSE T. ÉPIDURALE RACH. +O.S VERTÉB. AB. POST.
AFFA006;01C05 08C27 17C07;01 08 17;non;EXÉRÈSE 1FISTULE DERMIQUE +PROLONGT INTRADURAL
AFFA007;01C05 08C51 08C52 08C61 17C06;01 08 17;non;EXÉRÈSE T. INTRADURALE EXTRASPINALE AB.
AFFA008;01C05 08C51 08C52 08C61 17C06;01 08 17;non;EXÉRÈSE T. VERTÉB. SABLIER SANS RECONSTR. VERTÉB.
AFFA009;01C05 08C51 08C52 17C06;01 08 17;non;EXÉRÈSE T. INTRADURALE EXTRASPINALE +RECONSTR.
AFFA010;01C05 08C51 08C52 08C61 17C07;01 08 17;non;EXÉRÈSE T. ÉPIDURALE RACH. AB. POST.
AFFA011;01C05 08C51 08C52 08C61 17C06;01 08 17;non;EXÉRÈSE T. VERTÉB. SABLIER +RECONSTR. VERTÉB. AB.
AFGA001;01C05 17C07 21C05;01 17 21;non;ABL. 1SYST. DIFFUSEUR/1POMPE IMPLANTÉ SSCUT
AFGA002;01C05 17C07 21C05;01 17 21;non;ABL. 1DÉRIV. INT. INTRASPINALE LCS RACH. AB. DIRECT
AFJA001;01C05 08C27 08C61 17C06 21C05;01 08 17 21;non;ÉVAC. HÉMATOME PÉRIDURAL RACH. AB. DIRECT
AFJA002;01C05 08C27 08C61 17C06 21C05;01 08 17 21;non;PARAGE ÉPIDURITE +/-SPONDYLODISCITE SANS
AFJA003;01C05 08C27 17C06 21C05;01 08 17 21;non;ÉVAC. HÉMATOME INTRADURAL RACH. AB. DIRECT
AFJA004;01C05 08C27 08C61 17C06 21C05;01 08 17 21;non;ÉVAC. HÉMATOME PÉRIDURAL RACH. POSTOP AB. DIRECT
AFJA005;01C05 08C27 08C61 17C06 21C05;01 08 17 21;non;PARAGE 1ÉPIDURITE+/-SPONDYLODISCITE +RECONSTR.
AFKB001;01C05 17C07 21C05;01 17 21;non;CHANGT CATHÉ. INTRATHÉC. SPINAL RELIÉ
AFKB002;01C05 17C06 21C05;01 17 21;non;CHANGT CATHÉ PÉRIDURAL RELIÉ DIFFUSEUR/POMPE
AFLA003;01C05 17C07;01 17;non;POSE 1CATHÉ. INTRATHÉC/INTRAKYSTIQUE SPINAL
AFLB006;01K05;01;non;INJ INTRATHÉC. TRANSCUT. SANS GUID
AFLB007;01K05;01;non;INJ PÉRIDURALE SANS GUID
AFLB008;01C05 08C27 08C61 17C07;01 08 17;non;POSE 1CATHÉ. PÉRIDURAL +DIFFUSEUR/POMPE SSCUT
AFLH001;01K05;01;non;INJ PÉRIDURALE TRANSCUT. GUID RADIO
AFLH002;01K05;01;non;INJ INTRATHÉC. TRANSCUT. GUID RADIO
AFPA001;01C05 08C27 08C61 17C06 21C05;01 08 17 21;non;TRAITT INFECT. PÉRIDURALE RACH. +/- PARAVERTÉBRALE
AFSA001;01C05 08C27 17C06;01 08 17;non;FERM. 1SPINA BIFIDA +MYÉLOMÉNINGOCÈLE AB. POST.
AFSA002;01C05 08C27 17C06;01 08 17;non;FERM. 1SPINA BIFIDA +MÉNINGOCÈLE AB. POST.
AFSA003;01C05 08C27 08C61 17C06;01 08 17;non;FERM. 1FISTULE LCS/1MÉNINGOCÈLE POSTOP SPINALE
AGLB001;01K05;01;non;INJ. PÉRIDURALE ANTALGIQUE +ÉVAL. DIAG/PRONOST.
AGMP001;28Z19;28;non;PREPA IRRAD EXT NEVRAXE
AHCA001;01C08 08C21 08C61 17C07 21C05;01 08 17 21;non;SUTURE GREF. NON PÉD. +/- NEUROTISATION PLEXUS BR.
AHCA002;01C08 05C06 05C10 05C11 08C21 21C04;01 05 08 21;non;SUTURES 2NF PALM. +1ART. DIGIT. PALM. 1RAYON
AHCA003;01C08 08C21 21C05;01 08 21;non;SUTURE NF À CHEVILLE/AU PIED AB. DIRECT
AHCA004;01C08 08C21 21C05;01 08 21;non;SUTURE NF FÉM. AB. DIRECT
AHCA005;01C08 08C21 21C05;01 08 21;non;SUTURE NF MUSC.CUT AB. DIRECT
AHCA006;01C08 08C21 21C05;01 08 21;non;SUTURES NF MÉDIAN +NF ULNAIRE AU POIGNET AB. DIRECT
AHCA007;01C08 03C16 03C17 03C29 08C21 21C05;01 03 08 21;non;SUTURE 1NF CERV.FAC AB. DIRECT
AHCA008;01C08 05C06 05C10 05C11 08C21 21C05;01 05 08 21;non;SUTURES NF MÉDIAN+ULNAIRE POIGNET +SUTURE ART
AHCA009;01C08 08C21 21C05;01 08 21;non;SUTURE NF RADIAL AU BRAS/AU COUDE AB. DIRECT
AHCA010;01C08 08C21 17C07 21C05;01 08 17 21;non;SUTURE NF SCIATIQUE À CUISSE AB. DIRECT
AHCA011;01C08 08C21 17C07 21C05;01 08 17 21;non;SUTURE NF TIBIAL AB. DIRECT
AHCA012;01C08 05C06 05C10 05C11 08C21 21C04;01 05 08 21;non;SUTURE NF MÉDIAN/ULNAIRE POIGNET +SUTURE ART
AHCA013;01C08 08C21 21C05;01 08 21;non;SUTURES 2NF PALM. 1RAYON
AHCA014;01C08 08C21 17C07 21C05;01 08 17 21;non;SUTURE GREF. +/- NEUROTISATION PLEXUS LOMBOSACRAL
AHCA015;01C08 08C21 21C04;01 08 21;non;SUTURES 1NF PALM. +1ART. DIGIT. PALM. 1RAYON
AHCA016;01C08 08C21 21C04;01 08 21;non;SUTURE NF PROF. MB SUP. AMONT POIGNET AB. DIRECT
AHCA017;01C08 05C06 05C10 05C11 08C21 21C05;01 05 08 21;non;SUTURES NF MÉDIAN+ULNAIRE AU POIGNET +SUTURES
AHCA018;01C08 08C21 21C04;01 08 21;non;SUTURE NF MÉDIAN/NF ULNAIRE AU POIGNET AB. DIRECT
AHCA019;01C08 08C21 21C05;01 08 21;non;SUTURE NF CIRCONFL. AB. DIRECT
AHCA020;01C08 08C21 08C61 17C07 21C05;01 08 17 21;non;SUTURE GREF. NON PÉD+/-NEUROTISATION PLEXUS BR. AB.
AHCA021;01C08 08C21 21C05;01 08 21;non;SUTURE NF FIBULAIRE COMMUN AB. DIRECT
AHCA022;01C08 08C21 17C07 21C05;01 08 17 21;non;SUTURE GREF. NON PÉD. +/-NEUROTISATION PLEXUS BR.
AHCA023;01C08 08C21 21C04;01 08 21;non;SUTURE 1NF PALM. 1RAYON
AHEA001;01C08 08C21 21C05;01 08 21;non;GREF. PÉD. 1NF SPINAL PROF. AB. DIRECT
AHEA002;01C08 08C21 21C05;01 08 21;non;GREF. NF MUSC.CUT AB. DIRECT
AHEA003;01C08 08C21 21C05;01 08 21;non;GREF. NF À CHEVILLE/AU PIED AB. DIRECT
AHEA004;01C08 08C21 21C05;01 08 21;non;GREF. NF MÉDIAN À AV.B AB. DIRECT
AHEA005;01C08 08C21 21C04;01 08 21;non;GREF. NF MÉDIAN +NF ULNAIRE AU POIGNET AB. DIRECT
AHEA006;01C08 08C21 21C05;01 08 21;non;GREF. NF SCIATIQUE À CUISSE AB. DIRECT
AHEA007;01C08 08C21 21C05;01 08 21;non;NEUROTISATION 1NF SPINAL PROF. SANS LIBÉR. NF AB.
AHEA008;01C08 08C21 21C04;01 08 21;non;GREF. NF MÉDIAN/NF ULNAIRE AU POIGNET AB. DIRECT
AHEA009;01C08 08C21 21C05;01 08 21;non;GREF. NF TIBIAL/NF FIBULAIRE COMMUN AB. DIRECT
AHEA010;01C08 08C21 21C05;01 08 21;non;GREF. NF CIRCONFL. AB. DIRECT
AHEA011;01C08 08C21 21C05;01 08 21;non;GREF. NF ULNAIRE À AV.B AB. DIRECT
AHEA012;01C08 03C16 03C17 03C29 08C21 17C07 21C05;01 03 08 17 21;non;GREF. 1NF CERV.FAC AB. DIRECT
AHEA013;01C08 08C21 17C07 21C05;01 08 17 21;non;GREF. NF FÉM. AB. DIRECT
AHEA014;01C08 08C21 21C05;01 08 21;non;GREF. NF RADIAL AB. DIRECT
AHEA015;01C08 08C21 17C07 21C05;01 08 17 21;non;NEUROTISATION 1NF SPINAL PROF. +LIBÉR. NF AB. DIRECT
AHEA016;01C08 08C21 21C04;01 08 21;non;GREF. NF À MAIN AB. DIRECT
AHEA017;01C08 08C21 21C05;01 08 21;non;GREF. NF SCIATIQUE À FESSE AB. DIRECT
AHEA018;01C08 08C21 17C07 21C05;01 08 17 21;non;GREF. PÉD. PLEXUS BR. AB. SUSCLAV. +AB. INFRACLAVICULAIRE
AHFA001;01C08 08C21;01 08;non;EXÉRÈSE T. 1NF SPINAL +RÉPAR. IMMÉDIATE AB. DIRECT
AHFA002;01C08 03C16 03C17 03C29;01 03;non;EXÉRÈSE T. NF CERV. SUPERF. CERV.TOMIE
AHFA003;01C05 08C51 08C52 08C61 17C06;01 08 17;non;EXÉRÈSE LÉS. QU.CHEVAL ÉTENDUE SUR PLUS. ÉTAGES
AHFA004;01C08 08C21;01 08;non;EXÉRÈSE T. 1NF SPINAL SANS RÉPAR. IMMÉDIATE AB. DIRECT
AHFA005;01C08 08C21 13C05 13C06 13C07 13C18 13C19 17C06;01 08 13 17;non;RÉSEC. NF PRÉSACRAL LAPARO
AHFA007;01C05 08C51 08C52 08C61 17C06;01 08 17;non;EXÉRÈSE LÉS. QU.CHEVAL SUR 1ÉTAGE VERTÉB. AB. POST.
AHFA008;01C08 08C21 17C07;01 08 17;non;EXÉRÈSE T. PLEXUS BR/PLEXUS LOMBOSACRAL +RÉPAR.
AHFA010;01C08 03C16 03C17 03C29 17C07;01 03 17;non;EXÉRÈSE T. NF CERV. PROF. CERV.TOMIE
AHFA011;01C08 03C16 03C17 03C29 17C06;01 03 17;non;EXÉRÈSE T. NF CERV. PROF. CERV.TOMIE +THOR.TOMIE
AHFA012;01C05 08C51 08C52 08C61 17C06;01 08 17;non;EXÉRÈSE LIPOME QU.CHEVAL +FERM.
AHGA001;01C08 04C02 21C05;01 04 21;non;ABL. ÉLECTRODE NF PHRÉNIQUE THOR.TOMIE
AHGA002;01C08 21C05;01 21;non;ABL. 1STIMUL. ÉLECTRIQUE RESTAUR. MOTRICITÉ MB SUP.
AHGC801;01C08 04C02 21C05;01 04 21;non;ABLAT. ÉLECTRODE NF PHRÉNIQUE THORACOSCOPIE
AHHA001;01C08 03C16 03C17 03C29 08C21;01 03 08;non;BIOPSIE NF PÉRIPH. AB. DIRECT
AHHA002;01C08 03C16 03C17 03C29 08C21;01 03 08;non;BIOPSIE NEUROMUSC. AB. DIRECT
AHKA001;01C10 04C02 21C05;01 04 21;non;CHANGT ÉLECTRODE NF PHRÉNIQUE THOR.TOMIE
AHKA002;01C10 17C07 21C05;01 17 21;non;CHANGT ÉLECTRODE 1STIMUL. ÉLECTRIQUE RESTAUR.
AHKA003;01C10 21C05;01 21;non;CHANGT GÉNÉRATEUR 1STIMUL. ÉLECTRIQUE RESTAUR.
AHLA001;01C10 21C05;01 21;non;IMPLANT. 1STIMUL. ÉLECTRIQUE PR RESTAUR. MOTRICITÉ MB
AHLA002;01C10 04C02 17C07 21C05;01 04 17 21;non;IMPLANT. ÉLECTRODE NF PHRÉNIQUE THOR.TOMIE +POSE
AHLA003;01C10 11C08;01 11;non;IMPLANT ÉLECTRODE DÉFINITIVE SUR 1RACINE
AHLA804;01C10 11C08;01 11;non;IMPLANT SSCUT GÉNÉRAT NEUROMODULATION SACRALE
AHLB002;01K05;01;non;INFILTR. THÉRAP. NF SUPERF. 1MB +STIMULODÉTECT.
AHLB003;01K05;01;non;INFILTR. THÉRAP. NF GD OCCIPITAL
AHLB004;01K05;01;non;INFILTR. THÉRAP. 1NF PROF. DS 1CANAL OSTÉOFIBREUX
AHLB006;01K05;01;non;INFILTR. THÉRAP. NF MÉDIAN DS CANAL CARPIEN
AHLB010;01K05;01;non;INFILTR. THÉRAP. NF PAROI TR. +STIMULODÉTECT.
AHLB011;01K05;01;non;INFILTR. THÉRAP. NF SPINAL À ÉMERGENCE RACH. SANS
AHLB012;01K05;01;non;INFILTR. THÉRAP. NF PROF. 1MB SANS GUID
AHLB014;01K05;01;non;INFILTR. THÉRAP. NF SUPERF. 1MB SANS STIMULODÉTECT.
AHLB015;01K05;01;non;INFILTR. THÉRAP. NF PAROI TR. SANS STIMULODÉTECT.
AHLB016;01K05;01;non;INFILTR. THÉRAP. PLEXUS BR.
AHLB018;01C10 11C08;01 11;non;IMPLANT. ÉLECTRODE TEST NEUROSTIMUL. RACINE NF SACRAL
AHLC802;01C10 04C02 17C07 21C05;01 04 17 21;non;IMPLANT. ÉLECTRODE NF PHRÉNIQUE THORACOSCOPIE + POSE
AHLH002;01K05;01;non;INFILTR. THÉRAP. PLEXUS LOMBOSACRAL GUID RADIO
AHLH003;01K05;01;non;INFILTR. THÉRAP. PLEXUS LOMBOSACRAL GUID SCAN
AHLH004;01K05;01;non;INFILTR. THÉRAP. NF PELV. PROF. GUID SCAN
AHLH006;01K05;01;non;INFILTR. THÉRAP. NF PROF. 1MB GUID RADIO
AHLH007;01K05;01;non;INFILTR. THÉRAP. NF SPINAL À ÉMERGENCE RACH. GUID SCAN
AHLH010;01K05;01;non;INFILTR. THÉRAP. NF PELV. PROF. GUID RADIO
AHLH014;01K05;01;non;INFILTR. THÉRAP. NF SPINAL À ÉMERGENCE RACH. GUID RADIO
AHLH015;01K05;01;non;INFILTR. THÉRAP. 1NF PROF. DS 1CANAL OSTÉOFIBREUX GUID
AHLH017;01K05;01;non;INFILTR. THÉRAP. RAMEAU DORSAL NF SPINAL GUID SCAN
AHLH018;01K05;01;non;INFILTR. THÉRAP. RAMEAU DORSAL NF SPINAL GUID RADIO
AHPA001;01C14 08C21 21C05;01 08 21;non;LIBÉR. NF À CHEVILLE +/- AU PIED AB. DIRECT
AHPA002;01C08 08C21 08C61 21C05;01 08 21;non;LIBÉR. PLEXUS LOMBOSACRAL AB. DIRECT
AHPA003;01C08 03C16 03C17 03C29 08C21 21C05;01 03 08 21;non;SECTION NF SPINAL PROF. +DÉROUTM AB. DIRECT
AHPA004;01C08 08C21 08C61 17C07 21C05;01 08 17 21;non;LIBÉR. PLEXUS BR. +SCALÉNOTOMIE AB. SUSCLAV.
AHPA005;01C08 08C21 08C61 17C07 21C05;01 08 17 21;non;LIBÉR. PLEXUS BR. +SCALÉNOTOMIE +ABL. CÔTE CERV. AB.
AHPA006;01C08 08C21 08C61 17C07 21C05;01 08 17 21;non;LIBÉR. PLEXUS BR. AB. SUSCLAV. +AB. INFRACLAVICULAIRE
AHPA007;01C08 08C21 21C05;01 08 21;non;HYPONEUROTISATION INTRA/EXTRAFASC DES TR+/-RAMEAUX
AHPA008;01C14 08C21 21C05;01 08 21;non;LIBÉR. NF TIBIAL À JAMBE +/- AU CANAL CALCANÉEN AB.
AHPA009;01C15 08C60 21C04;01 08 21;non;LIBÉR. NF MÉDIAN AU CANAL CARPIEN AB. DIRECT
AHPA010;01C14 08C21 21C05;01 08 21;non;LIBÉR. NF FIBULAIRE COMMUN AU GENOU AB. DIRECT
AHPA011;01C14 08C21 21C05;01 08 21;non;LIBÉR/RÉSEC. 1NF DIGIT. PLANTAIRE AB. DIRECT
AHPA012;01C14 08C21 21C05;01 08 21;non;LIBÉR. NF SUSCLAV. +/- SES BRANCHES AB. DIRECT
AHPA013;01C14 08C21 21C05;01 08 21;non;LIBÉR. NF MUSC.CUT AB. DIRECT
AHPA014;01C14 08C21 21C05;01 08 21;non;LIBÉR. NF PAROI TR. AB. DIRECT
AHPA015;01C08 08C21 08C61 21C05;01 08 21;non;HYPONEUROTISATION INTRA/EXTRAFASC TR/RAMEAUX
AHPA016;01C14 08C21 21C05;01 08 21;non;LIBÉR. NF CIRCONFL. AB. DIRECT
AHPA017;01C14 08C21 08C61 17C07 21C05;01 08 17 21;non;LIBÉR. NF FÉM.+/-SCIATIQ+/-BRANCHES À RACINE MB INF/CUISSE
AHPA018;01C08 08C21 21C05;01 08 21;non;SECTION NF SPINAL SUPERF. +DÉROUTM AB. DIRECT
AHPA019;01C14 08C21 21C05;01 08 21;non;SECTION RÉSEC/DESTRUC. NF SPINAL SUPERF. AB. DIRECT
AHPA020;01C08 08C21 21C05;01 08 21;non;LIBÉR. PLEXUS BR. AB. INFRACLAVICULAIRE
AHPA021;01C14 08C21 21C04;01 08 21;non;LIBÉR. NF ULNAIRE AU POIGNET +/- À MAIN AB. DIRECT
AHPA022;01C14 08C21 21C05;01 08 21;non;LIBÉR. NF ULNAIRE AU COUDE AB. DIRECT
AHPA023;01C14 08C21 21C05;01 08 21;non;LIBÉR. NF RADIAL AU COUDE AB. DIRECT
AHPA024;01C14 08C21 21C05;01 08 21;non;LIBÉR. NF SPINAL SUPERF. DES MB AB. DIRECT
AHPA025;01C05 08C27 17C06 21C05;01 08 17 21;non;RADICOTOMIE SPINALE AB. POST.
AHPA026;01C08 08C21 21C05;01 08 21;non;DÉNERVATION CPLT POIGNET AB. DIRECT
AHPA027;01C14 08C21 21C05;01 08 21;non;LIBÉR. NF RADIAL AU BRAS AB. DIRECT
AHPA028;01C15 08C44 21C04;01 08 21;non;LIBÉR. NF DIGIT. AB. DIRECT 1RAYON
AHPC001;01C15 08C44 21C04;01 08 21;non;LIBÉR. NF MÉDIAN AU CANAL CARPIEN VIDÉOCHIRURGIE
AJFA001;01C08 05C06 05C10 05C11 09C25 09C33 09C34 17C06;01 05 09 17;non;SYMPATHECTOMIE LOMB. LAPARO
AJFA002;01C08 05C06 05C10 05C11 09C25 09C33 09C34;01 05 09;non;SYMPATHECTOMIE DES ART. M.C +DIGIT. AB. DIRECT
AJFA003;01C08 03C16 03C17 03C29 05C06 05C10 05C11 09C25 09C33 09C34 17C06;01 03 05 09 17;non;SYMPATHECTOMIE CERV.THOR/THOR. THOR.TOMIE
AJFC001;01C08 05C06 05C10 05C11 09C25 09C33 09C34 17C07;01 05 09 17;non;SYMPATHECTOMIE LOMB. COELIO
AJFC002;01C08 03C16 03C17 03C29 05C06 05C10 05C11 09C25 09C33 09C34;01 03 05 09;non;SYMPATHECTOMIE CERV.THOR/THOR. THOR.SCOPIE
AJLB001;01K05;01;non;INFILTR. THÉRAP. GGL CERV.THOR SANS GUID
AJLF001;01K05;01;non;BLOC SYMPATHIQUE MÉDICT PÉRIPH. IV SOUS GARROT ISCHÉM.
AJLH003;01K05;01;non;INFILTR. THÉRAP. PLEXUS HYPOGASTRIQUE/SACRAL GUID
AJLH008;01K05;01;non;INFILTR. THÉRAP. PLEXUS HYPOGASTRIQUE/SACRAL GUID SCAN
AJLH009;01K05;01;non;INFILTR. THÉRAP. CH. SYMPATH. LOMB. GUID SCAN
AJLH016;01K05;01;non;INFILTR. THÉRAP. CH. SYMPATH. LOMB. GUID RADIO
AJLH017;01K05;01;non;INFILTR. THÉRAP. PLEXUS COELIAQUE +/- CHAÎNE
AJLH019;01K05;01;non;INFILTR. THÉRAP. GGL PTÉRYGOPALATIN GUID RADIO
AJLH020;01K05;01;non;INFILTR. THÉRAP. GGL CERV.THOR GUID RADIO
AJNA001;01C08 06C21 07C08 17C06;01 06 07 17;non;DESTRUC. CHIM. CHAÎNE SPLANCHNIQUE LAPARO
AJNC001;01C08 06C15 07C08;01 06 07;non;DESTRUC. CHIM. CHAÎNE SPLANCHNIQUE COELIO.
AJNC002;01C08 06C15 07C08 17C07;01 06 07 17;non;DESTRUC. CHIM. CHAÎNE SPLANCHNIQUE THOR.SCOPIE
AMQP010;23K02;23;non;POLYSOMNOGRAPHIE 4À 8H SANS VIDÉO
AMQP011;23K02;23;non;POLYSOMNOGRAPHIE 4À 8H +VIDÉO
AMQP012;23K02;23;non;POLYSOMNOGRAPHIE 8À 12H SANS VIDÉO
AMQP013;23K02;23;non;POLYSOMNOGRAPHIE 8À 12H +VIDÉO
AMQP014;23K02;23;non;POLYSOMNOGRAPHIE 12À/24H SANS VIDÉO
AMQP015;23K02;23;non;POLYSOMNOGRAPHIE 12À/24H +VIDÉO
AZGA001;01C08 21C05;01 21;non;ABL. 1GÉNÉRATEUR SSCUT STIMUL. SCN
AZNL001;28Z11;28;non;SÉANCE IRRAD. EXT. NÉVRAXE
BAAA001;02C07 02C08 02C13 21C05;02 21;non;ALLONGT MUSC. RELEVEUR PAUP. SUP. +/- SECTION SA
BAAA002;02C07 02C08 02C13 21C05;02 21;non;ALLONGT RELEVEUR PAUP SUP+/-SECTION LAME PROF
BABA001;02C07 02C08 02C13 21C05;02 21;non;RACCOURC MUSC. RELEVEUR PAUP. SUP.
BACA001;02C07 02C08 02C13 09C09 09C25 21C05;02 09 21;non;SUTURES MULT. PAUP. BORD LIBRE+/-RELEVEUR PAUP.
BACA002;02C07 02C08 02C13 09C09 09C25 21C05;02 09 21;oui;SUTURE 1PLAIE CUT. 1PAUP. SANS ATTEINTE BORD LIBRE
BACA003;02C07 02C08 02C13 09C24 09C32 21C05;02 09 21;non;SUTURE DES BORDS LIBRES DES PAUP. SUP. +INF.
BACA005;02C07 02C08 02C13 09C09 09C25 21C05;02 09 21;non;SUTURE 1PLAIE CUT. 1PAUP. +ATTEINTE BORD LIBRE
BACA006;02C07 02C08 02C13 09C09 09C25 21C05;02 09 21;non;SUTURES MULT. DES PAUP. +BORD LIBRE TARSE+/-MUSC.
BACA007;02C07 02C08 02C13 09C09 09C25 21C05;02 09 21;non;SUTURES MULT. DES PAUP. SANS ATTEINTE BORD LIBRE
BACA008;02C07 02C08 02C13 09C09 09C25 21C05;02 09 21;oui;SUTURE SOURCIL
BADA001;02C07 02C08 02C13 09C25 09C32 21C05;02 09 21;non;CANTHOPEXIE MÉDIALE PR DYSTOPIE TRAUMA
BADA002;02C07 02C08 02C13 21C05;02 21;non;SUSPENSION BILAT. PAUP. SUP. AU MUSC. FRONTAL +GREF.
BADA003;02C07 02C08 02C13 09C25 09C32 21C05;02 09 21;non;CANTHOPEXIE LAT.
BADA004;02C07 02C08 02C13 21C05;02 21;non;SUSPENSION PAUP. SUP. AU MUSC. FRONTAL SANS GREF.
BADA005;02C07 02C08 02C13 09C25 09C32;02 09;non;CANTHOPEXIE MÉDIALE PR DYSTOPIE CONG.
BADA006;02C07 02C08 02C13 21C05;02 21;non;SUSPENSION UNILAT. PAUP. SUP. AU MUSC. FRONTAL
BADA007;02C07 02C08 02C13 09C23 09C32 21C05;02 09 21;non;FIXATION SOURCIL AU REBORD SUPRAORBITAIRE
BAEA001;02C07 02C08 02C13 09C25 09C32 21C05;02 09 21;non;REPOS. BORD LIBRE PAUP. SANS GREF. NI LAMBEAU
BAEA002;02C07 02C08 02C13 09C24 09C32 21C05 22C03;02 09 21 22;non;REPOS. BORD LIBRE PAUP. +GREF/LAMBEAU
BAEA003;02C07 02C08 02C13 21C05;02 21;non;TRANSFERT MUSC. TEMPORAL PR RÉANIMATION PALP.
BAFA001;01C08 02C07 02C08 02C13 09C25 09C32;01 02 09;non;RÉSEC. MUSC. ORBICULAIRE OEIL
BAFA002;02C07 02C08 02C13 09C24 09C32 21C05;02 09 21;non;EXÉRÈSE TRANSFIXIANTE LÉS. 1PAUP. +LIBÉR. CANTHUS
BAFA003;02C07 02C08 02C13 09C25 09C32;02 09;non;RÉSEC. CUT. SUPRASOURCILIÈRE BILAT.
BAFA004;02C07 02C08 02C13 21C05;02 21;non;RÉSEC. LAME PROF. RELEVEUR PAUP. SUP. +/-RÉSEC.
BAFA005;02C07 02C08 02C13 09C25 09C32 21C05;02 09 21;oui;EXÉRÈSE NON TRANSFIXIANTE LÉS. MULT. UNILAT. PAUP.
BAFA006;02C07 02C08 02C13 09C25 09C32 21C05;02 09 21;oui;EXÉRÈSE NON TRANSFIXIANTE 1LÉS. 1PAUP.
BAFA007;02C07 02C08 02C13 09C24 09C32 21C05;02 09 21;non;RÉSEC. UNILAT. CUT. MUSC. +/- GRAISSEUSE NIV. DES
BAFA008;02C07 02C08 02C13 09C24 09C32 21C05;02 09 21;non;RÉSEC. BILAT. CUT. MUSC. +/- GRAISSEUSE NIV. DES PAUP.
BAFA009;02C07 02C08 02C13 09C24 09C32 21C05;02 09 21;non;RÉSEC. BILAT. CUT. MUSC. +/- GRAISSEUSE NIV. DES PAUP.
BAFA010;02C07 02C08 02C13 08C29 08C46 09C25 09C32;02 08 09;oui;EXÉRÈSE LÉS. SSCUT SOURCIL
BAFA011;02C07 02C08 02C13 09C25 09C32 21C05;02 09 21;non;RÉSEC. BILAT. CUT+/-MUSC+/-GRAISSEUSE PAUP.
BAFA012;02C07 02C08 02C13 08C29 08C46 09C25 09C32;02 08 09;oui;EXÉRÈSE LÉS. CUT. SOURCIL
BAFA013;02C07 02C08 02C13 21C05;02 21;oui;EXÉRÈSE CHALAZION
BAFA014;02C07 02C08 02C13 09C24 09C32 21C05;02 09 21;non;EXÉRÈSE TRANSFIXIANTE LÉS. 1PAUP. SANS LIBÉR.
BAFA015;02C07 02C08 02C13 09C25 09C32 21C05;02 09 21;non;RÉSEC. CUT. MUSC. +/- GRAISSEUSE NIV. 1PAUP. AB. CUT.
BAFA016;02C07 02C08 02C13 09C25 09C32;02 09;non;RÉSEC. GRAISSEUSE UNILAT. DES PAUP. AB. CONJ.
BAFA017;02C07 02C08 02C13 09C25 09C32;02 09;non;RÉSEC. GRAISSEUSE BILAT. DES PAUP. AB. CONJ.
BAFA018;02C07 02C08 02C13 09C25 09C32;02 09;non;RÉSEC. CUT. SUPRASOURCILIÈRE UNILAT.
BAFA019;09C25 09C32;09;non;EXÉRÈSE 1KYSTE QUEUE SOURCIL
BAGA001;02C07 02C08 02C13 09C09 09C25 21C05;02 09 21;non;ABL. IIRE C.E PAUP.
BAHA001;02C07 02C08 02C13;02;non;BIOPSIE PAUP.
BALA001;02C07 02C08 02C13 21C05;02 21;non;INSERTION 1DISPOSITIF INTRAPALPÉBRAL PR
BALB001;01K04;01;non;SÉANCE INJ. TOXINE BOTULIQUE NIV. DES PAUP.
BAMA001;02C07 02C08 02C13 09C23 09C32 21C05 22C03;02 09 21 22;non;RÉPAR. PAUP. INF. LAMBEAU FRONTAL +GREF.
BAMA002;02C07 02C08 02C13 09C25 09C32 21C05;02 09 21;non;CANTHOPLASTIE MÉDIALE +ANAST. DES V.LACRYM.
BAMA003;02C07 02C08 02C13 09C25 09C32 21C05 22C03;02 09 21 22;non;PLASTIE Z PAUP. PR ÉPICANTHUS SANS GREF. PEAU
BAMA004;02C07 02C08 02C13 09C25 09C32 21C05 22C03;02 09 21 22;non;RÉPAR. CUT. PAUP. LAMBEAU LOC/GREF.
BAMA005;02C07 02C08 02C13 09C25 09C32;02 09;non;RECONSTR. 1SOURCIL GREF. CUIR CHEVELU/SOURCIL
BAMA007;02C07 02C08 02C13 09C25 09C32 21C05 22C03;02 09 21 22;non;PLASTIE Z BILAT. PAUP. PR ÉPICANTHUS +GREF. PEAU
BAMA008;02C07 02C08 02C13 09C23 09C32 21C05 22C03;02 09 21 22;non;LAMBEAU PALP INF SUR PAUP SUP+RÉPAR ZONE
BAMA009;02C07 02C08 02C13 09C25 09C32 21C05;02 09 21;non;CANTHOPLASTIE LAT.
BAMA010;02C07 02C08 02C13 09C23 09C32 21C05 22C03;02 09 21 22;non;RÉPAR. PAUP. INF. LAMBEAU ROTATION TEMPOROJUGAL
BAMA011;02C07 02C08 02C13 09C23 09C32;02 09;non;RECONSTR. 1SOURCIL LAMBEAU PÉD. CUIR
BAMA012;02C07 02C08 02C13 09C25 09C32 21C05 22C03;02 09 21 22;non;RECONSTR. BORD LIBRE PAUP. +REPOS. DES CILS SANS
BAMA013;02C07 02C08 02C13 09C23 09C32 21C05 22C03;02 09 21 22;non;RÉPAR. PAUP. INF. LAMBEAU RÉG. +GREF.
BAMA015;02C07 02C08 02C13 09C23 09C32 21C05 22C03;02 09 21 22;non;RÉPAR. PAUP. SUP. LAMBEAU PALP. INF. +RÉPAR. ZONE
BAMA016;02C07 02C08 02C13 09C24 09C32 21C05 22C03;02 09 21 22;non;RECONSTR. BORD LIBRE PAUP. +REPOS. DES CILS
BAMA017;02C07 02C08 02C13 09C25 09C32 21C05 22C03;02 09 21 22;non;REFORMATION PLI PALP. SUP.
BAMA018;02C07 02C08 02C13 09C23 09C32 21C05 22C03;02 09 21 22;non;RÉPAR. PAUP. SUP. LAMBEAU PALP. INF. +RÉPAR. ZONE
BAMA019;02C07 02C08 02C13 09C23 09C32 21C05 22C03;02 09 21 22;non;RÉPAR. PAUP. GREF. COMPOSÉE
BAMA020;02C07 02C08 02C13 09C25 09C32 21C05;02 09 21;non;CANTHOPLASTIE MÉDIALE SANS RÉTABL. CONTINUITÉ DES
BANP001;02C07 02C08 02C13 09C25 09C32 21C05 22C03;02 09 21 22;oui;DESTRUC. LÉS. MULT. DES PAUP. LASER
BANP003;02C07 02C08 02C13 09C25 09C32 21C05 22C03;02 09 21 22;oui;DESTRUC. 1LÉS. 1PAUP. LASER
BANP004;02C07 02C08 02C13 09C25 09C32 21C05 22C03;02 09 21 22;oui;SÉANCE ÉPILATION CILIAIRE ÉLECTRIQUE
BAPA001;02C07 02C08 02C13 09C24 09C32 21C05 22C03;02 09 21 22;non;SECTION PÉD. 1LAMBEAU HÉTÉROPALPÉBRAL
BAPA003;02C07 02C08 02C13 09C25 09C32 21C05 22C03;02 09 21 22;non;DÉSINSERTION MUSC. SANS GREF. PR RÉTRACTION PAUP.
BAPA004;02C07 02C08 02C13 09C25 09C32 21C05 22C03;02 09 21 22;non;CANTHOTOMIE LAT.
BAPA005;02C07 02C08 02C13 09C25 09C32 21C05 22C03;02 09 21 22;non;DÉSINSERTION MUSC. +GREF. PR RÉTRACTION PAUP. INF.
BASA001;02C07 02C08 02C13;02;non;FERM. COLOBOME PALP.
BBCA001;02C07 02C08 02C13 21C05;02 21;non;LACO-DACRYO-CYSTO-RHINOSTOMIE SANS LASER
BBCA003;02C07 02C08 02C13 21C05;02 21;non;DACRYO-CYSTO-RHINOSTOMIE AB. FACIAL
BBCE001;02C07 02C08 02C13 21C05;02 21;non;DACRYO-CYSTO-RHINOSTOMIE ENDOS. NASALE
BBFA001;02C07 02C08 02C13 21C05;02 21;non;EXÉRÈSE GLD LACRYMALE +O.TOMIE
BBFA002;02C07 02C08 02C13 21C05;02 21;non;EXÉRÈSE +/- PLASTIE 1POINT LACRYMAL
BBFA003;02C07 02C08 02C13 21C05;02 21;non;EXÉRÈSE SAC LACRYMAL
BBFA004;02C07 02C08 02C13 21C05;02 21;non;EXÉRÈSE GLD LACRYMALE SANS O.TOMIE
BBGA001;02C07 02C08 02C13;02;non;ABL. C.E DES V.LACRYM. AB. DIRECT
BBHA001;02C07 02C08 02C13;02;oui;BIOPSIE GLD LACRYMALE
BBHA002;02C07 02C08 02C13;02;oui;BIOPSIE SAC LACRYMAL
BBJD001;02C07 02C08 02C13;02;non;LAVAGE DES V.LACRYM.
BBLA001;02C07 02C08 02C13 21C05;02 21;non;POSE POMPE À LARMES
BBLD001;02C07 02C08 02C13 21C05 22C03;02 21 22;non;INTUB. BICANALICULAIRE HOMOLAT. DES V.LACRYM.
BBLD002;02C07 02C08 02C13;02;non;POSE OBT/CLOU-TROU MÉATIQUE SUR 1POINT LACRYMAL
BBLD003;02C07 02C08 02C13;02;non;SONDAGE DES V.LACRYM.
BBLD004;02C07 02C08 02C13 21C05 22C03;02 21 22;non;INTUB. MONOCANALICULAIRE DES V.LACRYM.
BBMA002;02C07 02C08 02C13 21C05;02 21;non;RÉTABL. CONTINUITÉ DES C.LACRYMAUX PR RUPTURE
BBMA003;02C07 02C08 02C13 21C05;02 21;non;RÉTABL. CONTINUITÉ DES C.LACRYMAUX PR STÉNOSE +INTUB.
BBMA004;02C07 02C08 02C13 21C05 22C03;02 21 22;non;RÉTABL. CONTINUITÉ DES C.LACRYMAUX PR RUPTURE +INTUB.
BBPA001;02C07 02C08 02C13;02;non;INCISION/EXÉRÈSE PART. GLD LACRYMALE
BBPA002;02C07 02C08 02C13;02;non;INCISION DES POINTS +/- DES C.LACRYMAUX
BBPA003;02C07 02C08 02C13;02;non;INCISION SAC LACRYMAL
BBSP001;02C07 02C08 02C13 21C05;02 21;non;FERM. 1POINT LACRYMAL CAUTÉRISATION/LASER
BCBP001;02C07 02C08 02C13 21C05;02 21;non;RECOUVREMENT CONJ. PART/TOT. CORNÉE
BCCA001;02C07 02C08 02C13 21C05;02 21;non;SUTURE CONJ.
BCFA003;02C07 02C08 02C13;02;non;EXÉRÈSE PRIMITIVE PTÉRYGION +GREF. CONJ/MUQ.
BCFA004;02C07 02C08 02C13 21C05;02 21;non;EXÉRÈSE LÉS. CONJ. +GREF. MUQ.
BCFA005;02C07 02C08 02C13;02;non;EXÉRÈSE PTÉRYGION RÉCIDIVANT +GREF. CONJ/MUQ.
BCFA006;02C07 02C08 02C13;02;non;EXÉRÈSE PTÉRYGION RÉCIDIVANT SANS GREF.
BCFA007;02C09;02;non;EXÉRÈSE PRIMITIVE PTÉRYGION +GREF. LAMELLAIRE
BCFA008;02C07 02C08 02C13 21C05;02 21;non;EXÉRÈSE LÉS. CONJ. SANS GREF.
BCFA009;02C07 02C08 02C13;02;non;EXÉRÈSE PRIMITIVE PTÉRYGION SANS GREF.
BCHA001;02C07 02C08 02C13;02;oui;BIOPSIE CONJ.
BCLA001;02C07 02C08 02C13;02;non;AUTOHÉMOTHÉRAPIE/LIBÉR. ADHÉRENCE S.CONJ APRÈS OP.
BCLB001;02C07 02C08 02C13;02;non;INJ. S.CONJ/SUBTENONIENNE
BCMA001;02C07 02C08 02C13 21C05;02 21;non;CONJ.PLAST GREF. CONJ/MUQ.
BCNP001;02C07 02C08 02C13 21C05;02 21;non;DESTRUC. LÉS. CONJ. AGENT PHYS.
BCPA001;02C07 02C08 02C13;02;non;INCISION CONJ.
BCPA002;02C07 02C08 02C13 21C05;02 21;non;LIBÉR. SYMBLÉPHARON +GREF. CONJ/MUQ.
BCPA003;02C07 02C08 02C13 21C05;02 21;non;DÉSINSERTION CONJ. OCULAIRE AU LIMBE +GREF. MUQ.
BCPA004;02C07 02C08 02C13 21C05;02 21;non;LIBÉR. SYMBLÉPHARON SANS GREF.
BCPA005;02C07 02C08 02C13 21C05;02 21;non;DÉSINSERTION CONJ. OCULAIRE AU LIMBE SANS GREF.
BDCA001;02C05 02C10 02C11 02C12 21C05;02 21;non;SUTURE 1PLAIE NON LINÉAIRE CORNÉE
BDCA002;02C05 02C10 02C11 02C12 21C05;02 21;non;SUTURES MULT. CORNÉE
BDCA003;02C05 02C10 02C11 02C12 21C05;02 21;non;SUTURE 1PLAIE LINÉAIRE NON TRANSFIXIANTE CORNÉE
BDCA004;02C05 02C10 02C11 02C12 21C05;02 21;non;SUTURE 1PLAIE LINÉAIRE TRANSFIXIANTE CORNÉE
BDCB001;02C07 02C08 02C13;02;non;MICROPONCTIONS MÉC. ANT. CORNÉE THÉRAP.
BDEA002;02C07 02C08 02C13 21C05;02 21;non;ÉPIKÉRATOPHAKIE
BDFA001;02C09 21C05;02 21;non;EXÉRÈSE T. LIMBE CORNÉE +GREF. CORNÉE
BDFA002;02C05 02C10 02C11 02C12 21C05;02 21;non;KÉRATECTOMIE LAMELLAIRE
BDFA003;02C07 02C08 02C13 21C05;02 21;non;EXÉRÈSE T. LIMBE CORNÉE SANS GREF. CORNÉE
BDFA004;02C05 02C10 02C11 02C12 21C05;02 21;non;EXCISION FISTULE LIMBE CORNÉE
BDFL001;02C07 02C08 02C13 21C05;02 21;non;EXÉRÈSE T. LIMBE CORNÉE +IMPLANT. SOURCE RX
BDFP001;02C05 02C10 02C11 02C12 21C05;02 21;non;PHOTOKÉRATECTOMIE RÉFRACTIVE LASER EXCIMÈRE
BDFP002;02C05 02C10 02C11 02C12 21C05;02 21;non;PHOTOKÉRATECTOMIE LASER EXCIMÈRE
BDGA002;02C07 02C08 02C13 21C05;02 21;non;ABL. C.E PROF. MULT. CORNÉE
BDGA004;02C07 02C08 02C13 21C05;02 21;non;ABL. C.E SUPERF. +PROF. MULT. CORNÉE
BDGA005;02C07 02C08 02C13 21C05;02 21;non;ABL. 1C.E PROF. CORNÉE
BDGP002;02C07 02C08 02C13 21C05;02 21;non;ABL. 1C.E SUPERF. CORNÉE
BDGP003;02C07 02C08 02C13 21C05;02 21;non;ABL. C.E SUPERF. MULT. CORNÉE
BDHA001;02C07 02C08 02C13;02;oui;BIOPSIE CORNÉE
BDHP001;02C07 02C08 02C13 17C06;02 17;non;PRÉLÈV. SUPERF. CORNÉE PR FROTTIS +/- CULTURE
BDLA002;02C05 02C10 02C11 02C12 21C05;02 21;non;POSE KÉRATOPROTHÈSE 1TEMPS
BDLA003;02C05 02C10 02C11 02C12 17C07 21C05;02 17 21;non;POSE KÉRATOPROTHÈSE BIOCOLONISABLE
BDLA005;02C05 02C10 02C11 02C12;02;non;POSE D'ANNEAUX INTRACORNEENS A BUT THÉRAPEUTIQUE
BDMA001;02C07 02C08 02C13 21C05;02 21;non;AUTOKÉRATOPLASTIE ROTATION
BDMA002;02C09 21C05;02 21;non;KÉRATOPLASTIE LAMELLAIRE PROF.
BDMA003;02C09 21C05;02 21;non;KÉRATOPLASTIE TRANSFIXIANTE +EXTR. EXTRACAPS.
BDMA006;02C09 21C05;02 21;non;KÉROTOPLAST GREF. MBN AMNIOTIQUE HUMAINE
BDMA008;02C09 21C05;02 21;non;KÉRATOPLASTIE TRANSFIXIANTE
BDMA900;02C09 21C05;02 21;non;KÉRATOPLASTIE LAMELLAIRE +CONJ.PLAST
BDNP001;02C07 02C08 02C13;02;non;DESTRUC. LÉS. SUPERF. CORNÉE MOY. PHYS.
BDNP002;02C07 02C08 02C13;02;non;ABRASION MÉC. ÉPITHÉLIUM CORNÉE SANS LASER
BDNP003;02C07 02C08 02C13;02;non;ABRASION MÉC. ÉPITHÉLIUM CORNÉE LASER
BDPA001;02C05 02C10 02C11 02C12 21C05;02 21;non;KÉRATOTOMIE RELAXANTE PR ASTIGMATISME CORNÉEN
BDRP027;02C05 02C10 02C11 02C12;02;non;CROSSLINKING CORNÉEEN
BEEA001;02C05 02C10 02C11 02C12 21C05;02 21;non;CORÉPRAXIE
BEEA002;02C05 02C10 02C11 02C12 21C05;02 21;non;RÉINSERTION RACINE IRIS
BEEA670;02C05 02C10 02C11 02C12;02;non;REPOSITIONNEMENT D'UN IRIS ARTIFICIEL
BEFA001;02C06 21C05;02 21;non;EXÉRÈSE LÉS. IRIS
BEFA003;02C05 02C10 02C11 02C12;02;non;EXÉRÈSE 1INVASION ÉPITHÉLIALE CHAMBRE ANT. OEIL
BEFA004;02C05 02C10 02C11 02C12 21C05;02 21;non;EXÉRÈSE LÉS. CORPS CILIAIRE
BEFA005;02C05 02C10 02C11 02C12;02;non;EXÉRÈSE INVASION ÉPITHÉLIALE CHAMBRE ANT+GREF.
BEFA007;02C06 21C05;02 21;non;RÉSEC/RÉINTÉGRATION IIRE HERNIE IRIS
BEFA008;02C05 02C10 02C11 02C12 17C06 21C05;02 17 21;non;TRABÉCULECTOMIE
BEFA009;02C05 02C10 02C11 02C12 21C05;02 21;non;IRIDOCYCLECTOMIE PR T. CORPS CILIAIRE
BEGA002;02C06 21C05;02 21;non;ABL. SYST. MÉC. DRAINAGE HUMEUR AQUEUSE
BEGA003;02C05 02C10 02C11 02C12 21C05;02 21;non;ABL. C.E SEGT ANT OEIL+SUTURE PERFO. CORNÉE IRIS
BEGA004;02C05 02C10 02C11 02C12 21C05;02 21;non;ABL. IIRE C.E SEGT ANT. OEIL
BEGA607;02C05 02C10 02C11 02C12;02;non;ABLATION D'UN IRIS ARTIFICIEL
BEHB001;02C05 02C10 02C11 02C12;02;non;PCT CHAMBRE ANT. OEIL
BEJB001;02C05 02C10 02C11 02C12 21C05;02 21;non;ÉVAC. TRANSCLÉRALE COLLECTION CHAMBRE
BEJB002;02C05 02C10 02C11 02C12 21C05;02 21;non;ÉVAC.TRANSCLÉRE COLLECTION CHAMBRE ANT OEIL SANS
BEJB004;02C06 02C12 21C05;02 21;non;DRAINAGE HUMEUR AQUEUSE OEIL
BELA002;02C05 02C10 02C11 02C12 21C05;02 21;non;POSE IMPLANT À RÉFRACTIF DS CHAMBRE ANT. OEIL
BELA129;02C06;02;non;IMP IRIS ART OEIL PSEUDOPH SULCU EN AV IMP À SUPP
BELA201;02C05 02C10 02C11 02C12;02;non;IMP IRIS ART SULC + FIXA SCLÈRE + EXTRAC CRISTAL &
BELA226;02C05 02C10 02C11 02C12;02;non;IMP IRIS ART ARR RÉSIDU IRIEN + EXTRAC CRISTAL & MEP IMP À
BELA340;02C06;02;non;IMP IRIS ART OEIL PSEUDOPH SULC ARR RÉSIDU IRIEN & AV
BELA473;02C05 02C10 02C11 02C12;02;non;IMP IRIS ART OEIL APHAQU + FIXA À SCLÈRE, + MEP IMP CRISTAL
BELB001;02C05 02C10 02C11 02C12 21C05;02 21;non;INJ. SUBST. INERTE/ORG. DS CHAMBRE ANT. OEIL V.
BEMA002;02C06 21C05;02 21;non;PLASTIE PUPILLE/IRIS SANS LASER
BEMA008;02C05 02C10 02C11 02C12 21C05;02 21;non;CORREC. CHIR. 1FISTULE/1DRAINAGE HUMEUR AQUEUSE
BEMP001;02C05 02C10 02C11 02C12 21C05;02 21;non;PLASTIE PUPILLE/IRIS LASER
BENA001;02C06 21C05;02 21;non;DESTRUC. LÉS. IRIS/CORPS CILIAIRE
BENA002;02C05 02C10 02C11 02C12 21C05;02 21;non;DESTRUC. PART. CORPS CILIAIRE
BENP001;02C06 02C12 21C05;02 21;non;SÉANCE PHOTOCOAGULATION ANGLE IRIDOCORNÉEN LASER
BEPA001;02C06 21C05;02 21;non;LIBÉR. BRIDES SEGT ANT. OEIL KÉRATOTOMIE
BEPA002;02C06 02C12 21C05;02 21;non;DÉCOLLT CORPS CILIAIRE
BEPA003;02C05 02C10 02C11 02C12 21C05;02 21;non;TRABÉCULOTOMIE SCLÉROTOMIE
BEPA004;02C06 02C12 21C05;02 21;non;IRIDOTOMIE/IRIDECTOMIE PÉRIPH/SECTORIELLE SANS LASER
BEPB001;02C05 02C10 02C11 02C12 21C05;02 21;non;GONIOTOMIE OCULAIRE V.TRANSCLÉRALE
BEPP001;02C06 21C05;02 21;non;SECTION BRIDES SEGT ANT. OEIL LASER
BEPP002;02C06 02C12 21C05;02 21;non;IRIDOTOMIE LASER
BFEA001;02C05 02C10 02C11 02C12 21C05;02 21;non;REPOS. CRISTALLIN ARTIF/LENTILLE INTRAOCULAIRE
BFGA001;02C05 02C10 02C11 02C12;02;non;EXTR. CRISTALLIN LUXÉ
BFGA002;02C05 02C10 02C11 02C12;02;non;EXTR. EXTRACAPS. MANUELLE CRISTALLIN +IMPLANT DS
BFGA003;02C05 02C10 02C11 02C12;02;non;EXTR. EXTRACAPS. MANUELLE CRISTALLIN SANS IMPLANT
BFGA005;02C05 02C10 02C11 02C12 21C05;02 21;non;ABL. MAT. IMPLANTÉ DS SEGT ANT. OEIL
BFGA006;02C05 02C10 02C11 02C12;02;non;EXTR. CRISTALLIN +IMPLANT ANT. PR IMPOSSIBILITÉ IMPLANT.
BFGA007;02C05 02C10 02C11 02C12;02;non;EXTR. CRISTALLIN SUBLUXÉ/ECTOPIQUE
BFGA008;02C05 02C10 02C11 02C12;02;non;EXTR. EXTRACAPS. CRISTALLIN PHAKOÉMULS. SANS IMPLANT
BFGA009;02C05 02C10 02C11 02C12;02;non;EXTR. INTRACAPS CRISTALLIN SANS IMPLANT
BFGA010;02C05 02C10 02C11 02C12;02;non;EXTR. CRISTALLIN SCLÉROTOMIE POST.
BFGA368;02C05 02C10 02C11 02C12;02;non;EXTR EXTRACAP CRISTAL PHAKOÉMUL + IMPLANT DS CHBRE
BFGA427;02C05 02C10 02C11 02C12;02;non;EXTR EXTRACAP CRISTAL PHAKOÉMUL + IMPLANT DS CHBRE
BFKA001;02C05 02C10 02C11 02C12 21C05;02 21;non;CHANGT MAT. IMPLANTÉ DS SEGT ANT. OEIL
BFLA001;02C05 02C10 02C11 02C12 21C05;02 21;non;IMPLANT. IIRE 1CRISTALLIN ARTIF. NON SUTURÉ
BFLA003;02C05 02C10 02C11 02C12 21C05;02 21;non;IMPLANT. IIRE 1CRISTALLIN ARTIF. SUTURÉ
BFLA004;02C05 02C10 02C11 02C12 21C05;02 21;non;IMPLANT. IIRE CRISTALLIN ARTIF. SUR 1OEIL PSEUDOPHAKE
BFPA002;02C05 02C10 02C11 02C12;02;non;CAPS.TOMIE CORNÉENNE/EXÉRÈSE RELIQUATS CAPS.
BFPP001;02C05 02C10 02C11 02C12;02;non;CAPSULOTOMIE CRISTALLIN  CATARACTE 2AIRE, LASER
BGBA001;02C02 21C05;02 21;non;TAMPNT INT.SEGT POST. FOSSETTE
BGCA002;02C05 02C10 02C11 02C12 17C07 21C05;02 17 21;non;SUTURE SCLÈRE
BGDA001;02C02 21C05;02 21;non;RÉTINOPEXIE CRYO/LASER +INDENTATION SCLÉRE
BGDA002;02C02 21C05;02 21;non;RÉTINOPEXIE CRYO/LASER +INDENTATION SCLÉRALE >
BGDA003;02C02 21C05;02 21;non;RÉTINOPEXIE CRYO/LASER +INDENTATION SCLÉRALE
BGDA004;02C02 21C05;02 21;non;RÉTINOPEXIE CRYO/LASER +INDENTATION SCLÉRALE
BGDA005;02C02 21C05;02 21;non;RÉTINOPEXIE CRYO/LASER +INDENTATION SCLÉRALE SUR
BGDA006;02C02 21C05;02 21;non;RÉTINOPEXIE CRYO/LASER +INDENTATION SCLÉRALE SUR
BGDA007;02C02 21C05;02 21;non;INDENTATION TRANSSCLÉRALE BALLONNET
BGDA008;02C02 21C05;02 21;non;RÉTINOPEXIE CRYO/LASER SANS INDENTATION +TAMPNT
BGFA001;02C05 02C10 02C11 02C12 21C05;02 21;non;VITRECTOMIE (SCLÉROT. POST.) SANS COAG. RÉTINE
BGFA002;02C02 10C08 21C05;02 10 21;non;EXÉRÈSE NÉOVAISSEAUX CHOROÏDIENS MACULAIRE
BGFA003;02C02 21C05;02 21;non;VITRECTOMIE + COAG. +INDENTATION TRANSSCL PR
BGFA004;02C02;02;non;EXÉRÈSE T. CHOROÏDE SANS IRIDOCYCLECTOMIE
BGFA005;02C02 21C05;02 21;non;VITRECTOMIE (SCLÉROT. POST.) +DISSECTION CORTEX
BGFA006;02C02 21C05;02 21;non;VITRECTOMIE (SCLÉROT. POST.) +COAG. TRANSSCLÉRALE
BGFA007;02C02;02;non;EXÉRÈSE T. CHOROÏDE +IRIDOCYCLECTOMIE
BGFA009;02C02 21C05;02 21;non;VITRECTOMIE AB. POST. +ENDOCOAG RÉTINE
BGFA010;02C02 21C05;02 21;non;VITRECTOMIE (SCLÉROT. POST.) +COAG. RÉTINE +TAMPNT INT.
BGFA011;02C05 02C10 02C11 02C12 21C05;02 21;non;VITRECTOMIE (SCLÉROT. POST.) +EXTR. CRISTALLIN
BGFA012;02C05 02C10 02C11 02C12 21C05;02 21;non;EXÉRÈSE LÉS. SCLÈRE
BGFA014;02C07 02C08 02C12 02C13 21C05;02 21;non;SCLÉRECTOMIE PROF. INCOMPLÈT./SCLÉROKÉRATECT. PROF.
BGFA900;02C07 02C08 02C12 02C13;02;non;SCLÉRECTOMIE PROF. INCOMPL/SCLÉROKÉRATECT
BGGA001;02C05 02C10 02C11 02C12 17C07 21C05;02 17 21;non;ABL. IIRE C.E SEGT POST. OEIL +ÉLECTROAIMANT
BGGA002;02C05 02C10 02C11 02C12 21C05;02 21;non;ABL. IIRE C.E SEGT POST. OEIL SANS ÉLECTROAIMANT
BGGA003;02C05 02C10 02C11 02C12 21C05;02 21;non;ABL. MAT. IMPLANTÉ/MAT. INDENTATION SEGT POST. OEIL
BGGA004;02C05 02C10 02C11 02C12 21C05;02 21;non;ABL. MAT. IMPLANTÉ/MAT. INDENTATION SEGT POST. OEIL
BGGA005;02C05 02C10 02C11 02C12 21C05;02 21;non;ABL. HUILE SILICONE INTRAVITRÉENNE
BGHA002;02C07 02C08 02C13;02;non;BIOPSIE SCLÈRE
BGHB001;02C05 02C10 02C11 02C12 17C07;02 17;non;PCT CORPS VITRÉ À AIGUILLE
BGHB002;02C05 02C10 02C11 02C12;02;non;PCT CHOROÏDE
BGHB003;02C05 02C10 02C11 02C12;02;non;PCT CORPS VITRÉ ASPIRATION-SECTION AUTOMATISÉE
BGJA001;02C02 10C08 21C05;02 10 21;non;ÉVAC. HÉMATOME PRÉRÉTINIEN LASER
BGJA002;02C02 10C08 21C05;02 10 21;non;ÉVAC. COLLECTION SUBRÉTINIENNE RÉTINOTOMIE
BGJB001;02C02 21C05;02 21;non;ÉVAC. COLLECTION CHOROÏDE V.TRANSCLÉRALE
BGLB001;02C05 02C10 02C11 02C12 21C05;02 21;non;INJ. DS CORPS VITRÉ
BGLB002;02C05 02C10 02C11 02C12 21C05;02 21;non;INJ. GAZ DS CORPS VITRÉ
BGLP001;02C02;02;non;SÉANCE CRYOAPPLICATION PR RÉTINOPATHIE PRÉMATURÉ
BGMA001;02C02 21C05;02 21;non;ITV RÉTINOVITRÉE COMBINÉE INDENTATION +4ACTES
BGMA002;02C02 21C05;02 21;non;OP. RÉTINOVITRÉENNE ASSOCIANT CPLX
BGMA003;02C02 21C05;02 21;non;MODIF. INDENTATION SCLÉRALE PR DÉCOLLT RÉTINE
BGMA900;02C07 02C08 02C13 21C05;02 21;non;RENFORCEMENT SCLÉRAL POST. OEIL GREF. TISSULAIRE
BGMA901;02C07 02C08 02C13 21C05;02 21;non;RENFORCEMENT SCLÉRAL POST. OEIL MAT. SYNTHÈSE
BGNA001;02C02;02;non;DESTRUC. LÉS. CHORIORÉTINIENNE AGENT PHYS.
BGNP005;02C02 17C06;02 17;non;SÉANCE PHOTOCOAG PR RÉTINOPATHIE PRÉMATURÉ
BGPA001;02C02 10C08 21C05;02 10 21;non;RÉTINOTOMIE RELAXANTE +/- DISSECTION MBN
BGPA002;02C02 10C08 21C05;02 10 21;non;DISSECTION MBN ÉPIRÉTINIENNE +/- MBN VITRÉE
BGPA003;02C02 10C08 21C05;02 10 21;non;LIBÉR. ADHÉR. VITRÉORÉTINIENNES POSTOP
BGQP005;02C07 02C08 02C13;02;non;TRANSILLUMINATION SEGM. POST. +DÉSINSERTION CONJ.
BGRF001;02C02;02;non;SÉANCE PHOTOTHÉR DYNAMIQ MACULAIRE +INJ. PROD.
BGSA002;02C05 02C10 02C11 02C12 21C05;02 21;non;FERM. FISTULE SCLÈRE
BHGA001;02C03 17C07 21C05 22C03;02 17 21 22;non;ÉNUCLÉATION SANS INSERTION IMPLANT NI GREF.
BHGA002;02C03 17C07 21C05 22C03;02 17 21 22;non;ÉVISCÉRATION BULBE OCULAIRE SANS COMBLT CAV.
BHGA003;02C03 21C05 22C03;02 21 22;non;ÉNUCLÉATION +INSERTION 1IMPLANT HABILLÉ DS GAINE
BHGA004;02C03 21C05 22C03;02 21 22;non;ÉNUCLÉATION SANS MOBIL.
BHGA005;02C03 21C05 22C03;02 21 22;non;ÉNUCLÉATION +INSERTION 1IMPLANT NU DS GAINE BULBE
BHGA006;02C03 21C05 22C03;02 21 22;non;ÉVISCÉRATION BULBE OCULAIRE +COMBLT CAV. SCLÉRALE
BHGA007;02C03 21C05 22C03;02 21 22;non;ÉNUCLÉATION +INSERTION 1IMPLANT BIOCOLONISABLE DS
BHMA001;02C03 21C05 22C03;02 21 22;non;SUTURE LINÉAIRE PERFO. BULBE OCULAIRE +SUTURE
BHMA002;02C03 17C07 21C05 22C03;02 17 21 22;non;SUTURE NON LINÉAIRE PERFO. BULBE OCULAIRE
BHNL001;17K08 28Z10;17 28;non;CURIETHÉR. TRANSSCLÉRALE BULBE OCULAIRE
BJCA001;02C07 02C08 02C13 21C05;02 21;non;SUTURE DES MUSC. OCULOMOTEURS
BJDA001;02C07 02C08 02C13;02;non;MYOPEXIE BILAT. RÉTROÉQUATORIALE DES MUSC.
BJDA002;02C07 02C08 02C13;02;non;MYOPEXIE UNILAT. RÉTROÉQUATORIALE DES MUSC.
BJEA001;02C07 02C08 02C13;02;non;TRANSPOSITION MUSC. OCULOMOTEURS PR SUPPLÉANCE
BJEA002;02C07 02C08 02C13 21C05;02 21;non;RÉINSERTION POSTTRAUMATIQUE MUSC. OCULOMOTEUR
BJLB901;01K04;01;non;INJ. TOXINE BOTULIQUE DS LES MUSC. OCULOMOTEURS
BJMA001;02C07 02C08 02C13;02;non;RENFORCEMENT/AFFBLT MUSC. OCULOMOTEUR +SUTURE
BJMA002;02C07 02C08 02C13;02;non;RENFORCEMENT AFFBLT/DÉPLACT INSERTION 1MUSC.
BJMA003;02C07 02C08 02C13;02;non;RENFORCEMENT AFFBLT/DÉPLACT BILAT. INSERTION 1MUSC.
BJMA004;02C07 02C08 02C13;02;non;RENFORCEMENT AFFBLT/DÉPLACT INSERTION 1MUSC.
BJMA005;02C07 02C08 02C13;02;non;RENFORCEMENT AFFBLT/DÉPLACT UNILAT. INSERTION 2MUSC.
BJMA006;02C07 02C08 02C13;02;non;RENFORCT/AFFBLT/DÉPLACT INSERTION 2MUSC.
BJMA007;02C07 02C08 02C13;02;non;RENFORCEMENT AFFBLT/DÉPLACT INSERTION 4MUSC.
BJMA008;02C07 02C08 02C13;02;non;RENFORCEMENT AFFBLT/DÉPLACT ITÉRATIF INSERTION 2MUSC.
BJMA009;02C07 02C08 02C13;02;non;RENFORCEMENT AFFBLT/DÉPLACT ITÉRATIF INSERTION
BKBA001;02C03 03C16 03C17 03C29 08C28 21C05 22C03;02 03 08 21 22;non;COMBLT CAV. EXENTÉRATION ORBITE GREF. CUT.
BKCP001;02C03 21C05 22C03;02 21 22;non;FORAGE IIRE 1IMPLANT INTRAORBITAIRE PR FIXATION
BKFA001;02C03;02;non;EXÉRÈSE LÉS. ORBITE AB. LAT.
BKFA002;02C03;02;non;EXÉRÈSE LÉS. ORBITE AB. CONJ.PALP
BKFA003;02C03 17C06;02 17;non;EXÉRÈSE LÉS. ORBITE AB. CORONAL
BKFA004;02C03 21C05;02 21;non;RÉSEC. GRAISSE ORBITAIRE PR DÉCOMPR. ORBITE V.
BKGA001;02C03 21C05;02 21;non;ABL. IMPLANT ORBITAIRE APRÈS ÉNUCLÉATION
BKGA002;02C03 21C05;02 21;non;ABL. C.E ORBITE +ÉLECTROAIMANT +ORBITOTOMIE OS.
BKGA003;02C03 21C05;02 21;non;ABL. C.E ORBITE SANS ÉLECTROAIMANT +ORBITOTOMIE OS.
BKGA004;02C03 03C16 03C17 03C29 08C21 17C06 21C05 22C03;02 03 08 17 21 22;non;EXENTÉRATION ORBITE +MUSC.+/-OS +COMBLT GREF.
BKGA005;02C03 21C05;02 21;non;ABL. C.E ORBITE SANS ÉLECTROAIMANT SANS ORBITOTOMIE
BKGA006;02C03 03C16 03C17 03C29 08C21 17C06 21C05 22C03;02 03 08 17 21 22;non;EXENTÉRATION ORBITE ÉTENDUE MUSC.+/-PAROIS OS. SANS
BKGA007;02C03 08C21 17C06 21C05 22C03;02 08 17 21 22;non;EXENTÉRATION ORBITE
BKGA008;02C03 21C05;02 21;non;ABL. C.E ORBITE +ÉLECTROAIMANT SANS ORBITOTOMIE OS.
BKHA002;02C03;02;non;BIOPSIE LÉS. ORBITE AB. CONJ.PALP
BKHA003;02C03;02;non;BIOPSIE LÉS. ORBITE AB. LAT/AB. ETHMOÏDAL
BKJA001;02C03 17C07 21C05;02 17 21;non;ÉVAC. COLLECTION ORBITE
BKKP003;02C03 21C05 22C03;02 21 22;non;CHANGT IMPLANT INTRAORBITE POST ÉNUCLÉATION
BKLA001;02C03 21C05 22C03;02 21 22;non;POSE MAT. INERTE INTRAORBITAIRE PR ÉNOPHTALMIE
BKLA002;02C03 21C05 22C03;02 21 22;non;INSERTION IIRE IMPLANT INTRAORBITE POST ÉNUCLÉATION
BKLA003;02C03 21C05 22C03;02 21 22;non;POSE GREF. INTRAORBITAIRE PR ÉNOPHTALMIE
BKMA001;02C03 03C16 03C17 03C29 08C28 21C05 22C03;02 03 08 21 22;non;RECONSTR. TOT. CAV. ORBITAIRE GREF.
BKMA002;02C03 03C16 03C17 03C29 08C28 21C05 22C03;02 03 08 21 22;non;RECONSTR. ORBITOPALP MAT. INERTE+/-GREF. APRÈS
BKMA003;02C03 03C16 03C17 03C29 08C28 21C05 22C03;02 03 08 21 22;non;RECONSTR. PART. CAV. ORBITAIRE GREF.
BKMA004;02C03 03C16 03C17 03C29 08C28 21C05 22C03;02 03 08 21 22;non;RESTAUR. VOL. ORBITAIRE MAT. INERTE +/- GREF.
CAEA001;03C16 03C17 03C29 09C25 09C32 21C05 22C03;03 09 21 22;non;TRANSPOSITION LOBULE AURICULE
CAEA002;03C30 09C25 09C32 21C05 22C03;03 09 21 22;non;REPOS. AURICULE SANS ANAST. VASC.
CAEA003;03C30 09C09 09C23 21C05 22C03;03 09 21 22;non;RÉIMPLANT. AURICULE +ANAST. VASC.
CAFA001;03C30 08C21 08C61 09C09 09C23;03 08 09;non;EXÉRÈSE OREILLE EXT. ÉLARGIE AU ROCHER
CAFA002;03C30 08C21 09C25 09C32;03 08 09;non;EXÉRÈSE PART. NON TRANSFIXIANTE AURICULE
CAFA003;03C30 08C21 09C23 09C32 21C05 22C03;03 08 09 21 22;non;EXÉRÈSE AURICULE SANS EXÉRÈSE CART. MÉAT
CAFA004;03C20 08C21 09C09 09C23;03 08 09;non;EXÉRÈSE OREILLE EXT. ÉLARGIE À OREILLE MOY.
CAFA005;03C30 08C21 09C25 09C32;03 08 09;non;EXÉRÈSE PART. TRANSFIXIANTE AURICULE
CAFA006;03C30 08C21 09C25 09C32;03 08 09;non;EXCISION CHONDRITE AURICULE
CAFA007;03C30 08C21 09C23 09C32 21C05 22C03;03 08 09 21 22;non;EXÉRÈSE AURICULE +CART. MÉAT ACOUSTIQUE EXT.
CAFA008;03C26 08C21 09C09 09C23 17C06;03 08 09 17;non;EXÉRÈSE OREILLE EXT. ÉLARGIE AU ROCHER À GLD
CAFA009;03C30 09C25 09C32;03 09;non;EXÉRÈSE LÉS. OS. OBLITÉRANTE MÉAT ACOUSTIQUE EXT.
CAFA010;03C26 08C21 09C09 09C23 17C07 22C03;03 08 09 17 22;non;EXÉRÈSE OREILLE EXT. ÉLARGIE À GLD PAROTIDE +À
CAFA011;03C30 09C24 09C32;03 09;non;EXÉRÈSE PART. MÉAT ACOUSTIQUE EXT.
CAGD001;03K04;03;non;ABL. BOUCHON CÉRUMEN/C.E MÉAT ACOUSTIQUE EXT.
CAGD002;03K04;03;non;EXTR. BOUCHON ÉPIDERMIQUE MÉAT ACOUSTIQUE EXT.
CAJA002;03K04;03;non;PARAGE +/- SUTURE AURICULE
CAJD001;03K04;03;non;SOIN OREILLE EXT. SOUS MICROSCOPE
CAMA001;03C16 03C17 03C29 09C09 09C23 21C05 22C03;03 09 21 22;non;RECONSTR. TOT. AURICULE 1TEMPS
CAMA002;03C16 03C17 03C29 09C25 09C32 21C05 22C03;03 09 21 22;non;RECONSTR. TRAGUS LAMBEAU +GREF. PEAU
CAMA003;03C16 03C17 03C29 09C09 09C24 21C05 22C03;03 09 21 22;non;RECONSTR. SILLON RÉTROAURICULAIRE LAMBEAU AVANCT
CAMA004;03C16 03C17 03C29 09C09 09C25 17C07 21C05 22C03;03 09 17 21 22;non;RECONSTR. TOT. AURICULE GREF. CART. COSTAL
CAMA005;03C30 09C23 09C32 21C05 22C03;03 09 21 22;non;RÉPAR. PART. AURICULE GREF. CART. COSTAL
CAMA006;03C16 03C17 03C29 09C09 09C23 21C05 22C03;03 09 21 22;non;RECONSTR. AURICULE LAMBEAU PÉD. FASCIA TEMPORAL+GREF
CAMA007;03C16 03C17 03C29 09C25 09C32 21C05 22C03;03 09 21 22;non;CORREC. IIRE RÉS. ESTHÉTIQUE 1RECONSTR. TOT. AURICULE
CAMA008;03C21 09C25 09C32;03 09;non;PLASTIE UNILAT. OREILLE DÉCOLLÉE CAMA013      /0 PLASTIE BILAT. OREILLE DÉCOLLÉE
CAMA009;03C20 09C09 09C25;03 09;non;RECONSTR. CAE LAMBEAU+/-GREF. +TYMPAN +OSSELETS
CAMA010;03C16 03C17 03C29 09C23 09C32;03 09;non;RECONSTR. MÉAT ACOUSTIQUE EXT. LAMBEAU+/-GREF. SANS
CAMA011;03C16 03C17 03C29 09C24 09C32;03 09;non;MÉATOPLASTIE CAE
CAMA012;03C16 03C17 03C29 09C25 09C32 21C05 22C03;03 09 21 22;non;RECONSTR. TRAGUS GREF. CHONDR.CUT CONQUE CONTR.LAT
CAMA013;09C25 09C32;03 09;non;PLASTIE BILAT. OREILLE DÉCOLLÉE
CAMA014;03C16 03C17 03C29 09C09 09C23 21C05 22C03;03 09 21 22;non;RECONSTR. SILLON RÉTROAURICULAIRE LAMBEAU FASCIA
CAMA015;03C20 09C25 09C32;03 09;non;RECONSTR. CAE LAMBEAU+/-GREF. +TYMPAN +OSSELETS
CAMA016;03C20 09C09 09C23;03 09;non;RECONSTR. CAE LAMBEAU+/-GREF. +TYMPAN +OSSELETS
CAMA017;03C30 09C23 09C32 21C05 22C03;03 09 21 22;non;RÉPAR. PART. AURICULE GREF. CART. AURICULE
CAMA018;03C20 09C23 09C32;03 09;non;RECONSTR. MÉAT ACOUSTIQUE EXT. LAMBEAU+/-GREF.
CAMA019;03C30 09C24 09C32 21C05 22C03;03 09 21 22;non;RÉPAR. PART. AURICULE PUITS BOURGEONNEMENT
CAMA020;03C16 03C17 03C29 09C23 09C32;03 09;non;RECONSTR. MÉAT ACOUSTIQ EXT. LAMBEAU TEMPORAL +GREF.
CAMA021;03C30 09C25 09C32 21C05 22C03;03 09 21 22;non;RÉPAR. PART. AURICULE GREF. CHONDR.CUT
CAMA022;03C30 09C25 09C32 21C05 22C03;03 09 21 22;non;RÉPAR. PART. AURICULE LAMBEAU LOC.
CASA001;03C30 21C05;03 21;non;HÉMOSTASE IIRE À 1ACTE SUR OREILLE EXT/OREILLE MOY.
CASA002;03C16 03C17 03C29;03;non;FERM. OREILLE EXT. +OREILLE MOY. +SUTURE PORE
CBFA001;03C20;03;non;EXÉRÈSE TYMPANOSCLÉROSE SANS OUV. LABYRINTHE
CBFA002;03C20;03;non;EXÉRÈSE CHOLESTÉAT. +TYMPANOPLASTIE FERMÉE
CBFA003;03C20;03;non;EXÉRÈSE CHOLESTÉAT. +TYMPANOPLASTIE OUV.
CBFA004;03C20;03;non;EXÉRÈSE TYMPANOSCLÉROSE SANS OUV. LABYRINTHE
CBFA005;03C20;03;non;EXÉRÈSE CHOLESTÉAT. LIMITÉE AU CAISSE TYMPAN SANS
CBFA006;03C20;03;non;EXÉRÈSE CHOLESTÉAT. +TYMPANOPLASTIE FERMÉE
CBFA007;03C20;03;non;EXÉRÈSE CHOLESTÉAT. +TYMPANOPLASTIE OUV.
CBFA008;03C06 03C07;03;non;EXÉRÈSE T. NON CHOLESTÉAT. ÉTENDUE À TTES CAV.
CBFA009;03C06 03C07;03;non;EXÉRÈSE T. NON CHOLESTÉAT. ÉTENDUE À TTES CAV.
CBFA010;03C20;03;non;EXÉRÈSE T. NON CHOLESTÉAT. OREILLE MOY. LIMITÉE AU
CBFA012;03C20;03;non;EXÉRÈSE TYMPANOSCLÉROSE +RÉTABL COLUMELLAIRE
CBFA013;03C20;03;non;EXÉRÈSE TYMPANOSCLÉROSE +RÉTABL COLUMELLAIRE
CBGA001;03C16 03C17 03C29 21C05;03 21;non;ABL. C.E OREILLE MOY. +DÉCOLLT LAMBEAU TYMPANOMÉATAL
CBGA003;03C16 03C17 03C29 21C05;03 21;non;ABL. 1PROTH. AUDITIVE IMPLANTÉE/1APP. AUDITIF
CBGD001;03K04;03;non;ABL. ATT PLACE SUR TYMPAN +AG
CBJD001;03K04;03;non;SOIN OREILLE MOY. SOUS MICROSCOPE
CBKA001;03C16 03C17 03C29 21C05;03 21;non;CHANGT PROTH. OSSICULAIRE APRÈS PLATINOT.
CBLA001;03C16 03C17 03C29;03;non;POSE 1PROTH. AUDITIVE IMPLANTABLE DS OREILLE MOY.
CBLA002;03C16 03C17 03C29;03;non;POSE 1APP. AUDITIF OSTÉO-INTÉGRÉ DS OREILLE MOY. 1TEMPS
CBLD001;03C14 03C15;03;oui;POSE BILAT. ATT CBLD003      /0 POSE UNILAT. ATT
CBLD003;;03;oui;
CBMA001;03C20;03;non;OSSICULOPLASTIE
CBMA002;03C20;03;non;TYMPANOPLASTIE IIRE SUR OUV. SANS RECONSTR. CADRE
CBMA003;03C20;03;non;OSSICULOPLASTIE PR MALF. OSSICULAIRE +OUV. LABYRINTHE
CBMA004;03C20;03;non;TYMPANOPLASTIE IIRE SUR OUV. +RECONSTR. CADRE
CBMA005;03C20;03;non;OSSICULOPLAST. SANS EXPLO. MASTOÏDOATTICALE
CBMA006;03C20;03;non;OSSICULOPLASTIE PR MALF. OSSICULAIRE SANS OUV.
CBMA007;03C20;03;non;OSSICULOPLAST. +EXPLO. MASTOÏDOATTICALE
CBMA008;03C20;03;non;MYRINGOPLASTIE SANS DÉCOLLT LAMBEAU TYMPANOMÉATAL
CBMA009;03C20;03;non;MYRYNGOPLAST.+DÉCOLLT LAMBEAU SANS EXPLO.
CBMA010;03C20;03;non;OSSICULOPLASTIE PR MALF. OSSICULAIRE +OUV. LABYRINTHE
CBMA011;03C20;03;non;MYRYNGOPLAST.+DÉCOLLT LAMBEAU +EXPLO.
CBMD001;03C20;03;non;TYMPANOPLASTIE FERMÉE +TYMPANOTOMIE POST.
CBMD002;03C20;03;non;TYMPANOPLASTIE IIRE FERMÉE
CBMD003;03C20;03;non;TYMPANOPLASTIE IIRE FERMÉE +OSSICULOPLASTIE
CBPA001;03C20;03;non;DÉBLOCAGE 1ANKYLOSE OSSICULAIRE ATTICALE
CBPA002;03C20;03;non;PLATINOTOMIE SANS LASER/PLATINECTOMIE +RÉTABL. EFFET
CBPA003;03C20;03;non;PLATINOTOMIE LASER +RÉTABL. EFFET COLUMELLAIRE
CBPD001;03K04;03;non;MYRINGOTOMIE
CBQA001;03C20;03;non;EXPLO. CAISSE TYMPAN +DÉCOLLT LAMBEAU TYMPANOMÉATAL
CBQE001;03K04;03;non;EXAM. OREILLE EXT. +/- MOY. SOUS MICROSCOPE/ENDOS.
CBQE900;03K03;03;non;FIBROENDOSCOPIE OREILLE MOY. V. TUBAIRE
CCCA001;03C16 03C17 03C29;03;non;OUV. LASER +OCCLUSION CONDUIT SEMICIRCULAIRE POST.
CCCA002;03C16 03C17 03C29 17C07;03 17;non;OUV. SANS LASER +OCCLUSION CONDUIT SEMICIRCULAIRE
CCFA001;03C16 03C17 03C29 17C07;03 17;non;LABYRINTHECTOMIE AB. DIRECT
CCNB001;03C16 03C17 03C29;03;non;DESTRUC. LABYRINTHE INJ. V. TRANSTYMP.
CCPA001;03C16 03C17 03C29;03;non;DÉCOMPR. INTRALABYRINTHIQUE AB. DES FENÊTRES SANS
CCPA002;03C16 03C17 03C29;03;non;DÉCOMPR. INTRALABYRINTHIQUE AB. DES FENÊTRES LASER
CCPA003;03C16 03C17 03C29 17C07;03 17;non;DÉCOMPR/DÉRIV. SAC ENDOLYMPHATIQUE
CCRA001;03C16 03C17 03C29;03;non;ÉLECTROSTIM. OREILLE INT. +DÉCOLLT LAMBEAU
CCRD001;03C16 03C17 03C29;03;non;ÉLECTROSTIM. TRANSTYMP. OREILLE INT. +AG +ENREG.
CCSA001;03C16 03C17 03C29;03;non;FERM. FISTULE PÉRILYMPHE
CDGA001;03C16 03C17 03C29 21C05;03 21;non;ABL IMPL AUDIT ELECTRODE INTRACOCHL
CDLA002;03C18 17C07;03 17;non;POSE 1IMPLANT AUDITIF À ÉLECTRODES TR. CÉRÉB.
CDLA003;03C18 17C07;03 17;non;POSE 1IMPLANT AUDITIF À ÉLECTRODES
CDLA004;03C18;03;non;POSE 1IMPLANT AUDITIF À ÉLECTRODES EXTRACOCHLÉAIRES
CEQP006;03C16 03C17 03C29;03;non;ÉLECTROCOCHLÉOGRAPHIE +AG
DAAA001;05C06 05C07 05C08 05C09;05;non;AGRANDT 1CIV/FORAMEN BULB.VENTR THOR.TOMIE +CEC
DAAA002;05C06 05C07 05C08 05C09 15C03 17C06;05 17;non;PLASTIE AGRANDT INFUNDIB. PULM. +SECTION ANNEAU
DAAA003;05C06 05C07 05C08 05C09 17C06;05 17;non;PLASTIE AGRANDT INFUNDIBULUM PULM. THOR.TOMIE
DAAF001;05C02 05C04 05K12 05K22 05K23 05K24 05K25 05K26;05;non;DILAT. INTRALUMINALE V. ÉJECTION VENTR. DT +TR. A.P V.V
DAAF002;05C02 05C04 05K12 05K22 05K23 05K24 05K25 05K26;05;non;DILAT. INTRALUMINALE V. ÉJECTION INFRAAORTIQUE
DAAF003;05C02 05C04 05K12 05K22 05K23 05K24 05K25 05K26;05;non;AGRANDT 1CIA V.V
DACA001;05C06 05C07 05C08 05C09 17C07 21C05;05 17 21;non;SUTURE COEUR THOR.TOMIE SANS CEC
DAFA001;05C06 05C07 05C08 05C09 17C06;05 17;non;EXÉRÈSE 1DIVERTIC. COEUR THOR.TOMIE SANS CEC
DAFA002;05C06 05C07 05C08 05C09;05;non;RÉSEC/CONSOLIDATION 1IDM THOR.TOMIE SANS CEC
DAFA003;05C06 05C07 05C08 05C09 17C06;05 17;non;RÉSEC. 1ANÉVR. PAROI VENTR. COEUR THOR.TOMIE +CEC
DAFA005;05C06 05C07 05C08 05C09 17C06;05 17;non;EXÉRÈSE 1T. COEUR THOR.TOMIE SANS CEC
DAFA006;05C06 05C07 05C08 05C09 17C06;05 17;non;RÉSEC. BOURRELET MUSC. INFRAAORTIQUE PR C.M.O
DAFA007;05C06 05C07 05C08 05C09 17C06;05 17;non;RÉSEC. MUSC. CARD. VENTR. THOR.TOMIE +CEC
DAFA008;05C06 05C07 05C08 05C09;05;non;RÉSEC/CONSOLIDATION 1IDM THOR.TOMIE +CEC
DAFA009;05C06 05C07 05C08 05C09 17C06;05 17;non;EXÉRÈSE 1T. COEUR THOR.TOMIE +CEC
DAFA010;05C06 05C07 05C08 05C09 17C06;05 17;non;RÉSEC. 1STÉNOSE CONG. INFRAORIFICIELLE AORT.
DAGA001;05C06 05C07 05C08 05C09 17C06 21C05;05 17 21;non;ABL. C.E/EXÉRÈSE VÉGÉTATION/CAILLOT INTRACARDIAQUE
DAGA002;05C06 05C07 05C08 05C09 17C06 21C05;05 17 21;non;ABL. ÉLECTRODE INTRACARDIAQUE
DAGF001;05C02 05C04 05K12 05K22 05K23 05K24 05K25 05K26;05;non;ABL. C.E INTRACARDIAQUE/INTRAVASCULAIRE
DAHF001;05C02 05C04 05K10 05K15;05;non;BIOPSIE ENDOCARDE +MYOCARDE VASC.TRANSCUT.
DAMA003;05C06 05C07 05C08 05C09 17C06;05 17;non;CRÉATION 1CIA THOR.TOMIE
DAMA005;05C06 05C07 05C08 05C09 17C06;05 17;non;CORREC 1MALF. STÉNOSANTE INTRAATRIALE CONG.
DAMA900;05C06 05C07 05C08 05C09;05;non;CARD.PLAST SUBSTITUTION VENTR. THOR.TOMIE +CEC
DAMA901;05C06 05C07 05C08 05C09;05;non;CARD.PLAST SUBSTITUTION VENTR. THOR.TOMIE SANS
DAMF001;05C02 05C04 05K12 05K22 05K23 05K24 05K25 05K26;05;non;CRÉATION 1CIA V.V
DAPA001;05C06 05C07 05C08 05C09 17C06;05 17;non;INTERRUPTION CONDUIT ART. THOR.TOMIE SANS CEC
DAPC001;05C06 05C07 05C08 05C09 17C06;05 17;non;INTERRUPTION CONDUIT ART. THOR.SCOPIE SANS CEC
DASA001;05C06 05C07 05C08 05C09 15C03 17C06;05 17;non;FERM. 1CIV +POSE 1CONDUIT EXTRACARD. THOR.TOMIE
DASA002;05C06 05C07 05C08 05C09 17C06;05 17;non;FERM. 1CAV SANS GESTE SUR SEPTUM THOR.TOMIE +CEC
DASA003;05C06 05C07 05C08 05C09 15C03 17C06;05 17;non;FERM. 1CIA THOR.TOMIE +CEC
DASA004;05C06 05C07 05C08 05C09 15C03;05;non;FERM. 1CIV PR DISCORDANCE AV +GROS VSSX
DASA006;05C06 05C07 05C08 05C09 17C07;05 17;non;FERM. 1RUPTURE SEPTUM IV CARD. THOR.TOMIE +CEC
DASA007;05C06 05C07 05C08 05C09 15C03;05;non;FERM. 1CIV +STÉNOSE AORT. +COMMISSUROT THOR.TOMIE
DASA008;05C06 05C07 05C08 05C09 15C03 17C06;05 17;non;FERM. 1CAV +GESTE SUR SEPTUM THOR.TOMIE +CEC
DASA009;05C06 05C07 05C08 05C09 15C03 17C06;05 17;non;FERM. 1CIV +STÉNOSE AORT. THOR.TOMIE +CEC
DASA010;05C06 05C07 05C08 05C09 15C03 17C06;05 17;non;FERM. CIV +RÉSEC. MUSC. CARD. VENTR. THOR.TOMIE
DASA011;05C06 05C07 05C08 05C09 15C03 17C06;05 17;non;FERM. CIV THOR.TOMIE +CEC
DASA012;05C06 05C07 05C08 05C09 15C03 17C06;05 17;non;FERM. 1CIV SANS POSE 1CONDUIT EXTRACARD.
DASA013;05C06 05C07 05C08 05C09 15C03 17C06;05 17;non;FERM. CAV +ITV SUR SEPTUM +CORREC STÉNOSE V. PULM.
DASA014;05C06 05C07 05C08 05C09 15C03 17C06;05 17;non;FERM. 1CIV +RÉSEC. MUSC. CARD. VENTR. THOR.TOMIE
DASF001;05K12 05K22 05K23 05K24 05K25 05K26;05;non;FERM. CONDUIT ART. VASC.TRANSCUT.
DASF002;05C02 05C04 05K12 05K22 05K23 05K24 05K25 05K26;05;non;FERM. 1DÉHISCENCE 1PROTH. CLOISNT INTRAATRIAL
DASF003;05C02 05C04 05K12 05K22 05K23 05K24 05K25 05K26;05;non;FERM. CIV V.V
DASF004;05C02 05C04 05K12 05K22 05K23 05K24 05K25 05K26;05;non;FERM. 1CIA V.V
DASF005;05C02 05C04 05K12 05K22 05K23 05K24 05K25 05K26;05;non;FERM FORAMEN OVALE, CATHE VEIN
DASF074;05C02 05C04 05K12 05K22 05K23 05K24 05K25 05K26;05;non;FERM AURICUL G DISPOSIT VOIE VEIN + TRANSSEPT + GUID
DBAF001;05C02 05C04 05K12 05K22 05K23 05K24 05K25 05K26;05;non;DILAT. AORT. CATHÉ ART.
DBAF002;05C02 05C04 05K12 05K22 05K23 05K24 05K25 05K26;05;non;DILAT. PULM. SANS PERFO. VALVE ATRÉSIQUE V.V
DBAF003;05C02 05C04 05K12 05K22 05K23 05K24 05K25 05K26;05;non;DILAT. ATRIOVENTR. DT V.V
DBAF004;05C02 05C04 05K12 05K22 05K23 05K24 05K25 05K26;05;non;DILAT. MITRALE V.V +PERFO. SEPTUM I.A
DBAF005;05C02 05C04 05K12 05K22 05K23 05K24 05K25 05K26;05;non;DILAT. PULM. +PERFO. VALVE ATRÉSIQUE V.V
DBBF198;05C02 05C04 05K12 05K22 05K23 05K24 05K25 05K26;05;non;RÉTRÉCIS ORIF AV G DISPOSIT VOIE VEIN + TRANSSEPT +
DBEA001;05C02 05C03 05C06 05C07 15C03 17C06;05 17;non;RÉINSERTION 1PROTH. ORIFICIELLE CARD. THOR.TOMIE
DBFA001;05C06 05C07 05C08 05C09 17C06;05 17;non;RÉSEC. 1FIBROSE ENDOCARDIQUE THOR.TOMIE +CEC
DBFA002;05C06 05C07 05C08 05C09 17C06;05 17;non;THROMBECTOMIE PROTH. ORIFICIELLE CARD. THOR.TOMIE
DBKA001;05C02 05C03 05C06 05C07 15C03 17C06;05 17;non;REMPLT VALVE AORT. HOMOGREFFE THOR.TOMIE +CEC
DBKA002;05C02 05C03 05C06 05C07 15C03 17C06;05 17;non;REMPLT VALVE MITRALE PROTH. POSITION NON ANAT.
DBKA003;05C02 05C03 05C06 05C07 15C03 17C06;05 17;non;REMPLT VALVE AORT. BIOPROTH. SANS ARMATURE
DBKA004;05C02 05C03 05C06 05C07 15C03 17C06;05 17;non;REMPLT VALVE TRICUSPIDE PROTH. THOR.TOMIE +CEC
DBKA005;05C02 05C03 05C06 05C07 15C03 17C06;05 17;non;REMPLT VALVE MITRALE HOMOGREFFE THOR.TOMIE +CEC
DBKA006;05C02 05C03 05C06 05C07 15C03 17C06;05 17;non;REMPLT VALVE AORT. PROTH. THOR.TOMIE +CEC
DBKA007;05C02 05C03 05C06 05C07 15C03 17C06;05 17;non;REMPLT VALVE PULM. PROTH. THOR.TOMIE +CEC
DBKA008;05C02 05C03 05C06 05C07 15C03 17C06;05 17;non;REMPLT VALVE TRICUSPIDE HOMOGREFFE THOR.TOMIE
DBKA009;05C02 05C03 05C06 05C07 15C03 17C06;05 17;non;REMPLT VALVE AORT. +VALVE MITRALE PROTH.
DBKA010;05C02 05C03 05C06 05C07 15C03 17C06;05 17;non;REMPLT VALVE MITRALE PROTH. THOR.TOMIE +CEC
DBKA011;05C02 05C03 05C06 05C07 15C03 17C06;05 17;non;REMPLT VALVE AORT. PROTH. POSITION NON ANAT.
DBKA012;05C02 05C03 05C06 05C07 15C03 17C06;05 17;non;REMPLT VALVE PULM. HOMOGREFFE/BIOPROTH. SANS
DBLA001;05C06 05C07 05C08 05C09 15C03 17C06;05 17;non;POSE 1TUBE VALVÉ/NON ENTRE 1VENTR. +A.P THOR.TOMIE
DBLA002;05C06 05C07 05C08 05C09 15C03 17C06;05 17;non;POSE 1TUBE VALVÉ ENTRE 1VENTR. +AORT. THOR.TOMIE
DBLA003;05C06 05C07 05C08 05C09 15C03;05;non;POSE 1TUBE VALVÉ ENTRE VENTR. GCHE +AORT.
DBLA004;05C06 05C07 05C08 05C09 17C06;05 17;non;POSE BIOPROTH. VALVE AORT. AB. APEX COEUR THOR.TOMIE
DBLF001;05K21;05;non;POSE BIOPROTH. VALVE AORT. CATHÉ ART. DBLF009      /0 BIOPROTHÈSE VALVE PULMONAIRE PAR VOIE VEINEUSE
DBLF009;;05;non;
DBMA001;05C02 05C03 05C06 05C07 15C03 17C06;05 17;non;ANNULOPLAST. AORT. +REMPLT VALVE THOR.TOMIE +CEC
DBMA002;05C06 05C07 05C08 05C09 17C06;05 17;non;VALV.PLAST MITRALE THOR.TOMIE +CEC
DBMA003;05C06 05C07 05C08 05C09 17C06;05 17;non;ANNULOPLASTIE MITRALE THOR.TOMIE +CEC
DBMA004;05C02 05C03 05C06 05C07 15C03 17C06;05 17;non;TRANSFERT VALVE PULM POSITION AORT.+RECONSTR V. PULM
DBMA005;05C02 05C03 05C06 05C07 15C03 17C06;05 17;non;RECONSTR. ANNEAU MITRALE +REMPLT VALVE HOMOGREFFE
DBMA006;05C02 05C03 05C06 05C07 15C03 17C06;05 17;non;RECONSTR. ANNEAU AORT +REMPLT VALVE BIOPROTH
DBMA007;05C02 05C03 05C06 05C07 15C03 17C06;05 17;non;RECONSTR. ANNEAU MITRALE +VALV.PLAST THOR.TOMIE +CEC
DBMA008;05C06 05C07 05C08 05C09 17C06;05 17;non;ANNULOPLASTIE TRICUSPIDE THOR.TOMIE +CEC
DBMA009;05C02 05C03 05C06 05C07 15C03 17C06;05 17;non;RECONSTR. ANNEAU AORT. +REMPLT VALVE PROTH.
DBMA010;05C02 05C03 05C06 05C07 15C03;05;non;RECONSTR. ANNEAU AORT. +REMPLT VALVE HOMOGREFFE
DBMA011;05C06 05C07 05C08 05C09 17C06;05 17;non;VALV.PLAST AORT. THOR.TOMIE +CEC
DBMA012;05C06 05C07 05C08 05C09 17C06;05 17;non;VALV.PLAST TRICUSPIDE THOR.TOMIE +CEC
DBMA013;05C02 05C03 05C06 05C07 15C03 17C06;05 17;non;RECONSTR. ANNEAU MITRALE +REMPLT VALVE PROTH.
DBMA015;05C02 05C03 05C06 05C07 15C03 17C06;05 17;non;RECONSTR. AORT. ANNOPLAST +OUV. INFUNDIB. PULM +VALVE
DBPA001;05C06 05C07 05C08 05C09 17C06;05 17;non;COMMISSUROTOMIE/VALVECTOMIE PULM. +FERM. 1CIA
DBPA002;05C06 05C07 05C08 05C09;05;non;COMMISSUROTOMIE/VALVECTOMIE TRICUSPIDE THOR.TOMIE
DBPA003;05C06 05C07 05C08 05C09;05;non;COMMISSUROTOMIE/VALVECTOMIE PULM. THOR.TOMIE +CLAMP
DBPA004;05C06 05C07 05C08 05C09 17C06;05 17;non;COMMISSUROTOMIE/VALVECTOMIE PULM. THOR.TOMIE +CEC
DBPA005;05C06 05C07 05C08 05C09;05;non;COMMISSUROTOMIE VALVE MITRALE THOR.TOMIE SANS CEC
DBPA006;05C06 05C07 05C08 05C09 17C07;05 17;non;COMMISSUROTOMIE VALVE MITRALE THOR.TOMIE +CEC
DBPA007;05C06 05C07 05C08 05C09 15C03 17C06;05 17;non;COMMISSUROTOMIE VALVE AORT. THOR.TOMIE +CEC
DBSF001;05C02 05C04 05K12 05K22 05K23 05K24 05K25 05K26;05;non;FERM. 1DÉHISCENCE DÉSINSERTION PROTH. ORIFICIELLE
DCFA001;04C02 05C06 05C07 05C08 05C09 17C06 21C05;04 05 17 21;non;PÉRICARDECTOMIE PART. THOR.TOMIE
DCJA001;04C02 05C06 05C07 05C08 05C09 17C06 21C05;04 05 17 21;non;DRAINAGE 1COLLECTION PÉRICARDE THOR.TOMIE/AB.
DCMA001;04C02 05C06 05C07 05C08 05C09 17C06 21C05;04 05 17 21;non;CRÉATION 1FENÊTRE PÉRICARDOPÉRITONÉALE AB.
DCMC001;04C04 05C06 05C07 05C08 05C09 17C06 21C05;04 05 17 21;non;CRÉATION 1FENÊTRE PÉRICARDOPLEURALE THOR.SCOPIE
DDAA002;05C06 05C07 05C08 05C09 17C06;05 17;non;ANGIO.PLAST ÉLARGT TR. COMMUN ART. CORONAIRE GCHE
DDAF001;05C02 05C04 05K12 05K22 05K23 05K24 05K25 05K26;05;non;ANGIOPLAST.1CORON. SANS STENT CATHÉ ART.
DDAF003;05C02 05C04 05K05 05K06;05;non;ANGIOPLAST. 3CORON. +STENT CATHÉ ART.
DDAF004;05C02 05C04 05K05 05K06;05;non;ANGIOPLAST. 2CORON. +STENT CATHÉ ART.
DDAF006;05C02 05C04 05K05 05K06;05;non;ANGIOPLAST.1CORON. +STENT CATHÉ ART.
DDAF007;05C02 05C04 05K05 05K06;05;non;ANGIOPLAST. 2CORON. +CORO. +STENT CATHÉ ART.
DDAF008;05C02 05C04 05K05 05K06;05;non;ANGIOPLAST.1CORON. +CORO. +STENT CATHÉ ART.
DDAF009;05C02 05C04 05K05 05K06;05;non;ANGIOPLAST. 3CORON. +CORO. +STENT CATHÉ ART.
DDAF010;05C02 05C04 05K12 05K22 05K23 05K24 05K25 05K26;05;non;ANGIOPLAST.1CORON. +CORO. SANS STENT CATHÉ ART.
DDEA001;05C06 05C07 05C08 05C09 15C03 17C06;05 17;non;RÉIMPLANT. 1ART. CORONAIRE PR ANOM. CONG. ORIGINE
DDFF001;05C02 05C04 05K12 05K22 05K23 05K24 05K25 05K26;05;non;ATHÉRECTOMIE INTRALUMINALE ART. CORONAIRE MÉTHODE
DDFF002;05C02 05C04 05K12 05K22 05K23 05K24 05K25 05K26;05;non;ATHÉRECTOMIE CORONAIRE MÉTHODE DIRECTIONNELLE
DDLF001;05K12 05K22 05K23 05K24 05K25 05K26;05;non;INJ IN SITU AGT PHARMAC INTRACORON REDUC SEPT
DDMA003;05C04 05C05 05C06 05C07 15C03 17C06;05 17;non;PONTAGE CORON 3ART.+ANASTOMOSES DIST. THOR.TOMIE
DDMA004;05C04 05C05 05C06 05C07 15C03 17C06;05 17;non;PONTAGE CORON GREF. VN +4ANAST. DIST. THOR.TOMIE
DDMA005;05C04 05C05 05C06 05C07 15C03 17C06;05 17;non;PONTAGE CORON 2ART.+1V.+ANASTOMOSES DIST.
DDMA006;05C04 05C05 05C06 05C07 15C03 17C06;05 17;non;PONTAGE CORON 2ART.+3ANAST. DIST. THOR.TOMIE +CEC
DDMA007;05C04 05C05 05C06 05C07 15C03 17C06;05 17;non;PONTAGE CORON GREF. VN +1ANAST. DIST. THOR.TOMIE
DDMA008;05C04 05C05 05C06 05C07 15C03 17C06;05 17;non;PONTAGE CORON 2GREF. ART. +4ANAST. DIST. THOR.TOMIE
DDMA009;05C04 05C05 05C06 05C07 15C03 17C06;05 17;non;PONTAGE CORON 2ART.+1V. >3ANAST. DIST. THOR.TOMIE
DDMA011;05C04 05C05 05C06 05C07 15C03 17C06;05 17;non;PONTAGE CORON 1GREF. ART. +GREF. VN +2ANAST. DIST.
DDMA012;05C04 05C05 05C06 05C07 15C03 17C06;05 17;non;PONTAGE CORON 3GREF. ART. +GREF. VN +4ANAST. DIST.
DDMA013;05C04 05C05 05C06 05C07 15C03 17C06;05 17;non;PONTAGE CORON 3GREF. ART. +4ANAST. DIST. THOR.TOMIE
DDMA015;05C04 05C05 05C06 05C07 15C03 17C06;05 17;non;PONTAGE CORON 1GREF. ART. +1ANAST. DIST. THOR.TOMIE
DDMA016;05C04 05C05 05C06 05C07 15C03 17C06;05 17;non;PONTAGE CORON GREF. VN +3ANAST. DIST. THOR.TOMIE +CEC
DDMA017;05C04 05C05 05C06 05C07 15C03 17C06;05 17;non;PONTAGE CORON 1GREF. ART. +2ANAST. DIST. THOR.TOMIE
DDMA018;05C04 05C05 05C06 05C07 15C03 17C06;05 17;non;PONTAGE CORON 1GREF. ART. +GREF. VN +3ANAST. DIST.
DDMA019;05C04 05C05 05C06 05C07 15C03 17C06;05 17;non;PONTAGE CORON GREF. VN +2ANAST. DIST. THOR.TOMIE +CEC
DDMA020;05C04 05C05 05C06 05C07 15C03 17C06;05 17;non;PONTAGE CORON 2GREF. ART. +2ANAST. DIST. THOR.TOMIE
DDMA021;05C04 05C05 05C06 05C07 15C03 17C06;05 17;non;PONTAGE CORON 1GREF. ART. +GREF. VN +4ANAST. DIST.
DDMA022;05C04 05C05 17C06;05 17;non;PONTAGE CORON 2ART.+1V.+ANASTOMOSES DIST. THOR.TOMIE
DDMA023;05C04 05C05 17C06;05 17;non;PONTAGE CORON 1GREF. ART. +2ANAST. DIST. THOR.TOMIE
DDMA024;05C04 05C05 17C06;05 17;non;PONTAGE CORON GREF. VN +2ANAST. DIST. THOR.TOMIE SANS
DDMA025;05C04 05C05 17C06;05 17;non;PONTAGE CORON 1GREF. ART. +1ANAST. DIST. THOR.TOMIE
DDMA026;05C04 05C05 17C06;05 17;non;PONTAGE CORON 2GREF. ART. +2ANAST. DIST. THOR.TOMIE
DDMA027;05C04 05C05 17C06;05 17;non;PONTAGE CORON GREF. VN +3ANAST. DIST. THOR.TOMIE SANS
DDMA028;05C04 05C05 17C06;05 17;non;PONTAGE CORON GREF. VN +1ANAST. DIST. THOR.TOMIE
DDMA029;05C04 05C05 17C06;05 17;non;PONTAGE CORON 1GREF. ART. +GREF. VN +3ANAST. DIST.
DDMA030;05C04 05C05 17C06;05 17;non;PONTAGE CORON 3ART.+ANASTOMOSES DIST. THOR.TOMIE
DDMA031;05C04 05C05 17C06;05 17;non;PONTAGE CORON 2ART.+3ANAST. DIST. THOR.TOMIE SANS
DDMA032;05C04 05C05 17C06;05 17;non;PONTAGE CORON 1GREF. ART. +GREF. VN +2ANAST. DIST.
DDMA033;05C04 05C05 17C06;05 17;non;PONTAGE CORON 2GREF. ART. +4ANAST. DIST. THOR.TOMIE
DDMA034;05C04 05C05 17C06;05 17;non;PONTAGE CORON 2ART.+1V. >3ANAST. DIST. THOR.TOMIE
DDMA035;05C04 05C05 17C06;05 17;non;PONTAGE CORON 3GREF. ART. +4ANAST. DIST. THOR.TOMIE
DDMA036;05C04 05C05 17C06;05 17;non;PONTAGE CORON 3GREF. ART+GREF. VN +4ANAST. DIST.
DDMA037;05C04 05C05;05;non;PONTAGE CORON GREF. VN +4ANAST. DIST. THOR.TOMIE
DDMA038;05C04 05C05 17C06;05 17;non;PONTAGE CORON 1GREF. ART. +GREF. VN +4ANAST. DIST.
DDNF240;05K05 05K06;05;non;LITHOTRITIE INTRALUM ARTÈRE COR + ENDOPROTH, VOIE
DDNF775;05K05 05K06;05;non;LITHOTR INTRALUM ART COR + ARTÉRIOGRAPH COR, +
DDPF002;05C02 05C04 05K05 05K06;05;non;RECANAL CORON+ENDOPROTH, CATHE ART
DDQH006;05C02 05C04 05K10 05K15;05;non;ANGIO. PONTAGE CORONAIRE CATHÉ ART.
DDQH009;05C02 05C04 05K10 05K15;05;non;CORO. SANS VENTR.GRAPH GCHE CATHÉ ART.
DDQH010;05C02 05C04 05K10 05K15;05;non;CORO. +VENTR.GRAPH GCHE +ARTÉRIO THOR. INT. CATHÉ ART.
DDQH011;05C02 05C04 05K10 05K15;05;non;CORO. +ANGIO. 1PONTAGE CORONAIRE +VENTR.GRAPH GCHE
DDQH012;05C02 05C04 05K10 05K15;05;non;CORO. +VENTR.GRAPH GCHE CATHÉ ART.
DDQH013;05C02 05C04 05K10 05K15;05;non;CORO+ANGIO. PLUS. PONTAGES CORONAIRES SANS
DDQH014;05C02 05C04 05K10 05K15;05;non;CORO. +ANGIO. 1PONTAGE CORONAIRE SANS VENTR.GRAPH
DDQH015;05C02 05C04 05K10 05K15;05;non;CORO. +ANGIO. PLUS. PONTAGES CORONAIRES +VENTR.GRAPH
DDSA001;05C06 05C07 05C08 05C09 17C06;05 17;non;FERM. FISTULE CORONAROCARDIAQUE THOR.TOMIE +CEC
DDSA002;05C06 05C07 05C08 05C09;05;non;FERM. FISTULE CORONAROCARDIAQUE THOR.TOMIE SANS CEC
DDSF001;05C02 05C04 05K12 05K22 05K23 05K24 05K25 05K26;05;non;EMBOL/FERM. 1FISTULE/1ANÉVR. CORONAIRE VASC.TRANSCUT.
DEEA001;05C20 21C05;05 21;oui;REPOS SC GÉNÉRATEUR IMPLANTABLE STIMUL /
DEEF001;05C02 05C04 05K12 05K22 05K23 05K24 05K25 05K26;05;non;REPOS. SONDE STIMUL. CARD. V.V
DEEF002;05C02 05C04 05K12 05K22 05K23 05K24 05K25 05K26;05;non;REPOS. SONDE DÉFIBRILLATION CARD. V.V
DEFA001;05C06 05C07 05C08 05C09 17C06;05 17;non;EXÉRÈSE/DESTRUC. FOYER ARYTHMOGÈNE TACHYCARDIE
DEFA002;05C06 05C07 05C08 05C09 17C06;05 17;non;DESTRUC. FOYER ARYTHMOGÈNE THOR.TOMIE +CEC
DEGA002;05C20 17C06 21C05;05 17 21;non;ABL. ÉLECTRODE ÉPICARDIQUE DÉFINITIVE THOR.TOMIE
DEGA003;05C20 21C05;05 21;oui;ABL GÉNÉRATEUR STIMUL / DÉFIBRILLATION CARD
DEGF001;05K12 05K22 05K23 05K24 05K25 05K26;05;non;ABL. 1SONDE STIMUL/DÉFIBRILLATION CARD. +UTIL.
DEGF002;05K12 05K22 05K23 05K24 05K25 05K26;05;non;ABL. PLUS. SONDES STIMUL. CARD. SANS UTIL. DISPOSITIF
DEGF003;05K12 05K22 05K23 05K24 05K25 05K26;05;non;ABL. PLUS. SONDES STIMUL. CARD. +UTIL. DISPOSITIF
DEGF004;05K12 05K22 05K23 05K24 05K25 05K26;05;non;ABL. 1SONDE STIMUL/DÉFIBRILLATION CARD. SANS
DEGF005;05K12 05K22 05K23 05K24 05K25 05K26;05;non;ABL. 1SONDE DÉFIBRILLATION+SONDE STIMUL CARD+UTIL
DEGF006;05K12 05K22 05K23 05K24 05K25 05K26;05;non;ABL. SONDE DÉFIBRILLATION+SONDE STIMUL. CARD SANS
DEGF207;05C20 21C05;05 21;oui;ABLAT STIM CARD DÉF IMPLANTÉ DANS VD PAR VOIE VEINEUSE
DEKA001;05C22 21C05;05 21;oui;CHANGT GÉNÉRATEUR SC STIMUL CARD IMPLANTABLE
DEKA002;05C19 21C05;05 21;oui;CHANGT GÉNÉRATEUR SC  DÉFIBRILLATION CARD
DELA001;05C14 05C15 17C06;05 17;oui;IMPLANT SC STIMUL CARD  + PLSRS ÉLECTRODES ÉPIC
DELA003;05C14 05C15 17C06;05 17;oui;IMPLANT SC STIMUL CARD + 1 ÉLECTRODE ÉPIC DÉFINITIVE
DELA004;05C19 17C06;05 17;oui;IMPLANT SC DÉFIBRILLATEUR AUTO  ÉLECTRODE
DELA006;05C14 05C15;05;oui;IMPLANT SC GÉNÉRATEUR STIMUL CARD
DELA007;05C19 17C06;05 17;oui;IMPLANT SC GÉNÉRATEUR DÉFIBRILLATION CARD
DELF001;05C14 05C15 17C07;05 17;oui;IMPLANT SC STIMUL CARD DÉFINITIF 2 SONDES VEINE
DELF005;05C14 05C15 17C07;05 17;oui;IMPLANT SC 1STIMUL CARD DÉFINITIF 2 SONDES OD +VD VV
DELF006;05C02 05C04 05K12 05K22 05K23 05K24 05K25 05K26;05;non;POSE SONDES STIMUL TEMP V.V
DELF007;05C14 05C15 17C07;05 17;oui;IMPLANT SC STIMUL CARD DÉFINITIF 1 SONDE OD / VD VV
DELF010;05C14 05C15 17C07;05 17;oui;IMPLANT SC STIMUL CARD DÉFINITIF 1 SONDE UNQUE OD +
DELF011;05C02 05C04 05K12 05K22 05K23 05K24 05K25 05K26;05;non;POSE 1SONDE VENTR. DTE PR STIMUL. CARD. TEMP. V.V
DELF012;05C14 05C15 17C07;05 17;oui;IMPLANT SC STIMUL CARD DÉFINITIF 1 SONDE VEINE CARD
DELF013;05C19 17C07;05 17;oui;IMPLANT SC DÉFIBRILLATEUR AUTO 1 SONDE V D VV
DELF014;05C19 17C07;05 17;oui;IMPLANT SC DÉFIBRILLA AUTO 3 SONDES OD + SINUS
DELF015;05C14 05C15 17C07;05 17;oui;IMPLANT SC STIMUL CARD DÉF 3 SONDES VEINE CARD G + OD +
DELF016;05C19 17C07;05 17;oui;IMPLANT SC DÉFIBRILLATEUR AUTO SANS FCT ATRIALE
DELF017;05C02 05C04 05K12 05K22 05K23 05K24 05K25 05K26;05;non;POSE 1SONDE SUPPLÉMENTAIRE STIMUL. CARD. V.V
DELF018;05C02 05C04 05K12 05K22 05K23 05K24 05K25 05K26;05;non;POSE 1SONDE SUPPLÉMENTAIRE DÉFIBRILLATION CARD. V.V
DELF019;05C02 05C04 05K12 05K22 05K23 05K24 05K25 05K26;05;non;POSE PLUS. SONDES SUPPLÉMENTAIRES STIMUL. CARD. V.V
DELF020;05C19 17C07;05 17;oui;IMPLANT SC DÉFIBRILLATEUR AUTO 2 SONDES VD + VEINE CARD
DELF086;05C19 17C07;05 17;oui;IMPLANT SC D'UN DÉFIBRILLAT AVEC POSE D'UNE SONDE SSCUT
DELF223;05C14 05C15 17C07;05 17;oui;IMPLANT STIM CARD DÉF DANS VD PAR VOIE VEINEUSE
DELF900;05C19 17C06;05 17;oui;IMPLANT SC DÉFIBRILLATEUR AUTO +FCT ATRIALE 2SONDES OD
DELF901;05C14 05C15 17C06;05 17;oui;IMPLANT SC STIMUL CARD DÉF 2 SONDES SINUS COR+VEINE
DELF902;05C14 05C15 17C06;05 17;oui;IMPLANT SC STIMUL CARD DÉFINITIF 3 SONDES SINUS CORO-OG
DELF903;05C14 05C15 17C06;05 17;oui;IMPLANT SC STIMUL CARD DÉFINITIF 3 SONDES OD + OG + VD VV
DELF904;05C14 05C15 17C06;05 17;oui;IMPLANT STIMUL CARD DÉFINITIF +3SONDES 2SINUS
DELF905;05C14 05C15 17C06;05 17;oui;IMPLANT SC STIM CARD DÉF 4 SNDES OD + VD + SINUS COR + V
DENF014;05C02 05C04 05K19;05;non;DESTRUC 1 FOYER ARYTHM ATRIAL+CRT RFRQ, CATHE
DENF015;05C02 05C04 05K20;05;non;DESTRUC 1 FOYER/IRPT CRC ARYTHM VENTRIC+CRT RFRQ,
DENF017;05C02 05C04 05K20;05;non;DESTRUC 1 FOYER ARYTHM ATRIAL +CRT RFRQ, CATHE VEIN
DENF018;05C02 05C04 05K19;05;non;DESTRUCT PLUS. FOYER ARYTHM ATRIAL+CRT RFRQ, CATHE
DENF021;05C02 05C04 05K20;05;non;DESTRUCT PLUS. FOYER ARYTHM ATRIAL +CRT RFRQ, CATHE
DENF035;05C02 05C04 05K19;05;non;DESTRUC PLUS. FOYER/IRPT PLUS. CRC ARYTHM
DEPF004;05C02 05C04 05K20;05;non;IRPT CPLT DE PLUS. V. ACCESS CDCT CARD+CRT RFRQ,
DEPF005;05C02 05C04 05K20;05;non;IRPT CPLT V. ACCESS CONDUCT CARD+CRT RFRQ, CATHE
DEPF006;05C02 05C04 05K20;05;non;IRPT CPLT TISSU NODAL JCT A.V.+CRT RFRQ, CATHE VEIN
DEPF010;05C02 05C04 05K20;05;non;INTERRUPT VOIE LENTE/RAPIDE JCT A.V. +  RFRQ   / CRYO
DEPF012;05C02 05C04 05K20;05;non;INTERRUPT CPLT CRC ARYTHM ISTH CAVOTRIC RFRQ  /
DEPF014;05C02 05C04 05K19;05;non;IRPT CPLT CRC ARYTHM DH ISTH CAVOTRIC+CRT RFRQ,
DEPF025;05C02 05C04 05K20;05;non;IRPT CPLT CRC ARYTHM DH ISTH CAVOTRIC+CRT RFRQ,
DEPF033;05C02 05C04 05K19;05;non;INTERRUPT CPLT CRC ARYTHM OST V PULM RFRQ  / CRYO
DEQF001;05C02 05C04 05K10 05K15;05;non;ECG INTRACAV. +PROVOC TACHYCARDIE À ÉTAGE VENTR.
DEQF002;05C02 05C04 05K10 05K15;05;non;ECG INTRACAV. +PROVOC TACHYCARDIE À ÉTAGE ATRIAL
DEQF003;05C02 05C04 05K10 05K15;05;non;ECG INTRACAV.
DEQF004;05C02 05C04 05K10 05K15;05;non;ECG INTRACAV. +PROVOC TACHYCARDIE À ÉTAGE ATRIAL
DEQF005;05C02 05C04 05K10 05K15;05;non;ECG INCTRACAV SONDES DTE+GCHE VASC.TRANSCUT.
DERF001;05C02 05C04 05K12 05K22 05K23 05K24 05K25 05K26;05;non;CHOC ÉLECTRIQUE CARD. À BASSE ÉNERGIE
DERF002;05C02 05C04 05K12 05K22 05K23 05K24 05K25 05K26;05;non;CHOC ÉLECTRIQUE CARD. À HTE ÉNERGIE
DERF003;05C02 05C04 05K20;05;non;STIMUL. TEMP. PR TSV
DERF004;05C02 05C04 05K20;05;non;STIMUL. ÉLECTRIQUE TEMP. OREILLETTE +/- VENTR. PR TV
DERP005;05K12 05K22 05K23 05K24 05K25 05K26;05;non;STIMUL. CARD. TEMP. TRANSCUT.
DFAA002;05C06 05C07 05C08 05C09 15C03 17C06;05 17;non;ANGIOPLAST PR STÉNOSE CONG. 1BRANCHE AP THOR.TOMIE
DFAA003;05C06 05C07 05C08 05C09 15C03 17C06;05 17;non;ANGIOPLAST PR STÉNOSE CONG. TR. A.P THOR.TOMIE +CEC
DFAA004;05C06 05C07 05C08 05C09 15C03 17C06;05 17;non;ANGIOPLAST PR STÉNOSE CONG. BIFURC. A.P THOR.TOMIE
DFAA005;05C06 05C07 05C08 05C09;05;non;ANGIOPLAST PR STÉNOSE CONG. 1BRANCHE AP THOR.TOMIE
DFAF001;05K05 05K06;05;non;DILAT. INTRALUMINALE PLUS. BRANCHES A.P +STENT V.V
DFAF002;05K12 05K22 05K23 05K24 05K25 05K26;05;non;DILAT. INTRALUMINALE 1BRANCHE AP SANS STENT V.V
DFAF003;05K05 05K06;05;non;DILAT. INTRALUMINALE 1BRANCHE AP +STENT V.V
DFAF004;05K12 05K22 05K23 05K24 05K25 05K26;05;non;DILAT. INTRALUMINALE PLUS. BRANCHES A.P SANS STENT V.V
DFBA001;04C02 05C06 05C07 05C08 05C09 17C06;04 05 17;non;CERCLAGE A.P THOR.TOMIE SANS CEC
DFCA001;04C02 05C06 05C07 05C08 05C09 17C06 21C05;04 05 17 21;non;SUTURE A.P/VN PULM. THOR.TOMIE SANS CEC
DFCA002;05C06 05C07 05C08 05C09 17C06;05 17;non;ANAST. CAVOPULM THOR.TOMIE SANS CEC
DFCA003;05C06 05C07 05C08 05C09 17C06;05 17;non;ANAST. AP +PROTH. THOR.TOMIE SANS CEC
DFCA004;05C06 05C07 05C08 05C09 15C03 17C06;05 17;non;ANAST. PULM-VCS THOR.TOMIE +CEC
DFCA005;05C06 05C07 05C08 05C09 17C06;05 17;non;ANAST. CAV.PULM BIDIRECTIONNELLE THOR.TOMIE SANS
DFCA006;05C06 05C07 05C08 05C09 17C06;05 17;non;ANAST. TR. AP-AORTE THOR.TOMIE +CEC
DFCA007;05C06 05C07 05C08 05C09 15C03 17C06;05 17;non;ANAST. CAV.PULM BIDIRECTIONNELLE THOR.TOMIE +CEC
DFCA008;05C06 05C07 05C08 05C09 15C03 17C06;05 17;non;ANAST. CAVOPULM THOR.TOMIE +CEC
DFCA009;05C06 05C07 05C08 05C09;05;non;ANAST. AP SANS PROTH. THOR.TOMIE SANS CEC
DFCA010;05C06 05C07 05C08 05C09 15C03 17C06;05 17;non;ANAST. TR. A.P-AORT. +ANAST. SYSTÉMICOPULM THOR.TOMIE
DFEA001;04C02 05C06 05C07 05C08 05C09 17C06;04 05 17;non;RÉIMPLANT ART. PULM. ANORM THOR.TOMIE
DFFA001;04C02 05C06 05C07 05C10 05C11 21C05;04 05 21;non;EMBOLECTOMIE A.P THOR.TOMIE +CEC
DFFA002;04C02 05C06 05C10 05C11 17C06 21C05;04 05 17 21;non;EMBOLECTOMIE A.P THOR.TOMIE SANS CEC
DFFA003;04C02 05C06 05C07 05C10 05C11 17C06 21C05;04 05 17 21;non;THROMBO.ECTOMIE TR. +/- DES BRANCHES A.P
DFFA004;04C02 05C06 05C07 05C08 05C09 17C06;04 05 17;non;EXÉRÈSE T. DES VSSX PULM. THOR.TOMIE SANS CEC
DFGA001;05C06 05C07 05C10 05C11 21C05;05 21;non;ABL. 1CERCLAGE PULM. THOR.TOMIE +CEC
DFGA002;05C06 05C07 05C08 05C09 17C06 21C05;05 17 21;non;ABL. 1CERCLAGE PULM. +FERM. CIV THOR.TOMIE +CEC
DFGA003;05C06 05C10 05C11 17C06 21C05;05 17 21;non;ABL. 1CERCLAGE PULM. THOR.TOMIE SANS CEC
DFGA004;05C06 05C07 05C08 05C09 17C06 21C05;05 17 21;non;ABL. 1CERCLAGE PULM. +FERM. 1CIV UNIQUE THOR.TOMIE +CEC
DFMA001;05C06 05C07 05C08 05C09 15C03 17C06;05 17;non;RÉPAR. 1OBSTRU. RETOUR VN PULM. THOR.TOMIE +CEC
DFMA003;05C06 05C07 05C08 05C09 17C07;05 17;non;UNIFOCALISATION ART. PULM. THOR.TOMIE SANS CEC
DFMA004;05C06 05C07 05C08 05C09 15C03 17C06;05 17;non;RÉPAR. RETOUR VN PULM. ANL TOT. THOR.TOMIE +CEC
DFMA006;05C06 05C07 05C08 05C09 15C03 17C06;05 17;non;UNIFOCALISATION ART. PULM. THOR.TOMIE +CEC
DFMA008;05C06 05C07 05C08 05C09 17C06;05 17;non;RÉPAR. RETOUR VN PULM. ANL PART. THOR.TOMIE +CEC
DFMA010;05C06 05C07 05C08 05C09;05;non;DÉMONTAGE 1ANAST. CAV.PULM TOT. THOR.TOMIE +CEC
DFMA011;05C06 05C07 05C08 05C09 17C06;05 17;non;RÉPAR. ATRÉSIE AP+FERM.CIV +PROTH. THOR.TOMIE +CEC
DFMA012;05C06 05C07 05C08 05C09 17C06;05 17;non;RÉPAR. ATRÉSIE AP+FERM.CIV SANS PROTH. THOR.TOMIE
DFNF001;05K12 05K22 05K23 05K24 05K25 05K26;05;non;FIBRINOLYSE IN SITU A.P V.V
DFNF002;05K12 05K22 05K23 05K24 05K25 05K26;05;non;THROMBOLYSE A.P V.V
DFQH001;05K10 05K15;05;non;ARTÉRIO TR. +/- DES BRANCHES A.P V.V
DFQH002;05K10 05K15;05;non;ARTÉRIO H.SÉLECT DES ART. PULM. V.V
DFSA001;05C06 05C07 05C08 05C09;05;non;SUPPRESSION CIRC. SYSTÉMIQUE PULM. THOR.TOMIE
DFSA002;04C02 05C06 05C07 05C08 05C09 17C06 21C05;04 05 17 21;non;FERM. FAV. PULM. THOR.TOMIE SANS CEC
DFSF001;05K12 05K22 05K23 05K24 05K25 05K26;05;non;OBLITÉRATION ANÉVR. SACCULAIRE A.P V.V
DFSF002;05K12 05K22 05K23 05K24 05K25 05K26;05;non;EMBOL. FAV INTRATHOR. CATHÉ ART.
DGAA002;05C06 05C07 05C10 05C11 15C03 17C06;05 17;non;ANGIOPLAST/RÉSEC STÉNOSE AORT. HORIZ+ISTHME +LÉS.
DGAA003;05C06 05C07 05C10 05C11 21C05;05 21;non;ANGIOPLAST AORT. HORIZ.+RÉIMPLANT. TR. SUPRAAORT
DGAA004;05C06 05C07 05C10 05C11 17C06;05 17;non;ANGIOPLAST/RÉSEC STÉNOSE AORT. HORIZ +ISTHME
DGAA005;05C06 05C10 05C11 17C06;05 17;non;ANGIOPLAST/RÉSEC STÉNOSE AORT. HORIZ +ISTHME
DGAA006;05C06 05C07 05C10 05C11 17C06 21C05;05 17 21;non;ANGIO.PLAST ÉLARGT AORT. HORIZ. SANS RÉIMPLANT.
DGAF001;05K12 05K22 05K23 05K24 05K25 05K26;05;non;DILAT. INTRALUMINALE AORT. THOR. SANS STENT CATHÉ ART.
DGAF003;05K12 05K22 05K23 05K24 05K25 05K26;05;non;DILAT. INTRALUMINALE 1COARCT AORT. ABDO CATHÉ ART.
DGAF004;05K05 05K06;05;non;DILAT. INTRALUMINALE 1COARCTATION AORT. THOR.
DGAF005;05K05 05K06;05;non;DILAT. INTRALUMINALE AORT. ABD. +STENT CATHÉ ART.
DGAF006;05K12 05K22 05K23 05K24 05K25 05K26;05;non;DILAT. INTRALUMINALE 1COARCTATION AORT. THOR. SANS
DGAF007;05K05 05K06;05;non;DILAT. INTRALUMINALE AORT. THOR. +STENT CATHÉ ART.
DGAF008;05K12 05K22 05K23 05K24 05K25 05K26;05;non;DILAT. INTRALUMINALE AORT. ABD. SANS STENT CATHÉ ART.
DGCA001;05C06 05C10 05C11 21C05;05 21;non;SUTURE AORT. ABD. 1ART. ILIAQ COMMUNE +/- 1ART. ILIAQ
DGCA002;05C06 05C10 05C11 17C07 21C05;05 17 21;non;SUTURE 1RUPTURE ISTHME AORT. THOR.TOMIE SANS CEC
DGCA003;05C06 05C10 05C11 10C08 17C06 21C05;05 10 17 21;non;PONTAGE RÉTROPÉRIT. ENTRE AORT. THOR. DESC. +LES
DGCA004;05C06 05C10 05C11 10C08 17C06 21C05;05 10 17 21;non;PONTAGE BIFURQUÉ AORT.BIFÉM LAPARO +CLAMP
DGCA005;05C06 05C10 05C11 06C21 07C08 17C06 21C05;05 06 07 17 21;non;PONTAGE AORT.HÉP LAPARO
DGCA006;05C06 05C07 05C10 05C11 21C05;05 21;non;SUTURE 1RUPTURE ISTHME AORT. THOR.TOMIE +CEC
DGCA007;05C06 05C10 05C11 17C06 21C05;05 17 21;non;PONTAGE AORT.AORT. INFRARÉNAL LAPARO +CLAMP
DGCA008;05C06 05C10 05C11 21C05;05 21;non;PONTAGE AORT THOR. ASC.-AORT ABD. EXCLUS AORT
DGCA009;05C06 05C10 05C11 10C08 17C06 21C05;05 10 17 21;non;PONTAGE AORT.FÉM UNILAT. LAPARO +CLAMP INFRARÉNAL
DGCA010;05C06 05C10 05C11 10C08 17C06 21C05;05 10 17 21;non;PONTAGE BIFURQUÉ AORT.BIFÉM LAPARO +CLAMP
DGCA011;05C06 05C07 05C08 05C09 17C07 21C05;05 17 21;non;PONTAGES MULT. ENTRE AORT. +LES TR.
DGCA012;05C06 05C10 05C11 17C06 21C05;05 17 21;non;PONTAGE AORT.AORT. INFRARÉNAL LAPARO +CLAMP
DGCA013;05C06 05C07 05C08 05C09 17C06 21C05;05 17 21;non;PONTAGES MULT. ENTRE AORT. +LES TR.
DGCA014;05C06 05C10 05C11 06C21 07C08 11C02 11C03 17C06 21C05;05 06 07 11 17 21;non;PONTAGE RÉTROGRADE
DGCA015;05C06 05C10 05C11 17C06 21C05;05 17 21;non;PONTAGE AORT. ASC-AORT. ABD. SANS
DGCA016;05C06 05C10 05C11 06C21 07C08 11C02 11C03 17C06 21C05;05 06 07 11 17 21;non;PONTAGE ANTÉROGRADE AORT.MÉSENT SUP. LAPARO
DGCA017;05C06 05C07 05C10 05C11 21C05;05 21;non;SUTURE LAT. PLAIE AORT. THOR. THOR.TOMIE +CEC
DGCA018;05C06 05C10 05C11 11C08 17C06 21C05;05 11 17 21;non;PONTAGE AORT.RÉN ANTÉROGRADE UNILAT.
DGCA019;05C06 05C10 05C11 10C08 17C06 21C05;05 10 17 21;non;PONTAGE AORT.FÉM UNILAT. LAPARO +CLAMP
DGCA020;05C06 05C10 05C11 10C08 17C06 21C05;05 10 17 21;non;PONTAGE BIFURQUÉ AIF LAPARO +CLAMP SUPRARÉNAL
DGCA021;05C06 05C10 05C11 11C08 17C06 21C05;05 11 17 21;non;PONTAGE AORT.BIRÉN LAPARO
DGCA022;05C06 05C10 05C11 10C08 17C06 21C05;05 10 17 21;non;PONTAGE BIFURQUÉ AORT.BISILIAQ LAPARO +CLAMP
DGCA023;05C06 05C10 05C11 17C07 21C05;05 17 21;non;PONTAGE AORT. DESC+AORT. ABD. INFRARÉNALE
DGCA024;05C06 05C10 05C11 11C08 17C06 21C05;05 11 17 21;non;PONTAGE AORT.RÉN RÉTROGRADE UNILAT.
DGCA025;05C06 05C10 05C11 17C07 21C05;05 17 21;non;SUTURE LAT. PLAIE AORT. THOR. THOR.TOMIE SANS CEC
DGCA026;05C06 05C10 05C11 10C08 17C06 21C05;05 10 17 21;non;PONTAGE BIFURQUÉ AORT.BISILIAQ LAPARO +CLAMP
DGCA027;05C06 05C07 05C10 05C11 21C05;05 21;non;PONTAGE AORT. ASC.-AORT. ABD. SANS EXCLUS.
DGCA028;05C06 05C07 05C10 05C11 17C06 21C05;05 17 21;non;PONTAGE AORT. THOR. THOR.TOMIE +CEC
DGCA029;05C06 05C10 05C11 10C08 17C06 21C05;05 10 17 21;non;PONTAGE BIFURQUÉ AIF LAPARO +CLAMP INFRARÉNAL
DGCA030;05C06 05C10 05C11 10C08 17C06 21C05;05 10 17 21;non;PONTAGE BIFURQUÉ AORT.BIFÉM ITÉRATIF SANS ABL.
DGCA031;05C06 05C10 05C11 17C06 21C05;05 17 21;non;PONTAGE AORT. THOR. THOR.TOMIE SANS CEC
DGCA032;01C06 05C06 05C10 05C11 17C06 21C05;01 05 17 21;non;PONTAGE AORTE-TABC THOR.TOMIE
DGCC807;05C06 05C10 05C11 17C06 21C05;05 17 21;non;PONTAGE AORT.AORT. INFRARÉNAL COELIO + CLAMP
DGCC810;05C06 05C10 05C11 10C08 17C06 21C05;05 10 17 21;non;PONTAGE BIFURQUÉ AORT.BIFÉM ITÉRATIF SANS ABL. PROTH.
DGCC812;05C06 05C10 05C11 17C06 21C05;05 17 21;non;PONTAGE AORT.AORT. INFRARÉNAL COELIO + CLAMP
DGCC822;05C06 05C10 05C11 10C08 17C06 21C05;05 10 17 21;non;PONTAGE AORT.FÉM UNILAT. COELIO + CLAMP INFRARÉNAL
DGCC825;05C06 05C10 05C11 10C08 17C06 21C05;05 10 17 21;non;PONTAGE BIFURQUÉ AORT.BIFÉM COELIO + CLAMP
DGCC835;05C06 05C10 05C11 10C08 17C06 21C05;05 10 17 21;non;PONTAGE BIFURQUÉ AIF COELIO + CLAMP INFRARÉNAL
DGCC846;05C06 05C10 05C11 10C08 17C06 21C05;05 10 17 21;non;PONTAGE BIFURQUÉ AORT.BIFÉM COELIO + CLAMP INFRARÉNAL
DGCC852;05C06 05C10 05C11 10C08 17C06 21C05;05 10 17 21;non;CHIR AAA INFRARÉNAL + ÉLMT PROTH AORT.AORT. BASSE
DGCC857;05C06 05C10 05C11 10C08 17C06 21C05;05 10 17 21;non;PONTAGE BIFURQUÉ AORT.BISILIAQ COELIO + CLAMP
DGCC859;05C06 05C10 05C11 10C08 17C06 21C05;05 10 17 21;non;PONTAGE AORT.FÉM UNILAT. COELIO + CLAMP SUPRARÉNAL
DGCC862;05C06 05C10 05C11 10C08 17C06 21C05;05 10 17 21;non;PONTAGE BIFURQUÉ AORT.BISILIAQ COELIO + CLAMP
DGCC872;05C06 05C10 05C11 10C08 17C06 21C05;05 10 17 21;non;PONTAGE BIFURQUÉ AIF COELIO + CLAMP SUPRARÉNAL
DGDA001;05C06 05C10 05C11;05;non;AORTOPEXIE RÉTROSTERNALE
DGFA001;05C06 05C10 05C11 17C06;05 17;non;THROMBO.ECTOMIE TR. AORT. ABD. LAPARO
DGFA002;05C06 05C07 05C10 05C11 17C06;05 17;non;THROMBO.ECTOMIE AORT. HORIZ+TR. SUPRAAORTIQUES
DGFA003;05C06 05C10 05C11 17C06;05 17;non;THROMBO.ECTOMIE AORT.BISILIAQ LAPARO
DGFA004;05C06 05C10 05C11 17C06 21C05;05 17 21;non;THROMBECTOMIE AORT. ABDO +/-ILIAQ COM+/-EXT.
DGFA005;05C06 05C10 05C11 17C06 21C05;05 17 21;non;THROMBECTOMIE 1PONTAGE AORT. ABDO/BRANCHES LAPARO
DGFA007;05C06 05C10 05C11 10C08 17C06 21C05;05 10 17 21;non;THROMBO.ECTOMIE AORTO-ILIO-FÉMORALE UNILAT. LAPARO
DGFA008;05C06 05C10 05C11 17C07;05 17;non;THROMBO.ECTOMIE AORTO-ILIO-FÉMORALE BILAT. LAPARO
DGFA009;05C06 05C10 05C11 17C06;05 17;non;THROMBO.ECTOMIE AORTO-ILIAQUE UNILAT. LAPARO
DGFA010;05C06 05C10 05C11 17C06 21C05;05 17 21;non;THROMBECTOMIE AORT. ABDO +/-ILIAQ COM. +/-EXT. LAPARO
DGFA011;05C06 05C10 05C11 06C15 11C08 17C06;05 06 11 17;non;THROMBO.ECTOMIE TR+BRANCHE VISC AORT. DIAPHRAGM.
DGFA012;05C06 05C10 05C11 17C06 21C05;05 17 21;non;THROMBECTOMIE 1PONTAGE AORT. ABDO/BRANCHES AB.
DGFA013;05C06 05C10 05C11 17C06;05 17;non;RÉSEC.ANAST ISTHME AORT. THOR.TOMIE +DÉRIV.
DGFA014;05C06 05C10 05C11 21C05;05 21;non;RÉSEC.ANAST AORT. DESC THOR.TOMIE +DÉRIV.
DGFA015;05C06 05C10 05C11 17C06 21C05;05 17 21;non;RÉSEC.ANAST AORT. ABDO/ILIAQ LAPARO
DGFA016;05C06 05C10 05C11 17C06;05 17;non;RÉSEC.ANAST ISTHME AORT. THOR.TOMIE SANS DÉRIV. VASC.
DGFA017;05C06 05C07 05C10 05C11 17C06 21C05;05 17 21;non;RÉSEC.ANAST AORT. DESC THOR.TOMIE +CEC
DGFA018;05C06 05C07 05C10 05C11 17C06;05 17;non;RÉSEC.ANAST ISTHME AORT. THOR.TOMIE +CEC
DGFA019;05C06 05C10 05C11 17C06 21C05;05 17 21;non;RÉSEC.ANAST AORT. DESC THOR.TOMIE SANS DÉRIV. VASC. NI
DGFA020;05C06 05C10 05C11 17C06;05 17;non;RÉSEC.ANAST ISTHME AORT. THOR.TOMIE SANS CEC AV. ÂGE
DGGA001;05C06 05C07 05C08 05C09 17C06 21C05;05 17 21;non;ABL. 1CONTREPULSION THOR.TOMIE
DGGA002;05C06 05C10 05C11 21C05;05 21;non;ABL. PROTH. AORT. ABD. +PONTAGE AXIL.BIFÉM AB. DIRECT
DGGA003;05C06 05C10 05C11 17C06 21C05;05 17 21;non;ABL. PROTH. AORT. ABD. +PONTAGE AORT.BISILIAQ/AORT.BIFÉM
DGGA004;05C06 05C07 05C08 05C09 17C06 21C05;05 17 21;non;ABL. 1CONTREPULSION +ANAST. ART. AB. ART. PÉRIPH.
DGKA001;05C06 05C07 05C10 05C11 17C06 21C05;05 17 21;non;REMPLT AORT. ASC+HORIZ. SANS VALVE/RÉIMPLANT. CORON.
DGKA002;05C06 05C10 05C11 17C06 21C05;05 17 21;non;REMPLT ISTHME AORT. THOR.TOMIE SANS DÉRIV. VASC. NI CEC
DGKA003;05C06 05C07 05C10 05C11 15C03 17C06 21C05;05 17 21;non;REMPLT AORT. THOR. ASC.+RÉIMPLANT. CORON. THOR.TOMIE
DGKA004;05C06 05C10 05C11 17C06 21C05;05 17 21;non;REMPLT AORT. ABDO/ILIAQ LAPARO
DGKA005;05C06 05C07 05C10 05C11 17C07 21C05;05 17 21;non;REMPLT AORT. THOR. HORIZ. THOR.TOMIE +CEC
DGKA006;05C06 05C10 05C11 17C06 21C05;05 17 21;non;REMPLT AORT. THOR. DESC+DIAPHRAGM.
DGKA007;05C06 05C07 05C10 05C11 17C06 21C05;05 17 21;non;REMPLT AORT. THOR. DESC. THOR.TOMIE +CEC
DGKA008;05C06 05C07 05C10 05C11 17C06 21C05;05 17 21;non;REMPLT AORT. THOR. DESC. +AORT. DIAPHRAGM.
DGKA009;05C06 05C10 05C11 21C05;05 21;non;REMPLT AORT. THOR. DESC. THOR.TOMIE SANS CEC
DGKA010;05C06 05C07 05C10 05C11 17C06 21C05;05 17 21;non;REMPLT AORT. DIAPHRAGM. THOR.PHRÉNO.LAPARO +CEC
DGKA011;05C02 05C03 15C03 17C06 21C05;05 17 21;non;REMPLT AORT. ASC+VALVE AORT THOR.TOMIE +CEC
DGKA012;05C06 05C07 05C10 05C11 17C06 21C05;05 17 21;non;REMPLT ENSEMBLE AORT. THOR. THOR.PHRÉNO.LAPARO +CEC
DGKA013;05C06 05C10 05C11 17C06 21C05;05 17 21;non;REMPLT AORT. DIAPHRAGM. THOR.PHRÉNO.LAPARO SANS
DGKA014;05C02 05C03 15C03 17C06 21C05;05 17 21;non;REMPLT AORT. ASC+HORIZ+REMPLT VALVE+RÉIMPLANT.
DGKA015;05C02 05C03 15C03 17C06 21C05;05 17 21;non;REMPLT AORT. ASC+VALVE AORT +RÉIMPLANT. CORON.
DGKA016;05C06 05C10 05C11 17C06 21C05;05 17 21;non;REMPLT AORT. DIAPHRAGM. THOR.PHRÉNO.LAPARO +DÉRIV.
DGKA017;05C06 05C10 05C11;05;non;REMPLT AORT. THOR. DESC. PR STÉNOSE CONG. THOR.TOMIE
DGKA018;05C02 05C03 15C03 17C06 21C05;05 17 21;non;REMPLT AORT. ASC+HORIZ +VALVE SANS RÉIMPLANT. CORON.
DGKA019;05C06 05C10 05C11 21C05;05 21;non;REMPLT ISTHME AORT. THOR.TOMIE +DÉRIV.
DGKA020;05C06 05C10 05C11 21C05;05 21;non;REMPLT AORT. THOR. DESC. +AORT. DIAPHRAGM.
DGKA021;05C06 05C07 05C10 05C11 17C06;05 17;non;REMPLT AORT. THOR. DESC. PR STÉNOSE CONG. THOR.TOMIE
DGKA022;05C06 05C10 05C11 15C03 17C06;05 17;non;REMPLT ISTHME AORT. PR COARCTATION THOR.TOMIE SANS
DGKA023;05C06 05C07 05C10 05C11 17C06 21C05;05 17 21;non;REMPLT ISTHME AORT. THOR.TOMIE +CEC
DGKA024;05C06 05C07 05C10 05C11 15C03 17C06;05 17;non;REMPLT ISTHME AORT. PR COARCTATION THOR.TOMIE
DGKA025;05C06 05C07 05C10 05C11 17C06 21C05;05 17 21;non;REMPLT AORT. ASC. SANS VALVE/RÉIMPLANT. CORON.
DGKA026;05C06 05C07 05C10 05C11 17C06 21C05;05 17 21;non;REMPLT AORT. ASC+HORIZ. +RÉIMPLANT. CORON.
DGKA027;05C06 05C07 05C10 05C11 21C05;05 21;non;REMPLT AORT. THOR. DESC. PR RUPTURE ANÉVR.
DGKA028;05C06 05C07 05C10 05C11 17C07 21C05;05 17 21;non;REMPLT AORT. THOR. ASC. PR RUPTURE ANÉVR.
DGKA029;05C06 05C07 05C10 05C11 21C05;05 21;non;REMPLT AORT. DIAPHRAGM. PR RUPTURE ANÉVR.
DGKA209;05C06 05C07 05C10 05C11 17C06 21C05;05 17 21;non;REMPL AORT THOR ASC+HORIZ RENFORCÉ SS VALVE
DGKA263;05C02 05C03 15C03 17C06 21C05;05 17 21;non;REMPL AORT THOR ASC+HORIZ RENFORCÉ +VALVE SS RÉIMP
DGKA268;05C06 05C07 05C10 05C11 17C06 21C05;05 17 21;non;REMPL AORT THOR ASC+HORIZ RENFOR SS VALVE SS
DGKA698;05C02 05C03 15C03 17C06 21C05;05 17 21;non;REMPL AORT THOR ASC+HORIZ RENFORCÉ +VALVE +RÉIMP
DGLA002;05C06 05C07 05C08 05C09;05;non;POSE CONTREPULSION AB ART. PÉRIPH.
DGLF001;05K05 05K06;05;non;STENT COUVERTE BIFURQUÉE AORT.BISILIAQ CATHÉ ART.
DGLF002;05K05 05K06;05;non;STENT COUVERTE AORTO-UNIILIAQUE CATHÉ ART.
DGLF003;05K05 05K06;05;non;STENT COUVERTE DS AORT. THOR. CATHÉ ART.
DGLF005;05K05 05K06;05;non;STENT COUVERTE RECTILIGNE DS AORT. ABD.
DGLF006;05K12 05K22 05K23 05K24 05K25 05K26;05;non;POSE 1BALLON CONTREPULSION DIASTOLIQUE AORT. CATHÉ
DGLF012;05K05 05K06;05;non;POSE ENDOPROTH FENÊT / MULTIBR AORT ABDO PR ANÉV
DGLF332;05K05 05K06;;non;ENDOPROTH FENÊTRÉE/MULTIBRANCHE AORTE THORACIQ
DGLF756;05K05 05K06;;non;ENDOPROTH FENÊTRÉE/MULTIBRANCHE PARTIE DISTALE
DGMA001;05C06 05C07 05C08 05C09;05;non;CORREC INTERRUPTION AORT. THOR. HORIZ. +PROTH.
DGMA002;05C06 05C07 05C08 05C09 15C03 21C05;05 21;non;CORREC. INTERRUPTION AORT HORIZ+RÉPAR. TR. ART.
DGMA005;05C06 05C07 05C10 05C11 15C03 17C06 21C05;05 17 21;non;CORREC.INTERRUPTION AORT. THOR. HORIZ. +LÉS. CARD.
DGMA009;05C06 05C07 05C08 05C09 15C03 17C06;05 17;non;PLASTIE 1STÉNOSE SUPRAORIFICIELLE AORT. THOR.TOMIE
DGMA010;05C06 05C07 05C10 05C11 15C03 17C06 21C05;05 17 21;non;CORREC. 1INTERRUPTION AORT. THOR. HORIZ. +PROTH.
DGMA011;05C06 05C10 05C11 17C06 21C05;05 17 21;non;CORREC INTERRUPTION AORT. THOR. HORIZ. SANS PROTH.
DGMA012;05C06 05C07 05C10 05C11 15C03 17C06 21C05;05 17 21;non;CORREC INTERRUPTION AORT. THOR. HORIZ. SANS PROTH.
DGPA001;05C06 05C10 05C11 10C08 17C06 21C05;05 10 17 21;non;CHIR ANÉVR A-I-F +CHANGT PROTH BIFURQUÉ A-I-F
DGPA005;05C06 05C10 05C11 17C06 21C05;05 17 21;non;CHIR AAA INFRARÉNAL +CHANGT PROTH AORT.AORT.
DGPA008;05C06 05C10 05C11 10C08 17C06 21C05;05 10 17 21;non;CHIR AAA INFRARÉN./BISILIAQ +CHANGT PROTH BISILIAQ
DGPA010;05C06 05C10 05C11 10C08 17C06 21C05;05 10 17 21;non;CHIR AAA INFRARÉN/BISILIAQ +CHANGT PROTH BIFÉM
DGPA012;05C06 05C10 05C11 10C08 17C06 21C05;05 10 17 21;non;CHIR AAA INFRARÉN./BISILIAQ +CHANGT PROTH BISILIAQ
DGPA013;05C06 05C10 05C11 10C08 17C06 21C05;05 10 17 21;non;CHIR AAA INFRARÉN/BISILIAQ +CHANGT PROTH BIFÉM
DGPA014;05C06 05C10 05C11 21C05;05 21;non;DÉSOBSTRUCTION 1PROTH. AORT. THOR. THOR.TOMIE
DGPA016;05C06 05C10 05C11 10C08 17C06 21C05;05 10 17 21;non;CHIR ANÉVR A-I-F +CHANGT PROTH BIFURQUÉ A-I-F
DGPA017;05C06 05C10 05C11 10C08 17C06 21C05;05 10 17 21;non;CHIR AAA INFRARÉNAL +CHANGT PROTH AORT.AORT.
DGPA018;05C06 05C10 05C11 10C08 21C05;05 10 21;non;M.À.PLAT ANÉVR AORT SSRÉNAL/BISILIAQ ROMPU
DGPC807;05C06 05C10 05C11 10C08 17C06 21C05;05 10 17 21;non;CHIR AAA INFRARÉN/BISILIAQ + ÉLMT PROTH BIFÉM COELIO
DGPC809;05C06 05C10 05C11 10C08 17C06 21C05;05 10 17 21;non;CHIR ANÉVR A-I-F + ÉLMT PROTH BIFURQUÉ A-I-F COELIO +
DGPC810;05C06 05C10 05C11 10C08 17C06 21C05;05 10 17 21;non;CHIR AAA INFRARÉN./BISILIAQ + ÉLMT PROTH BISILIAQ
DGPC836;05C06 05C10 05C11 17C06 21C05;05 17 21;non;CHIR AAA INFRARÉNAL + ÉLMT PROTH AORT.AORT. BASSE
DGPC846;05C06 05C10 05C11 10C08 17C06 21C05;05 10 17 21;non;CHIR AAA INFRARÉN./BISILIAQ + ÉLMT PROTH BISILIAQ
DGPC858;05C06 05C10 05C11 10C08 17C06 21C05;05 10 17 21;non;CHIR ANÉVR A-I-F + ÉLMT PROTH BIFURQUÉ A-I-F COELIO +
DGPC866;05C06 05C10 05C11 10C08 17C06 21C05;05 10 17 21;non;CHIR AAA INFRARÉN/BISILIAQ + ÉLMT PROTH BIFÉM COELIO
DGPF001;05K12 05K22 05K23 05K24 05K25 05K26;05;non;DÉSOBSTRUCTION BIFURC. AORT. CATHÉ ART.
DGPF002;05K05 05K06;05;non;RECANALISATION BIFURC. AORT. +STENT CATHÉ ART.
DGSA001;05C06 05C10 05C11 21C05;05 21;non;FERM. FISTULE AORT.DIG/ILIODIG +PONTAGE NON ANAT.
DGSA002;05C06 05C10 05C11 21C05;05 21;non;FERM. FAV AORT.CAV ILIOCAVE/ILIO-ILIAQUE +PONTAGE
DGSA003;05C06 05C07 05C08 05C09 17C06;05 17;non;FERM. 1FENÊTRE AORT.PULM THOR.TOMIE +CEC
DGSA004;05C06 05C10 05C11 21C05;05 21;non;FERM. FISTULE AORT.DIG/ILIODIGESTIVE +PONTAGE
DGSA005;05C06 05C10 05C11 21C05;05 21;non;HÉMOSTASE IIRE À 1ACTE SUR AORT. ABD/SES BRANCHES
DHAF001;05K05 05K06;05;non;DILAT. INTRALUMINALE VCSUP +STENT V.V
DHAF002;05K12 05K22 05K23 05K24 05K25 05K26;05;non;DILAT. INTRALUMINALE VCI SANS STENT V.V
DHAF003;05K12 05K22 05K23 05K24 05K25 05K26;05;non;DILAT. INTRALUMINALE VCSUP SANS STENT V.V
DHAF004;05K05 05K06;05;non;DILAT. INTRALUMINALE VCI +STENT V.V
DHCA001;05C18 10C08 11C08 17C07 21C05;05 10 11 17 21;non;SUTURE VCI RÉTROHÉPATIQUE/SUPRAHÉPATIQUE/DES VN
DHCA002;04C02 05C18 17C06 21C05;04 05 17 21;non;PONTAGE VN BRACHIOCÉPHALIQUE/VCSUP THOR.TOMIE
DHCA003;05C18 17C07 21C05;05 17 21;non;SUTURE VN BRACHIOCÉPHALIQUE/VCSUP THOR.TOMIE
DHCA004;05C10 05C18 10C08 17C07 21C05;05 10 17 21;non;PONTAGE VN ILIO-ILIAQUE/ILIOCAVE LAPARO
DHFA001;05C10 05C18 11C08 17C06 21C05;05 11 17 21;non;RÉSEC. VCI SUPRARÉNALE RÉTROHÉP+/-SUPRAHÉP
DHFA002;05C18 11C08 17C06 21C05;05 11 17 21;non;RÉSEC. VCI INFRARÉNALE SANS RECONSTR. LAPARO
DHFA003;05C18 11C08 17C06 21C05;05 11 17 21;non;THROMBECTOMIE DES VN ILIAQUES +/- VCI LAPARO
DHFA004;05C18 11C08 17C06 21C05;05 11 17 21;non;RÉSEC. VCI SUPRARÉNALE INFRAHÉPATIQUE SANS
DHFA005;05C18 11C08 17C06 21C05;05 11 17 21;non;RÉSEC VCI SUPRARÉNALE RÉTROHÉP+/-SUPRAHÉP
DHFA006;05C10 05C18 11C08 17C06 21C05;05 11 17 21;non;RÉSEC. VCI SUPRARÉNALE INFRAHÉPATIQUE +RECONSTR.
DHFA007;05C18 11C08 17C06 21C05;05 11 17 21;non;RÉSEC. VCI INFRARÉNALE +RECONSTR. LAPARO
DHGA001;04C03 05C18 17C07 21C05;04 05 17 21;non;ABL. 1FILTRE VCI SANS RECONSTR. VN LAPARO
DHGA002;04C03 05C18 21C05;04 05 21;non;ABL. 1FILTRE VCI +RECONSTR. VN LAPARO
DHGF001;05K12 05K22 05K23 05K24 05K25 05K26;05;non;ABL. 1FILTRE TEMP. VCI V.V
DHNF001;05K12 05K22 05K23 05K24 05K25 05K26;05;non;THROMBOLYSE VCSUP V.V
DHNF002;05K12 05K22 05K23 05K24 05K25 05K26;05;non;FIBRINOLYSE IN SITU FÉMORO-ILIO-CAVE V.V
DHNF003;05K12 05K22 05K23 05K24 05K25 05K26;05;non;THROMBOLYSE VCI V.V
DHNF004;05K12 05K22 05K23 05K24 05K25 05K26;05;non;FIBRINOLYSE IN SITU VCI V.V
DHNF005;05K12 05K22 05K23 05K24 05K25 05K26;05;non;FIBRINOLYSE IN SITU VCSUP V.V
DHNF006;05K12 05K22 05K23 05K24 05K25 05K26;05;non;FIBRINOLYSE IN SITU FÉMORO-ILIO-CAVE +FILTRE CAVE V.V
DHPA001;04C02 05C18 21C05;04 05 21;non;DÉSOBSTRUCTION VCSUP THOR.TOMIE
DHPF001;05K12 05K22 05K23 05K24 05K25 05K26;05;non;RECANALISATION VCSUP SANS STENT V.V
DHPF002;05K05 05K06;05;non;RECANALISATION VCSUP +STENT V.V
DHPF003;05K12 05K22 05K23 05K24 05K25 05K26;05;non;RECANALISATION VCI SANS STENT V.V
DHSA001;04C03 05C18 17C06 21C05;04 05 17 21;non;FILTRE CAVE LAPARO
DHSA002;04C03 05C18 17C06 21C05;04 05 17 21;non;LIGATURE VCI +/- 1SES BRANCHES VISCÉRALES LAPARO
DHSF001;05K12 05K22 05K23 05K24 05K25 05K26;05;non;OBLITÉRATION PART. TEMP. VCI V.V
DHSF002;05K12 05K22 05K23 05K24 05K25 05K26;05;non;OBLITÉRATION PART. DÉFINITIVE VCI V.V
DZEA001;05C06 05C07 27C05;05 27;non;GREF. ITÉRATIVE COEUR THOR.TOMIE +CEC
DZEA002;05C06 05C07 17C06 27C05;05 17 27;non;GREF. ORTHOTOPIQUE COEUR THOR.TOMIE +CEC
DZEA003;05C06 05C07 27C05;05 27;non;GREF. HÉTÉROTOPIQUE COEUR THOR.TOMIE +CEC
DZEA004;05C06 05C07 27C04;05 27;non;GREF. BLOC COEUR-POUMONS THOR.TOMIE +CEC
DZFA004;05C06 05C07 05C08 05C09 27C05;05 27;non;EXÉRÈSE GREF COEUR+POSE ASSIST CIRC. MÉC BIVENTR
DZMA001;05C06 05C07 05C08 05C09 17C06;05 17;non;RÉPAR. MALPOSITION GROS VSSX+CIV THOR.TOMIE +CEC
DZMA002;05C06 05C07 05C08 05C09;05;non;RÉPAR. DISCORDANCE AV+GROS VSSX+CIV+STÉNOSE
DZMA003;05C06 05C07 05C08 05C09 17C06;05 17;non;RÉPAR. ART+ATRIAL DISCORDANCE AV +GROS VSSX +CIV
DZMA004;05C06 05C07 05C08 05C09 15C03 17C06;05 17;non;RÉPAR. ART. TRANSPOSITION GROS VSSX +FERM. CIV
DZMA005;05C06 05C07 05C08 05C09 15C03 17C06;05 17;non;RÉPAR. TÉTRALOGIE FALLOT SANS SECTION ANNEAU
DZMA006;05C06 05C07 05C08 05C09 15C03 17C06;05 17;non;RÉPAR. ATRIAL TRANSPOSITION GROS VSSX+FERM. 1CIV
DZMA007;05C06 05C07 05C08 05C09 17C06;05 17;non;RÉPAR. À ÉTAGE ART. TRANSPOSITION DES GROS VSSX
DZMA009;05C06 05C07 05C08 05C09 15C03 17C06;05 17;non;RÉPAR. TR. ART. COMMUN THOR.TOMIE +CEC
DZMA010;05C06 05C07 05C08 05C09 17C06;05 17;non;CONDUIT EXTRACARD/MOBIL. A.P PR MALPOS. GROS VSSX+CIV
DZMA011;05C06 05C07 05C08 05C09 15C03 17C06;05 17;non;RÉPAR. TÉTRALOGIE FALLOT +SECTION ANNEAU PULM.
DZMA012;05C06 05C07 05C08 05C09 17C06;05 17;non;RÉPAR. À ÉTAGE ATRIAL TRANSPOSITION DES GROS VSSX
DZSA001;05C06 05C07 05C10 05C11 15C03 17C06;05 17;non;ANGIOPLAST.+SUPPRESS. ANAST. 1BRANCHE AP
DZSA002;04C02 05C06 05C07 05C08 05C09 21C05;04 05 21;non;HÉMOSTASE IIRE À 1ACTE SUR COEUR +/- LES VSSX
EAAF002;01K03 05K05 05K06;01 05;non;DILAT. INTRALUMINALE TR. CAROTIDE INT. INTRACRÂN.
EAAF004;01K03 05K12 05K22 05K23 05K24 05K25 05K26;01 05;non;DILAT. INTRALUMINALE TR. CAROTIDE INT. INTRACRÂN.
EAAF900;01K03 05K05 05K06;01 05;non;DILAT. INTRALUMINALE BRANCHE CAROTIDE INT. +STENT
EAAF901;01K03 05K12 05K22 05K23 05K24 05K25 05K26;01 05;non;DILAT. INTRALUMINALE BRANCHE CAROTIDE INT. SANS
EAAF902;05K05 05K06;05;non;DILAT. INTRALUMINALE VERTÉB. INTRACRÂN/BASILAIRE +STENT
EAAF903;05K12 05K22 05K23 05K24 05K25 05K26;05;non;DILAT. INTRALUMINALE ART. VERTÉB. INTRACRÂN/ART.
EABA001;01C03 01C04 01C11 01C12 17C06 21C05;01 17 21;non;ENROBAGE 1ANÉVR. ART. INTRACRÂN. CRANIOT.
EACA001;01C03 01C04 01C11 01C12 17C06 21C05;01 17 21;non;EXCL. FAV FAUX CERVEAU/TENTE CERVELET CRANIOT.
EACA002;01C03 01C04 01C11 01C12 17C06 21C05;01 17 21;non;EXCL. ANÉVR. ART. INTRACRÂNIENS MULT. CRANIOT.
EACA003;01C03 01C04 01C11 01C12 17C06 21C05;01 17 21;non;EXCL. 1ANÉVR. ART. INTRACRÂN. 1DIAMÈTRE SUP. À 20MM
EACA004;01C03 01C04 01C11 01C12 17C06 21C05;01 17 21;non;EXCL. 1ANÉVR. ART. VERTÉB.BASIL 1DIAMÈTRE INF/ÉGAL À
EACA005;01C03 01C04 01C11 01C12 17C06 21C05;01 17 21;non;EXCL. FAV 1SINUS VN DURAL CRANIOT.
EACA006;01C03 01C04 01C11 01C12 17C06 21C05;01 17 21;non;EXCL. FAV DURALE CONVEXITÉ CRANIOT.
EACA007;01C03 01C04 01C11 01C12 17C06 21C05;01 17 21;non;EXCL. 1ANÉVR. ART. SUPRATENTORIEL 1DIAMÈTRE
EACF001;01K02 01K07 05K12 05K22 05K23 05K24 05K25 05K26;01 05;non;INVERSION FLUX 1ANÉVR. ART. INTRACRÂN. PÉRIODE AIG.
EACF002;01K02 01K07 05K12 05K22 05K23 05K24 05K25 05K26;01 05;non;INVERSION FLUX 1ANÉVR. ART. INTRACRÂN. NON HÉMORR.
EAFA001;01C03 01C04 01C11 01C12 21C05;01 21;non;EMBOLECTOMIE/THROMBO.ECTOMIE VSS INTRACRÂN.
EAFA002;01C03 01C04 01C11 01C12 03C16 03C17 03C29 17C06;01 03 17;non;EXÉRÈSE T. GLOMUS TYMPANOJUGULAIRE AB.
EAFA003;01C03 01C04 01C11 01C12 17C06;01 17;non;EXÉRÈSE MALF. ART.VN CÉRÉB. SUPERF.
EAFA004;01C03 01C04 01C11 01C12 03C16 03C17 03C29 17C06;01 03 17;non;EXÉRÈSE 1T. GLOMUS TYMPANOJUGULAIRE ÉTENDUE À
EAFA005;01C03 01C04 01C11 01C12 17C06;01 17;non;EXÉRÈSE MALF. ART.VN ENCÉPH. INFRATENTORIELLE
EAFA006;01C03 01C04 01C11 01C12 03C16 03C17 03C29 17C07;01 03 17;non;EXÉRÈSE 1T. GLOMUS TYMPANOJUG AB. TRANSPÉTREUX
EAFA007;01C03 01C04 01C11 01C12 03C16 03C17 03C29 17C06;01 03 17;non;EXÉRÈSE T. GLOMUS TYMPANOJUG+CERV.
EAFA008;01C03 01C04 01C11 01C12 17C06;01 17;non;EXÉRÈSE MALF. ART.VN CÉRÉB. PROF.
EAFA009;01C03 01C04 01C11 01C12 17C06;01 17;non;EXÉRÈSE MALF. ART.VN CÉRÉB. SUPERF.
EAJF341;01K03 05K12 05K22 05K23 05K24 05K25 05K26;01 05;non;ÉVACUATION THROMBUS ARTÈRE INTRACRÂNIENNE PAR
EANF002;01K03 05K12 05K22 05K23 05K24 05K25 05K26;01 05;non;FIBRINOLYSE IN SITU SUP.SÉLECT ART. INTRACRÂN. CATHÉ
EASA001;01C03 01C04 01C11 01C12 21C05;01 21;non;LIGATURE VSS INTRACRÂN. SUPRATENTORIEL CRANIOT.
EASA002;01C03 01C04 01C11 01C12 21C05;01 21;non;LIGATURE VSS INTRACRÂN. INFRATENTORIEL CRANIOT.
EASF001;01K02 01K07 05K12 05K22 05K23 05K24 05K25 05K26;01 05;non;OBLITÉRATION PLUS. ANÉVR. INTRACRÂNIENS SF PHASE
EASF002;01K02 01K07 05K12 05K22 05K23 05K24 05K25 05K26;01 05;non;OCCLUSION INTRALUMINALE 1VSS INTRACRÂN. AFFÉRENT
EASF003;01K02 01K07 05K12 05K22 05K23 05K24 05K25 05K26;01 05;non;OCCLUS INTRALUMINALE PLUS. VSSX INTRACRÂN
EASF004;01K02 01K07 05K12 05K22 05K23 05K24 05K25 05K26;01 05;non;EMBOL. SUP.SÉLECT BRANCHE CAROTIDE INT. CATHÉ ART.
EASF005;01K02 01K07 05K12 05K22 05K23 05K24 05K25 05K26;01 05;non;EMBOL. FAV DURALE CRANIOENCÉPHAL. MULTIPÉD V. ART.
EASF006;01K02 01K07 05K12 05K22 05K23 05K24 05K25 05K26;01 05;non;EMBOL. 1FAV DURALE CRANIOENCÉPHALIQUE UNIPÉD. V.
EASF007;01K02 01K07 05K12 05K22 05K23 05K24 05K25 05K26;01 05;non;OBLITÉRATION INTRALUMINALE 1ANÉVR. INTRACRÂN. AIG.
EASF008;01K02 01K07 05K12 05K22 05K23 05K24 05K25 05K26;01 05;non;OBLITÉR. INTRALUMINALE 1ANÉVR. INTRACRÂN. SF PHASE
EASF009;01K02 01K07 05K12 05K22 05K23 05K24 05K25 05K26;01 05;non;EMBOL. FAV DURALE CRANIOENCÉPHALIQUE UNIPÉD. V.
EASF010;01K02 01K07 05K12 05K22 05K23 05K24 05K25 05K26;01 05;non;OBLITÉRATION 1ANÉVR. INTRACRÂN. PHASE AIG. HÉMORR.
EASF011;01K02 01K07 05K12 05K22 05K23 05K24 05K25 05K26;01 05;non;OBLITÉRATION ANÉVR. INTRACRÂN. SF AIG. HÉMORR. CATHÉ
EASF012;01K02 01K07 05K12 05K22 05K23 05K24 05K25 05K26;01 05;non;OCCLUSION INTRALUMINALE 1VSS INTRACRÂN.
EASF013;01K02 01K07 05K12 05K22 05K23 05K24 05K25 05K26;01 05;non;OBLITÉRATION PLUS. ANÉVR. INTRACRÂNE AIG. HÉMORR.
EASF014;01K02 01K07 05K12 05K22 05K23 05K24 05K25 05K26;01 05;non;EMBOL. SÉLECT/H.SÉLECT BRANCHE CAROTIDE INT. CATHÉ ART.
EASF015;01K02 01K07 05K12 05K22 05K23 05K24 05K25 05K26;01 05;non;EMBOL. 1FAV DURALE CRANIOENCÉPHALIQUE MULTIPÉD V.
EBAA002;01C06 05C06 05C10 05C11 10C08 17C07 21C05;01 05 10 17 21;non;ANGIO.PLAST ÉLARGT BIFURC. CAROTID. SANS
EBAF001;01K03 05K05 05K06;01 05;non;DILAT. INTRALUMINALE CAROTIDE INT. EXTRACRÂN.
EBAF003;01K03 05K12 05K22 05K23 05K24 05K25 05K26;01 05;non;DILAT. INTRALUMINALE CAROTIDE INT. EXTRACRÂN. SANS
EBAF004;01K03 05K12 05K22 05K23 05K24 05K25 05K26;01 05;non;DILAT. INTRALUMINALE CAROTIDE COMMUNE CERV. SANS
EBAF005;01K03 05K12 05K22 05K23 05K24 05K25 05K26;01 05;non;DILAT. INTRALUMINALE CAROTIDE EXT. SANS STENT CATHÉ
EBAF006;01K03 05K05 05K06;01 05;non;DILAT. INTRALUMINALE CAROTIDE EXT. +STENT CATHÉ ART.
EBAF009;01K03 05K12 05K22 05K23 05K24 05K25 05K26;01 05;non;DILAT. INTRALUMINALE BIFURC. CAROTID. SANS STENT
EBAF010;01K03 05K05 05K06;01 05;non;DILAT. INTRALUMINALE CAROTIDE COMMUNE CERV.
EBAF011;01K03 05K05 05K06;01 05;non;DILAT. INTRALUMINALE BIFURC. CAROTID. +STENT CATHÉ ART.
EBAF013;01K03 05K12 05K22 05K23 05K24 05K25 05K26;01 05;non;DILAT. INTRALUMINALE ART. VERTÉB. EXTRACRÂN. SANS STENT
EBAF014;01K03 05K05 05K06;01 05;non;DILAT. INTRALUMINALE ART. VERTÉB. EXTRACRÂN. +STENT
EBCA001;01C06 05C06 05C10 05C11 17C06 21C05;01 05 17 21;non;PONTAGE CROISÉ
EBCA002;01C06 03C16 03C17 03C29 05C06 05C10 05C11 10C08 17C06 21C05;01 03 05 10 17 21;non;PONTAGE CAROTIDE EXT. CERV.TOMIE
EBCA003;01C06 03C16 03C17 03C29 05C06 05C10 05C11 10C08 17C07 21C05;01 03 05 10 17 21;non;SUTURE CAROTIDE COMMUNE CERV.TOMIE +THOR.TOMIE
EBCA004;01C06 05C06 05C10 05C11 17C06 21C05;01 05 17 21;non;PONTAGE CROISÉ INTERCAROTIDIEN CERV.TOMIE
EBCA005;01C06 05C06 05C10 05C11 17C06 21C05;01 05 17 21;non;PONTAGE CAROTIDOVERTÉBRAL DIST/S.CLAV.VERTÉB
EBCA006;01C06 03C16 03C17 03C29 05C06 05C10 05C11 10C08 21C05;01 03 05 10 21;non;SUTURE CAROTIDE EXT. CERV.TOMIE
EBCA007;01C06 03C16 03C17 03C29 05C06 05C10 05C11 10C08 17C07 21C05;01 03 05 10 17 21;non;SUTURE CAROTIDE INT. EXTRACRÂN. CERV.TOMIE
EBCA008;01C06 05C06 05C10 05C11 17C06 21C05;01 05 17 21;non;PONTAGE HOMOLAT.
EBCA009;01C06 03C16 03C17 03C29 05C06 05C10 05C11 10C08 17C07 21C05;01 03 05 10 17 21;non;SUTURE CAROTIDE COMMUNE CERV.TOMIE
EBCA010;01C03 01C04 01C11 01C12 05C06 05C10 05C11 17C06;01 05 17;non;PONTAGE ART. EXTRA-INTRACRÂNIEN SANS GREF.
EBCA011;01C03 01C04 01C11 01C12 05C06 05C10 05C11 17C06;01 05 17;non;PONTAGE ART. EXTRA-INTRACRÂNIEN +GREF. CRANIOT.
EBCA012;01C06 03C16 03C17 03C29 05C18 17C07 21C05;01 03 05 17 21;non;PONTAGE VN JUG.AXIL CERV.TOMIE
EBCA013;01C06 05C06 05C10 05C11 17C06 21C05;01 05 17 21;non;PONTAGE CAROTIDOHUMÉRAL/S.CLAV.HUM AB. DIRECT
EBCA014;01C06 05C06 05C10 05C11 17C06 21C05;01 05 17 21;non;PONTAGE CAROTIDOVERTÉBRAL PROX. /S.CLAV.VERTÉB
EBCA015;01C06 05C06 05C10 05C11 17C06 21C05;01 05 17 21;non;PONTAGE AORT.CAR CERV.TOMIE +THOR.TOMIE
EBCA016;01C06 03C16 03C17 03C29 05C06 05C10 05C11 10C08 17C06 21C05;01 03 05 10 17 21;non;SUTURE ART. VERTÉB. PROX. CERV.TOMIE
EBCA017;01C06 05C06 05C10 05C11 17C06 21C05;01 05 17 21;non;PONTAGE ENTRE CAROTIDE COMMUNE +CAROTIDE INT.
EBEA001;01C06 03C16 03C17 03C29 05C18 17C07 21C05;01 03 05 17 21;non;RÉIMPLANT. VN JUG. INT. DS VN AXIL. AB. DIRECT
EBEA002;01C06 05C06 05C10 05C11 17C06;01 05 17;non;RÉIMPLANT. ART. VERTÉB. PROX.  S.CLAV/CAROTIDE
EBEA003;01C06 05C06 05C10 05C11 10C08 17C06 21C05;01 05 10 17 21;non;RÉIMPLANT. ART. S.CLAV. DS CAROTIDE COMMUNE
EBEA004;01C06 05C06 05C10 05C11 17C06;01 05 17;non;RÉIMPLANT. ART. VERTÉB. DIST. DS CAROTIDE INT/EXT.
EBEA005;01C06 05C06 05C10 05C11 10C08 17C06 21C05;01 05 10 17 21;non;RÉIMPLANT. CAROTIDE COMMUNE DS ART. S.CLAV.
EBFA001;01C06 05C06 05C10 05C11 17C07;01 05 17;non;EXÉRÈSE 1T. GLOMUS CAROTID. +CONSERV. AXE CAROTID.
EBFA002;01C06 05C06 05C10 05C11 10C08 17C06;01 05 10 17;non;THROMBO.ECTOMIE BIFURC CAROTID+ANGIO.PLAST
EBFA003;01C06 03C16 03C17 03C29 05C06 05C10 05C11 10C08 17C06;01 03 05 10 17;non;THROMBO.ECTOMIE CAROTIDE COMMUNE CERV.TOMIE
EBFA004;01C06 03C16 03C17 03C29 05C06 05C10 05C11 10C08 17C07 21C05;01 03 05 10 17 21;non;THROMBECTOMIE PONTAGE/THROMBO.ECTOMIE TR.
EBFA005;01C06 05C06 05C10 05C11 10C08 17C06 21C05;01 05 10 17 21;non;THROMBECTOMIE CAROTIDE COMMUNE CERV.TOMIE
EBFA006;01C06 05C06 05C10 05C11 10C08 17C07;01 05 10 17;non;THROMBO.ECTOMIE BIFURC. CAROTID. CERV.TOMIE +DÉRIV
EBFA007;01C06 05C18 09C25 09C33 09C34;01 05 09;non;EXÉRÈSE MALF. VASC. PAROTIDE +DISSECTION NF FACIAL AB.
EBFA008;01C06 05C06 05C10 05C11 10C08 17C07;01 05 10 17;non;THROMBO.ECTOMIE BIFURC. CAROTID. RETOURNT CERV.TOMIE
EBFA009;01C06 03C16 03C17 03C29 05C06 05C10 05C11 10C08 17C07 21C05;01 03 05 10 17 21;non;THROMBO.ECTOMIE CAROTIDE EXT. CERV.TOMIE
EBFA010;01C06 03C16 03C17 03C29 05C06 05C10 05C11 10C08 17C07;01 03 05 10 17;non;THROMBO.ECTOMIE CAROTIDE COMMUNE CERV.TOMIE
EBFA011;01C06 05C06 05C10 05C11 17C07;01 05 17;non;EXÉRÈSE 1T. GLOMUS CAROTID. +RECONSTR. AXE CAROTID.
EBFA012;01C06 05C06 05C10 05C11 10C08 17C07;01 05 10 17;non;THROMBOENDARTÉRIECTOMIE SIMPLE BIFURC. CAROTID.
EBFA013;01C06 03C16 03C17 03C29 05C06 05C10 05C11 10C08 17C07 21C05;01 03 05 10 17 21;non;THROMBECTOMIE PONTAGE/1THROMBO.ECTOMIE ART
EBFA014;01C06 05C06 05C10 05C11 10C08 17C06 21C05;01 05 10 17 21;non;RÉSEC. CAROTIDE INT. +RÉIMPLANT. DS CAROTIDE COMMUNE
EBFA015;01C06 05C06 05C10 05C11 10C08 17C06;01 05 10 17;non;THROMBOENDARTÉRIECTOMIE BIFURC. CAROTID. CERV.TOMIE
EBFA016;01C06 05C06 05C10 05C11 10C08 17C06;01 05 10 17;non;THROMBO.ECTOMIE BIFURC. CAROTID+ANGIO.PLAST
EBFA017;01C06 05C06 05C10 05C11 10C08 17C06;01 05 10 17;non;THROMBO.ECTOMIE ART. VERTÉB. PROX. CERV.TOMIE
EBFA018;01C06 05C06 05C10 05C11 10C08 17C07 21C05;01 05 10 17 21;non;RÉSEC.ANAST/REMPLT ART. VERTÉB. PROX. CERV.TOMIE
EBFA019;01C06 05C06 05C10 05C11 17C06 21C05;01 05 17 21;non;RÉSEC.ANAST CAROTIDE INT. CERV.TOMIE
EBFA020;01C06 05C06 05C10 05C11 17C07 21C05;01 05 17 21;non;RÉSEC.ANAST CAROTIDE COMMUNE CERV.TOMIE +THOR.TOMIE
EBFA021;01C06 05C06 05C10 05C11 17C06 21C05;01 05 17 21;non;RÉSEC.ANAST CAROTIDE COMMUNE CERV.TOMIE
EBKA001;01C06 05C06 05C10 05C11 17C07 21C05;01 05 17 21;non;REMPLT CAROTIDE COMMUNE CERV.TOMIE
EBKA002;01C06 05C06 05C10 05C11 17C07 21C05;01 05 17 21;non;REMPLT CAROTIDE INT. CERV.TOMIE
EBKA003;01C06 05C06 05C10 05C11 17C06 21C05;01 05 17 21;non;REMPLT CAROTIDE COMMUNE CERV.TOMIE +THOR.TOMIE
EBKA004;01C06 05C06 05C10 05C11 17C06 21C05;01 05 17 21;non;REMPLT BIFURC. CAROTID/CAROTIDE INT. EXTRACRÂN.
EBLA001;01C08 03C16 03C17 03C29 05C18 10C08;01 03 05 10;non;POSE 1CATHÉ. DS 1ART. CERV.CÉPH PR CHIMIOTHÉRAPIE
EBLA002;05K14 11K07;05 11;non;POSE 1CATHÉ. DS VN JUG. INT. CERV.TOMIE
EBLA003;05K14 11K07;05 11;non;POSE CATHÉ RELIÉ À 1VN PROF. MB SUP/COU
EBLF002;01K03 05K12 05K22 05K23 05K24 05K25 05K26;01 05;non;INJ. ART. CERV.CÉPH IN SITU SÉLECT/H.SÉLECT CHIMIO CATHÉ
EBLF003;01K03 05K12 05K22 05K23 05K24 05K25 05K26;01 05;non;INJ. ART. CERV.CÉPH IN SITU SUP.SÉLECT CHIMIO CATHÉ ART.
EBNF001;01K03 05K12 05K22 05K23 05K24 05K25 05K26;01 05;non;FIBRINOLYSE IN SITU H.SÉLECT 1ART. EXTRACRÂN CERV.CÉPH
EBNF002;01K03 05K12 05K22 05K23 05K24 05K25 05K26;01 05;non;FIBRINOLYSE IN SITU SUP.SÉLECT 1ART. EXTRACRÂN.
EBPA003;01C06 05C06 05C10 05C11;01 05;non;DÉCOMPR. ART. VERTÉB. INTRATRANSVERSAIRE CERV.TOMIE
EBSA001;03C16 03C17 03C29 17C07 21C05;03 17 21;non;LIGATURE ART. SPHÉNOPALATINE/ART. MAXIL. AB.
EBSA002;01C06 05C06 05C10 05C11 21C05;01 05 21;non;LIGATURE ART. VERTÉB. DIST. CERV.TOMIE
EBSA003;01C06 03C16 03C17 03C29 05C06 05C10 05C11 10C08 17C07 21C05;01 03 05 10 17 21;non;LIGATURE CAROTIDE COMMUNE CERV.TOMIE
EBSA004;03C16 03C17 03C29 17C06 21C05;03 17 21;non;LIGATURE BILAT. ART. ETHMOÏDALE ANT. +/- ART.
EBSA005;01C06 03C16 03C17 03C29 05C06 05C10 05C11 10C08 17C07 21C05;01 03 05 10 17 21;non;OCCLUSION PROGR. CAROTIDE COMMUNE/CAROTIDE INT. POSE
EBSA006;01C06 05C06 05C10 05C11 10C08 17C07 21C05;01 05 10 17 21;non;LIGATURE CAROTIDE INT. CERV.TOMIE
EBSA007;01C06 05C06 05C10 05C11 21C05;01 05 21;non;LIGATURE ART. VERTÉB. PROX. CERV.TOMIE
EBSA008;03C16 03C17 03C29 17C07 21C05;03 17 21;non;LIGATURE UNILAT. ART. ETHMOÏDALE ANT. +/- ART.
EBSA009;03C16 03C17 03C29 17C07 21C05;03 17 21;non;LIGATURE ART. SPHÉNOPALATINE +ART. ETHMOÏDALE
EBSA010;01C06 03C16 03C17 03C29 05C06 05C10 05C11 10C08 21C05;01 03 05 10 21;non;LIGATURE TR/BRANCHE CAROTIDE EXT. CERV.TOMIE
EBSA011;03C16 03C17 03C29 05C18 09C25 09C33 09C34 10C08 21C05;03 05 09 10 21;non;HÉMOSTASE IIRE REPRISE CERV.TOMIE
EBSA012;01C08 03C16 03C17 03C29 05C18 10C08 17C07 21C05;01 03 05 10 17 21;non;HÉMOSTASE IIRE À 1ACTE SUR LES VSSX CERV.CÉPH
EBSF001;01K02 01K07 05K12 05K22 05K23 05K24 05K25 05K26;01 05;non;OCCLUSION 1FAV DIRECTE CERV/CRÂNIENNE VASC.TRANSCUT.
EBSF003;01K02 01K07 05K12 05K22 05K23 05K24 05K25 05K26;01 05;non;EMBOL. SÉLECT/H.SÉLECT BRANCHE CAROTIDE EXT. CATHÉ
EBSF004;01K02 01K07 05K12 05K22 05K23 05K24 05K25 05K26;01 05;non;EMBOL. SUP.SÉLECT BRANCHE CAROTIDE EXT. CATHÉ ART.
ECAF001;05K05 05K06;05;non;DILAT. INTRALUMINALE 1ART. MB SUP. +STENT CATHÉ ART.
ECAF002;05K12 05K22 05K23 05K24 05K25 05K26;05;non;DILAT. INTRALUMINALE 1ART. MB SUP. SANS STENT CATHÉ
ECAF003;01K03 05K12 05K22 05K23 05K24 05K25 05K26;01 05;non;DILAT. INTRALUMINALE TABC/CAROTIDE THOR. SANS STENT
ECAF004;01K03 05K05 05K06;01 05;non;DILAT. INTRALUMINALE TABC/CAROTIDE THOR. +STENT CATHÉ
ECCA001;05C06 05C10 05C11 10C08 21C04;05 10 21;non;SUTURES 2ART. 1RAYON
ECCA002;05C06 05C10 05C11 10C08 21C05;05 10 21;non;PONTAGE 1ART. MAIN AB. DIRECT
ECCA003;05C06 05C10 05C11 10C08 17C07 21C05;05 10 17 21;non;PONTAGE 1ART. MB SUP. AB. DIRECT
ECCA004;05C18 21C05;05 21;non;SUTURE 1ART. MB SUP. AB. DIRECT
ECCA005;05C18 21C04;05 21;non;SUTURE 1ART. 1RAYON
ECCA006;03C16 03C17 03C29 05C06 05C10 05C11 10C08 21C05;03 05 10 21;non;SUTURE TABC THOR.TOMIE
ECCA007;01C06 05C06 05C10 05C11 17C06 21C05;01 05 17 21;non;PONTAGE HOMOLAT. S.CLAV.AXIL AB. DIRECT
ECCA009;01C06 05C06 05C10 05C11 17C06 21C05;01 05 17 21;non;PONTAGE CROISÉ
ECCA010;05C06 05C10 05C11 10C08 17C07 21C05;05 10 17 21;non;SUTURE ART. S.CLAV. CERV.TOMIE
ECFA001;04C02 05C06 05C10 05C11 17C07;04 05 17;non;THROMBO.ECTOMIE TABC THOR.TOMIE
ECFA002;05C06 05C10 05C11 10C08 17C07 21C05;05 10 17 21;non;THROMBECTOMIE 1ART. MB SUP. AB. DIRECT
ECFA003;04C02 05C06 05C10 05C11;04 05;non;THROMBO.ECTOMIE ART. S.CLAV. THOR.TOMIE
ECFA004;05C06 05C10 05C11 10C08 17C07;05 10 17;non;THROMBO.ECTOMIE ART. S.CLAV. CERV.TOMIE
ECFA005;05C18 10C08 21C05;05 10 21;non;RÉSEC.ANAST ART. MB SUP. AB. DIRECT
ECFA006;04C03 05C06 05C10 05C11 17C06 21C05;04 05 17 21;non;RÉSEC.ANAST ART. S.CLAV. CERV.TOMIE
ECJF001;05K12 05K22 05K23 05K24 05K25 05K26;05;non;THROMBOASPIRATION ART/PONTAGE ART. MB SUP. CATHÉ
ECKA001;04C02 05C06 05C10 05C11 17C06 21C05;04 05 17 21;non;REMPLT TABC THOR.TOMIE
ECKA002;04C03 05C06 05C10 05C11 17C06 21C05;04 05 17 21;non;REMPLT ART. S.CLAV. CERV.TOMIE
ECLF003;05K05 05K06;05;non;STENT COUVERTE DS 1ART. MB SUP. CATHÉ ART.
ECLF004;01K03 05K05 05K06;01 05;non;STENT COUVERTE DS TABC/CAROTIDE THOR. CATHÉ ART.
ECLF005;01K03 05K12 05K22 05K23 05K24 05K25 05K26;01 05;non;INJ. ART. IN SITU SÉLECT/H.SÉLECT CHIMIO AU MB SUP. CATHÉ
ECLF006;01K03 05K12 05K22 05K23 05K24 05K25 05K26;01 05;non;INJ. ART. IN SITU SUP.SÉLECT CHIMIO AU MB SUP. CATHÉ ART.
ECMA001;01C08 04C03 05C06 05C10 05C11 08C21 17C06 21C05;01 04 05 08 17 21;non;RECONSTR. ART. +/- VN S.CLAV. +RÉSEC. CÔTE AB. DIRECT
ECNF001;05K12 05K22 05K23 05K24 05K25 05K26;05;non;FIBRINOLYSE IN SITU SUP.SÉLECT 1ART/1PONTAGE ART.
ECNF002;05K12 05K22 05K23 05K24 05K25 05K26;05;non;FIBRINOLYSE CATHÉ H.SÉLECT 1ART/1PONTAGE ART. MB
ECPA003;05C06 05C10 05C11 17C06;05 17;non;SECTION-ANASTOMOSE 1VSS PR ANOM. DES ARCS AORT.
ECPF001;05K05 05K06;05;non;RECANALISATION 1ART. MB SUP. +STENT COUVERTE CATHÉ
ECPF002;05K05 05K06;05;non;RECANALISATION 1ART. MB SUP. +STENT CATHÉ ART.
ECPF003;05K12 05K22 05K23 05K24 05K25 05K26;05;non;RECANALISATION 1ART. MB SUP. SANS STENT CATHÉ ART.
ECPF004;05K12 05K22 05K23 05K24 05K25 05K26;05;non;RECANALISATION ART. S.CLAV. AMONT ART VERTÉB. PAS
ECPF005;05K05 05K06;05;non;RECANALISATION ART S.CLAV AMONT ART VERTÉB+STENT
ECQH015;05K10 05K15;05;non;ARTÉRIO/H.SÉLECT ART. INTRATHOR. PARIÉTALE+/-VISC CATHÉ
ECQH016;05K10 05K15;05;non;ARTÉRIO SUP.SÉLECT ART. INTRATHOR. PARIÉTALE+/-VISC
ECSA001;05C06 05C10 05C11 10C08 17C07 21C05;05 10 17 21;non;LIGATURE ART. S.CLAV. CERV.TOMIE
ECSA002;05C06 05C10 05C11 10C08 21C05;05 10 21;non;LIGATURE TABC THOR.TOMIE
ECSA003;05C18 10C08 21C05;05 10 21;non;LIGATURE 1ART. MB SUP. AB. DIRECT
ECSF001;05K12 05K22 05K23 05K24 05K25 05K26;05;non;OBLITÉRATION PLUS. ANÉVR. SACCULAIRES ART. MB SUP.
ECSF002;05K12 05K22 05K23 05K24 05K25 05K26;05;non;EMBOL. SUP.SÉLECT 1ART. MB SUP. CATHÉ ART.
ECSF003;05K12 05K22 05K23 05K24 05K25 05K26;05;non;OBLITÉRATION 1ANÉVR. SACCULAIRE ART. MB SUP. CATHÉ
ECSF004;05K12 05K22 05K23 05K24 05K25 05K26;05;non;EMBOL. SÉLECT/H.SÉLECT ART. À DESTINATION
ECSF006;05K12 05K22 05K23 05K24 05K25 05K26;05;non;EMBOL. SUP.SÉLECT ART. À DESTINATION BR/PL.PULM
ECSF008;05K12 05K22 05K23 05K24 05K25 05K26;05;non;EMBOL. SÉLECT/H.SÉLECT 1ART. MB SUP. CATHÉ ART.
EDAA002;05C06 05C10 05C11 11C08 17C06 21C05;05 11 17 21;non;ANGIO.PLAST ART. RÉNALE LAPARO/LOMBOT.
EDAF001;05K05 05K06;05;non;DILAT. SÉLEC. ART. RÉNALE +STENT CATHÉ ART.
EDAF002;05K12 05K22 05K23 05K24 05K25 05K26;05;non;DILAT. INTRALUMINALE ILIAQ COM. +/-EXT. SANS STENT
EDAF003;05K05 05K06;05;non;DILAT. INTRALUMINALE ILIAQ COM. +/-EXT. +STENT CATHÉ ART.
EDAF004;05K12 05K22 05K23 05K24 05K25 05K26;05;non;DILAT. INTRALUMINALE ART. ILIAQ INT. SANS STENT CATHÉ
EDAF005;05K05 05K06;05;non;DILAT. INTRALUMINALE 1ART. DIG. +STENT CATHÉ ART.
EDAF006;05K05 05K06;05;non;DILAT. INTRALUMINALE ART. ILIAQ INT. +STENT CATHÉ ART.
EDAF007;05K12 05K22 05K23 05K24 05K25 05K26;05;non;DILAT. SÉLEC. ART. RÉNALE SANS STENT CATHÉ ART.
EDAF008;05K12 05K22 05K23 05K24 05K25 05K26;05;non;DILAT. INTRALUMINALE 1ART. DIG. SANS STENT CATHÉ ART.
EDAF009;05K12 05K22 05K23 05K24 05K25 05K26;05;non;DILAT. INTRALUMINALE SUP.SÉLECT ART. RÉNALE SANS
EDAF010;05K05 05K06;05;non;DILAT. INTRALUMINALE SUP.SÉLECT ART. RÉNALE +STENT
EDCA001;05C06 05C10 05C11 17C07 21C05;05 17 21;non;SUTURE ART. DIG. LAPARO
EDCA002;05C06 05C10 05C11 11C08 17C07 21C05;05 11 17 21;non;SUTURE ART. RÉNALE LAPARO/LOMBOT.
EDCA003;05C06 05C10 05C11 10C08 17C06 21C05;05 10 17 21;non;PONTAGE ART. CROISÉ ILIO-ILIAQUE ILLIOFÉM/FÉM.FÉM AB.
EDCA004;05C06 05C10 05C11 17C06 21C05;05 17 21;non;PONTAGE ILLIOFÉM. PR COMPLIC. ANAST. SUR PROTH.
EDCA005;05C06 05C10 05C11 10C08 17C06 21C05;05 10 17 21;non;PONTAGE ART. ILLIOFÉM. HOMOLAT. AB. DIRECT
EDCC015;05C06 05C10 05C11 17C07 21C05;05 17 21;non;SUTURE ART. DIG. COELIO
EDEA001;05C06 05C10 05C11 11C08 17C06 21C05;05 11 17 21;non;RÉIMPLANT/PONTAGE ART. ILIAQ INT/1SES BRANCHES
EDEA004;05C06 05C10 05C11 11C08 17C06 21C05;05 11 17 21;non;RÉIMPLANT. ART. RÉNALE DS AORT. LAPARO/LOMBOT.
EDEA005;05C06 05C10 05C11 06C15 17C06 21C05;05 06 17 21;non;RÉIMPLANT. 1ART. DIG. DS AORT. LAPARO
EDFA001;05C06 05C10 05C11 11C08 17C06;05 11 17;non;THROMBO.ECTOMIE ART. RÉNALE ARTÉRIOTOMIE RÉNALE
EDFA002;05C06 05C10 05C11 06C21 21C05;05 06 21;non;THROMBECTOMIE ART. DIG. LAPARO
EDFA003;05C06 05C10 05C11 10C08 17C06 21C05;05 10 17 21;non;THROMBO.ECTOMIE ILIOFÉMORALE LAPARO
EDFA004;05C06 05C10 05C11 11C08 17C06;05 11 17;non;THROMBO.ECTOMIE DES ART. RÉNALES AORTOTOMIE
EDFA005;05C06 05C10 05C11 06C21 17C07 21C05;05 06 17 21;non;THROMBO.ECTOMIE MÉSENT. SUP.+/-TR.
EDFA006;05C06 05C10 05C11 17C06;05 17;non;THROMBO.ECTOMIE ILIAQ LAPARO
EDFA007;05C06 05C10 05C11 11C08 17C06;05 11 17;non;THROMBO.ECTOMIE ILIOFÉMORALE AB. INGUINOFÉMORAL
EDFA008;05C06 05C10 05C11 11C08 17C07 21C05;05 11 17 21;non;THROMBECTOMIE ART. RÉNALE LAPARO/LOMBOT.
EDFA009;05C06 05C10 05C11 11C08 17C06 21C05;05 11 17 21;non;RÉSEC.ANAST ART. RÉNALE LAPARO/LOMBOT.
EDFA010;05C06 05C10 05C11 06C21 17C06 21C05;05 06 17 21;non;RÉSEC.ANAST 1ART. DIG. LAPARO
EDJF001;05K12 05K22 05K23 05K24 05K25 05K26;05;non;THROMBOASPIRATION ART. RÉNALE CATHÉ ART.
EDJF002;05K12 05K22 05K23 05K24 05K25 05K26;05;non;THROMBOASPIRATION ART. DIG. CATHÉ ART.
EDKA002;05C06 05C10 05C11 11C08 17C06 21C05;05 11 17 21;non;REMPLT ART. RÉNALE LAPARO/LOMBOT.
EDKA003;05C06 05C10 05C11 06C21 17C06 21C05;05 06 17 21;non;REMPLT 1ART. DIG. LAPARO
EDLA001;05C18 07C08 17C07;05 07 17;non;IMPLANT. DIFFUSEUR SSCUT+CATHÉ. RELIÉ 1BRANCHE ART
EDLF004;05K05 05K06;05;non;STENT COUVERT DS ILIAQ COM+/-EXT. +EMBOL. ART. ILIAQ
EDLF005;05K05 05K06;05;non;ENDOPROTHÈSE COUVERTE DS ILIAQ VOIE ART
EDLF006;05K05 05K06;05;non;STENT COUVERTE DS 1ART. DIG. CATHÉ ART.
EDLF007;05K05 05K06;05;non;STENT COUVERT ART. ILIAQ INT/1BRANCHE EXTRADIG.
EDLF008;05K05 05K06;05;non;STENT COUVERTE DS PLUS. ART. DIG. CATHÉ ART.
EDLF013;05K05 05K06;05;non;STENT COUVERTE DS ART. RÉNALE CATHÉ ART.
EDLF014;05K12 05K22 05K23 05K24 05K25 05K26;05;non;CHIMIO INTRAHÉP. H.SÉLECT NON ISOTOP. SANS EMBOL.
EDLF015;05K12 05K22 05K23 05K24 05K25 05K26;05;non;CHIMIO INTRAHÉP. S.SÉLECT NON ISOTOP. SANS EMBOL.
EDLF016;05K12 05K22 05K23 05K24 05K25 05K26 07K06;05 07;non;CHIMIO INTRAHÉP. S.SÉLECT NON ISOTOP. +EMBOL.
EDLF017;05K12 05K22 05K23 05K24 05K25 05K26 07K06;05 07;non;CHIMIO INTRAHÉP. H.SÉLECT NON ISOTOP. +EMBOL.
EDLF018;05K12 05K22 05K23 05K24 05K25 05K26;05;non;CHIMIO ART. RÉNALE SUP.SÉLECT +EMBOL. PARTICULES
EDLF019;05K12 05K22 05K23 05K24 05K25 05K26;05;non;CHIMIO IN SITU ART RÉNALE H.SÉLECT +EMBOL.CATHÉ ART.
EDLF020;05K12 05K22 05K23 05K24 05K25 05K26;05;non;CHIMIO IN SITU H.SÉLECT ART. RÉNALE SANS EMBOL. CATHÉ
EDLF021;05K12 05K22 05K23 05K24 05K25 05K26;05;non;CHIMIO  IN SITU SUP.SÉLECT ART. RÉNALE SANS EMBOL. CATHÉ
EDLL001;05K12 05K22 05K23 05K24 05K25 05K26 17K09 28Z10;05 17 28;non;INJ. ART. HÉP. IN SITU ISOTOP. +EMBOL. PARTICULES CATHÉ
EDLL002;05K12 05K22 05K23 05K24 05K25 05K26 17K09 28Z10;05 17 28;non;INJ. ART. HÉP. IN SITU ISOTOP. SANS EMBOL. PARTICULES
EDMA001;05C06 05C10 05C11 11C08 17C06 21C05;05 11 17 21;non;REVASC. ART. RÉNALE À PARTIR 1ART. DIG.
EDMA003;05C06 05C10 05C11 11C08 17C06 21C05;05 11 17 21;non;REVASC. DES BRANCHES ART. RÉNALE SUR REIN IN SITU
EDMA004;05C06 05C10 05C11 11C08 17C06 21C05;05 11 17 21;non;RÉPAR. ART. RÉNALE+/-BRANCHES REIN EX SITU +GREF.
EDNF001;05K12 05K22 05K23 05K24 05K25 05K26;05;non;FIBRINOLYSE IN SITU SUP.SÉLECT ART. RÉNALE CATHÉ ART.
EDNF002;05K12 05K22 05K23 05K24 05K25 05K26;05;non;FIBRINOLYSE IN SITU SÉLECT/H.SÉLECT ART. RÉNALE CATHÉ
EDNF003;05K12 05K22 05K23 05K24 05K25 05K26;05;non;FIBRINOLYSE IN SITU 1ART. DIG. CATHÉ ART.
EDPA001;05C06 05C10 05C11 10C08 17C06 21C05;05 10 17 21;non;CHIR ANÉVR. ILIAQ +CHANGT PROTH ILIO-ILIAQ/ILLIOFÉM.
EDPA002;05C06 05C10 05C11 06C21 17C06 21C05;05 06 17 21;non;LIBÉR. 1ART. DIG. LAPARO
EDPA005;05C06 05C10 05C11 10C08 17C06 21C05;05 10 17 21;non;CHIR ANÉVR. ILIAQ +CHANGT PROTH
EDPF001;05K05 05K06;05;non;RECANALISATION ART. ILIAQ INT. +STENT CATHÉ ART.
EDPF002;05K12 05K22 05K23 05K24 05K25 05K26;05;non;RECANALISATION ART. RÉNALE SANS STENT CATHÉ ART.
EDPF003;05K12 05K22 05K23 05K24 05K25 05K26;05;non;RECANALISATION 1ART. DIG. SANS STENT CATHÉ ART.
EDPF004;05K05 05K06;05;non;RECANALISATION 1ART. DIG. +STENT CATHÉ ART.
EDPF005;05K05 05K06;05;non;RECANALISATION ART. RÉNALE +STENT CATHÉ ART.
EDPF006;05K05 05K06;05;non;RECANALISATION ILIAQ COM. +/-EXT. +STENT COUVERTE
EDPF007;05K12 05K22 05K23 05K24 05K25 05K26;05;non;RECANALISATION ART. ILIAQ INT. SANS STENT CATHÉ ART.
EDPF008;05K12 05K22 05K23 05K24 05K25 05K26;05;non;RECANALISATION ILIAQ COM. +/-EXT. SANS STENT CATHÉ ART.
EDPF009;05K05 05K06;05;non;RECANALISATION ILIAQ COM. +/-EXT. +STENT CATHÉ ART.
EDSA001;05C06 05C10 05C11 06C21 17C06 21C05;05 06 17 21;non;LIGATURE 1ART. DIG. LAPARO
EDSA002;17C06;17;non;LIGATURE DES ART. ILIAQUES INT. PR HÉMORR. POST-PARTUM
EDSA003;05C06 05C10 05C11 06C21 17C06 21C05;05 06 17 21;non;LIGATURE DES ART. ILIAQUES INT. LAPARO
EDSD011;06C19 17C07;06 17;oui;LIGATURE ARTÈRES HÉMORROÏD + GUIDAGE DOPPLER, +
EDSF001;05K12 05K22 05K23 05K24 05K25 05K26;05;non;OBLITÉRATION SUP.SÉLECT PLUS. ANÉVR. SACCULAIRES ART.
EDSF002;05K12 05K22 05K23 05K24 05K25 05K26;05;non;OBLITÉRATION H.SÉLECT ANÉVR. ILIAQ INT/1BRANCHE
EDSF003;05K12 05K22 05K23 05K24 05K25 05K26;05;non;EMBOL. SÉLECT/H.SÉLECT ART. RÉNALE CATHÉ ART.
EDSF004;05K12 05K22 05K23 05K24 05K25 05K26;05;non;EMBOL. SUP.SÉLECT BRANCHE ART. ILIAQ INT/EXTRADIG. AORT
EDSF005;05K12 05K22 05K23 05K24 05K25 05K26;05;non;EMBOL. SÉLECT/H.SÉLECT 1ART. DIG. CATHÉ ART.
EDSF006;05K12 05K22 05K23 05K24 05K25 05K26;05;non;EMBOL. SUP.SÉLECT 1ART. DIG. CATHÉ ART.
EDSF007;05K12 05K22 05K23 05K24 05K25 05K26;05;non;OBLITÉRATION SÉLECT/H.SÉLECT 1ANÉVR. SACCULAIRE ART.
EDSF008;05K12 05K22 05K23 05K24 05K25 05K26;05;non;EMBOL. SUP.SÉLECT ART. RÉNALE CATHÉ ART.
EDSF009;05K12 05K22 05K23 05K24 05K25 05K26;05;non;OBLITÉRATION SUP.SÉLECT 1ANÉVR. SACCULAIRE 1ART. DIG.
EDSF010;05K12 05K22 05K23 05K24 05K25 05K26;05;non;OBLITÉRATION CATHÉ ART. SUP.SÉLECT ANÉVR. ILIAQ
EDSF011;05K12 05K22 05K23 05K24 05K25 05K26;05;non;EMBOL ART ILIAQ INT+/-BRANCHES PR HÉMORR. POST-PARTUM
EDSF012;05K12 05K22 05K23 05K24 05K25 05K26;05;non;EMBOL. H.SÉLECT PLUS. ART. DIG. CATHÉ ART.
EDSF013;05K12 05K22 05K23 05K24 05K25 05K26;05;non;OBLITÉRATION SUP.SÉLECT 1ANÉVR. SACCULAIRE ART. RÉNALE
EDSF014;05K12 05K22 05K23 05K24 05K25 05K26;05;non;EMBOL. H.SÉLECT PLUS. BRANCHES ILIAQ INT/EXTRADIG AORT.
EDSF015;05K12 05K22 05K23 05K24 05K25 05K26;05;non;EMBOL. SUP.SÉLECT PLUS. ART. DIG. CATHÉ ART.
EDSF016;05K12 05K22 05K23 05K24 05K25 05K26;05;non;EMBOL H.SÉLECT ILIAQ INT/BRANCHE EXTRADIG. AORT. ABD.
EDSF618;05K12 05K22 05K23 05K24 05K25 05K26;05;non;EMBOLISATION HYPERSÉLECTIVE ARTÈRES PROSTATIQUES,
EEAA002;05C06 05C10 05C11 10C08 17C06 21C05;05 10 17 21;non;ANGIO.PLAST ÉLARGT 1PONTAGE ART. MB INF. AB. DIRECT
EEAF001;05K12 05K22 05K23 05K24 05K25 05K26;05;non;DILAT. INTRALUMINALE PLUS. ART. MB INF. SANS STENT CATHÉ
EEAF002;05K05 05K06;05;non;DILAT. CATHÉ+ STENT 1ART. MB INF. +ILIAQ COM+/-EXT.
EEAF003;05K12 05K22 05K23 05K24 05K25 05K26;05;non;DILAT. INTRALUMINALE 1ART. MB INF. SANS STENT CATHÉ ART.
EEAF004;05K05 05K06;05;non;DILAT. INTRALUMINALE 1ART. MB INF. +STENT CATHÉ ART.
EEAF005;05K12 05K22 05K23 05K24 05K25 05K26;05;non;DILAT. 1ART. MB INF. +ILIAQ COM+/-EXT. HOMOLAT. SANS STENT
EEAF006;05K05 05K06;05;non;DILAT. INTRALUMINALE PLUS. ART. MB INF. +STENT CATHÉ
EECA001;05C06 05C10 05C11 10C08 17C06 21C05;05 10 17 21;non;PONTAGE ART. FÉM.POP AU-DESSUS INTERLIGNE ARTIC.
EECA002;05C06 05C10 05C11 10C08 17C06 21C05;05 10 17 21;non;PONTAGE ART. FÉM.FÉM HOMOLAT. AB. DIRECT
EECA003;05C06 05C10 05C11 10C08 17C06 21C05;05 10 17 21;non;PONTAGE ART. FÉM.POP AU-DESSOUS INTERLIGNE ARTIC.
EECA005;05C06 05C10 05C11 10C08 17C06 21C05;05 10 17 21;non;PONTAGE 1ART. PIED AB. DIRECT
EECA006;05C06 05C10 05C11 10C08 17C06 21C05;05 10 17 21;non;PONTAGE ART. SUBCLAVIOFÉMORAL/AXIL.BIFÉM AB.
EECA007;05C06 05C10 05C11 10C08 17C06 21C05;05 10 17 21;non;PONTAGE ART. SUBCLAVIOFÉMORAL/AXIL.FÉM AB. DIRECT
EECA008;05C06 05C10 05C11 10C08 17C06 21C05;05 10 17 21;non;PONTAGE ART. FÉM.TIB/FÉM.PÉRON SANS COLLIER VN AB.
EECA009;05C18 10C08 17C07 21C05;05 10 17 21;non;SUTURE ART. MB INF. AB. DIRECT
EECA010;05C06 05C10 05C11 10C08 17C06 21C05;05 10 17 21;non;PONTAGE ART. FÉM.TIB/FÉM.PÉRON +COLLIER VN AB.
EECA012;05C06 05C10 05C11 10C08 17C06 21C05;05 10 17 21;non;PONTAGE MULT. ÉTAGÉ/BIFURQUÉ DES ART. DES MB INF.
EEFA001;05C06 05C10 05C11 10C08 17C06 21C05;05 10 17 21;non;THROMBO.ECTOMIE ART. FÉM. +/- SES BRANCHES AB.
EEFA002;05C06 05C10 05C11 10C08 17C06 21C05;05 10 17 21;non;THROMBECTOMIE ART. MB INF. AB. POPLITÉ
EEFA003;05C06 05C10 05C11 10C08 17C06 21C05;05 10 17 21;non;THROMBO.ECTOMIE ART. POPLITÉE AB. DIRECT
EEFA004;05C06 05C10 05C11 10C08 17C06 21C05;05 10 17 21;non;THROMBECTOMIE ART. MB INF. AB. INGUINOFÉMORAL
EEFA005;05C06 05C10 05C11 10C08 17C07 21C05;05 10 17 21;non;RÉSEC. 1KYSTE ADVENTICIEL 1ART. MB INF. AB. DIRECT
EEFA006;05C06 05C10 05C11 10C08 17C07 21C05;05 10 17 21;non;RÉSEC.ANAST 1ART. MB INF. AB. DIRECT
EEGA001;05C06 05C10 05C11 10C08 17C06 21C05;05 10 17 21;non;ABL. 1PROTH. ART. MB INF. SANS REVASC. AB. DIRECT
EEGA002;05C06 05C10 05C11 10C08 17C06 21C05;05 10 17 21;non;ABL. 1PROTH. ART. MB INF. +REVASC. AB. DIRECT
EEJF001;05K12 05K22 05K23 05K24 05K25 05K26;05;non;THROMBOASPIRATION ART/PONTAGE ART. MB INF. CATHÉ ART.
EEKA001;05C06 05C10 05C11 10C08 17C06 21C05;05 10 17 21;non;REMPLT/MISE À PLAT 1ART. MB INF. AB. DIRECT
EELF002;05K05 05K06;05;non;STENT COUVERTE DS 1ART. MB INF. CATHÉ ART.
EELF004;05K12 05K22 05K23 05K24 05K25 05K26;05;non;INJ. ART. IN SITU SUP.SÉLECT CHIMIO AU MB INF. CATHÉ ART.
EELF005;05K12 05K22 05K23 05K24 05K25 05K26;05;non;INJ. ART. IN SITU SÉLECT/H.SÉLECT CHIMIO AU MB INF. CATHÉ
EENF001;05K12 05K22 05K23 05K24 05K25 05K26;05;non;FIBRINOLYSE IN SITU SUP.SÉLECT 1ART/1PONTAGE ART. MB INF.
EENF002;05K12 05K22 05K23 05K24 05K25 05K26;05;non;FIBRINOLYSE CATHÉ ART H.SÉLECT 1ART/1PONTAGE ART. MB
EEPF001;05K05 05K06;05;non;RECANALISATION 1ART. MB INF. +STENT CATHÉ ART.
EEPF002;05K12 05K22 05K23 05K24 05K25 05K26;05;non;RECANALISATION 1ART. MB INF. SANS STENT CATHÉ ART.
EESA001;05C06 05C10 05C11 10C08 17C07 21C05;05 10 17 21;non;LIGATURE 1ART. CUISSE/JAMBE AB. DIRECT
EESF001;05K12 05K22 05K23 05K24 05K25 05K26;05;non;OBLITÉRATION 1ANÉVR. SACCULAIRE ART. MB INF. CATHÉ ART.
EESF004;05K12 05K22 05K23 05K24 05K25 05K26;05;non;EMBOL. H.SÉLECT PLUS. ART. MB INF. CATHÉ ART.
EESF005;05K12 05K22 05K23 05K24 05K25 05K26;05;non;OBLITÉRATION PLUS. ANÉVR. SACCULAIRES ART. MB INF. CATHÉ
EESF006;05K12 05K22 05K23 05K24 05K25 05K26;05;non;EMBOL. SUP.SÉLECT 1ART. MB INF. CATHÉ ART.
EESF007;05K12 05K22 05K23 05K24 05K25 05K26;05;non;EMBOL. SÉLECT/H.SÉLECT 1ART. MB INF. CATHÉ ART.
EFAF001;05K05 05K06;05;non;DILAT. INTRALUMINALE 1VN MB SUP. +STENT V.V
EFAF002;05K12 05K22 05K23 05K24 05K25 05K26;05;non;DILAT. INTRALUMINALE 1VN MB SUP. SANS STENT V.V
EFCA001;05C17 21C05;05 21;non;SUTURE VN PROF. MB SUP/COU AB. DIRECT
EFCA002;05C17 21C05;05 21;non;SUTURE VN SUPERF. DES MB/COU AB. DIRECT
EFFA001;01C08 03C16 03C17 03C29 05C17 21C05;01 03 05 21;non;RÉSEC/LIGATURE 1VN PROF. MB SUP/COU AB. DIRECT
EFFA002;04C02 05C18 21C05;04 05 21;non;RÉSEC. VN BRACHIOCÉPHALIQUE THOR.TOMIE
EFJF001;05K12 05K22 05K23 05K24 05K25 05K26;05;non;THROMBOASPIRATION VN S.CLAV. +/- VN BRACHIOCÉPHALIQUE
EFLF001;05K05 05K06;05;non;STENT COUVERTE DS 1VN MB SUP. V.V
EFNF001;05K12 05K22 05K23 05K24 05K25 05K26;05;non;FIBRINOLYSE IN SITU VN S.CLAV. +/- VN BRACHIOCÉPHALIQUE
EFPF001;05K05 05K06;05;non;RECANALISATION 1VN MB SUP. +STENT V.V
EFPF002;05K12 05K22 05K23 05K24 05K25 05K26;05;non;RECANALISATION 1VN MB SUP. SANS STENT V.V
EFSA001;05C17 11C08 21C05;05 11 21;non;LIGATURE VN SUPERF. DES MB/COU AB. DIRECT
EGAF001;05K12 05K22 05K23 05K24 05K25 05K26;05;non;DILAT. INTRALUMINALE VN RÉNALE SANS STENT V.V
EGAF002;05K05 05K06;05;non;DILAT. INTRALUMINALE VN ILIAQ EXT. +/- VN ILIAQ
EGAF003;05K12 05K22 05K23 05K24 05K25 05K26;05;non;DILAT. INTRALUMINALE VN ILIAQ EXT. +/- VN ILIAQ COMMUNE
EGAF004;05K05 05K06;05;non;DILAT. INTRALUMINALE VN RÉNALE +STENT V.V
EGCA002;05C18 10C08 11C08 17C07 21C05;05 10 11 17 21;non;SUTURE TR/BRANCHES VISCÉRALES VN ILIAQ +/- VCI
EGCA003;05C10 05C18 10C08 17C06 21C05;05 10 17 21;non;PONTAGE VN FÉM.ILIAQ HOMOLAT. FÉMOROCAVE/FÉM.RÉN
EGCA004;12C03 17C06;12 17;non;ANAST. SAPHÉNOCAVERNEUSE
EGED001;06C19;06;oui;RÉDUC PROCIDENCE HEMMOR INT PAR AGRAF CIRCUL V.
EGFA001;06C19;06;oui;HÉMORROÏDECTOMIE PÉD. SEMIFERMÉE/FERMÉE
EGFA002;06C19;06;oui;HÉMORROÏDECTOMIE PÉD. SSMUQ +ANOPLAST. POST.
EGFA003;06C19;06;oui;HÉMORROÏDECTOMIE PÉD. SSMUQ
EGFA004;05C18 21C05;05 21;non;THROMBECTOMIE VN FÉM.ILIAQ AB. FÉM.
EGFA005;06C19;06;oui;RÉSEC. 1PAQUET HÉMORROÏDAIRE ISOLÉ
EGFA006;05C17 21C05;05 21;non;RÉSEC. VN FÉM. +/- VN ILIAQ +RECONSTR. AB. DIRECT
EGFA007;06C19;06;oui;EXCISION 1THROMBOSE HÉMORROÏDAIRE
EGFA008;12C05 12C06 12C07;12;non;RÉSEC/LIGATURE VN TESTICULAIRE AB. DIRECT +EMBOL. IV
EGFA009;05C17 21C05;05 21;non;RÉSEC. VN FÉM. +/- VN ILIAQ SANS RECONSTR. AB. DIRECT
EGFA010;12C05 12C06 12C07;12;non;RÉSEC/LIGATURE VN TESTICULAIRE AB. DIRECT
EGFC001;12C05 12C06 12C07;12;non;RÉSEC/LIGATURE VN TESTICULAIRE COELIO.
EGJA001;06C19;06;oui;ÉVAC. 1THROMBOSE HÉMORROÏDAIRE EXT.
EGJF001;05K12 05K22 05K23 05K24 05K25 05K26;05;non;THROMBOASPIRATION VN RÉNALE V.V
EGJF002;05K12 05K22 05K23 05K24 05K25 05K26;05;non;THROMBOASPIRATION VN ILIAQ EXT. +/- VN ILIAQ COMMUNE V.V
EGNF001;05K12 05K22 05K23 05K24 05K25 05K26;05;non;FIBRINOLYSE IN SITU VN RÉNALE V.V
EGNF002;05K12 05K22 05K23 05K24 05K25 05K26;05;non;FIBRINOLYSE IN SITU VN ILIAQ EXT. +/- VN ILIAQ COMMUNE V.V
EGPA001;05C18 10C08 17C07 21C05;05 10 17 21;non;DÉCOMPR. VN ILIAQ LAPARO
EGPF001;05K05 05K06;05;non;RECANALISATION VN ILIAQ EXT. +/- VN ILIAQ COMMUNE
EGSA001;12C05 12C06 12C07;12;non;INTERRUPTION DES VN DRAINAGE PÉNIS AB. DIRECT
EGSA002;12C05 12C06 12C07;12;non;LIGATURE PLEXUS PAMPINIFORME/VN TESTICULAIRE AB.
EGSF001;05K12 05K22 05K23 05K24 05K25 05K26;05;non;EMBOL. SUP.SÉLECT VN TESTICULAIRE/OVARIQUE V.V
EGSF002;05K12 05K22 05K23 05K24 05K25 05K26;05;non;EMBOL. SÉLECT/H.SÉLECT VN TESTICULAIRE/OVARIQUE V.V
EHAA001;05C18 06C05 06C16 06C20 06C22 07C09 07C10;05 06 07;non;RECALIBRAGE 1ANAST. PORTOCAVE LAPARO
EHAF001;05K05 05K06;05;non;DILAT. INTRALUMINALE VN PORTE/1ANAST. PORTOCAVE
EHAF002;05K12 05K22 05K23 05K24 05K25 05K26;05;non;DILAT. INTRALUMINALE VN PORTE/1ANAST. PORTOCAVE
EHAF003;05K12 05K22 05K23 05K24 05K25 05K26;05;non;DILAT. INTRALUMINALE VN HÉP. SANS STENT V.V
EHAF004;05K12 05K22 05K23 05K24 05K25 05K26;05;non;DILAT. STENT INTRAHÉP. PR SHUNT PORTOSYSTÉMIQUE
EHCA001;05C18 06C05 06C16 06C20 06C22 07C09 07C10;05 06 07;non;PONTAGE VN MÉSENTÉRICOATRIAL THOR.TOMIE +LAPARO
EHCA002;05C18 06C05 06C16 06C20 06C22 07C09 07C10;05 06 07;non;ANAST. VN SPLÉNORÉNALE DIST. SÉLECT. +DÉCONNEXION
EHCA003;05C18 06C05 06C16 06C20 06C22 07C09 07C10 17C06;05 06 07 17;non;ANAST. PORTOCAVE TRONCULAIRE/PORTORÉNALE
EHCA004;05C18 06C05 06C16 06C20 06C22 07C09 07C10 17C06;05 06 07 17;non;ANAST. VN SPLÉNORÉNALE DIST. SÉLECT. SANS
EHCA005;05C18 06C05 06C16 06C20 06C22 07C09 07C10 17C06;05 06 07 17;non;ANAST. 1BRANCHE PORTE-VCI SAUF SPLÉNIQ/MÉSENT. SUP
EHCA006;05C18 06C05 06C16 06C20 06C22 07C09 07C10 17C06;05 06 07 17;non;ANAST. MÉSENTÉRICOCAVE INF. LAPARO
EHCA007;05C18 06C05 06C16 06C20 06C22 07C09 07C10;05 06 07;non;ANAST. VN SPLÉNORÉNALE CTR +SPLÉNECTOMIE LAPARO
EHCA008;05C18 06C21 07C09 07C10 17C06 21C05;05 06 07 17 21;non;SUTURE VN PORTE +/- 1SES BRANCHES PPAL LAPARO
EHCA009;05C18 06C05 06C16 06C20 06C22 07C09 07C10 17C06;05 06 07 17;non;ANAST. MÉSENTÉRICO-ILIO-CAVE LAPARO
EHCA010;05C18 06C05 06C16 06C20 06C22 07C09 07C10 17C06;05 06 07 17;non;ANAST. ENTRE 1BRANCHE SYST. PORTE +SYST. CAVE SUP.
EHCF002;05K05 05K06;05;non;CRÉATION 1COURT-CIRCUIT PORTOSYSTÉMIQUE
EHFA001;05C18 06C21 07C09 07C10 17C06 21C05;05 06 07 17 21;non;THROMBECTOMIE VN PORTE +/- 1SES AFFLUENTS PPAUX
EHLA001;05C18 07C08;05 07;non;IMPLANT. DIFFUSEUR SSCUT. +CATHÉ. RELIÉ À 1BRANCHE
EHNE001;06K02 06K03;06;non;SÉANCE SCLÉROSE+/-LIGATURE VO SF HÉMORR. ENDOS.
EHNE002;06K02 06K03;06;non;SCLÉROSE +/- LIGATURE VARICES OESOGASTR. PÉRIODE
EHNF001;05K12 05K22 05K23 05K24 05K25 05K26;05;non;FIBRINOLYSE IN SITU VN PORTE +/-AFFLUENTS/1SHUNT
EHPF001;05K12 05K22 05K23 05K24 05K25 05K26;05;non;RECANALISATION 1SHUNT PORTOSYSTÉMIQUE V.V
EHSF001;05K12 05K22 05K23 05K24 05K25 05K26;05;non;EMBOL VARICES OESOGASTR/BRANCH INTRAHÉP VN
EJBA001;05C17 21C05;05 21;non;INTERPOSITION 1SEGT VN VALVULÉ SUR VN POPLITÉE/VN
EJCA001;05C17 21C05;05 21;non;SUTURE VN PROF. JAMBE +/- CUISSE AB. DIRECT
EJCA002;05C10 05C18 10C08 17C06 21C05;05 10 17 21;non;PONTAGE VN POPLITÉ-FÉMORAL AB. DIRECT
EJCA003;05C10 05C18 10C08 17C06 21C05;05 10 17 21;non;PONTAGE VN CROISÉ FÉM.FÉM/FÉM.ILIAQ AB. DIRECT
EJEA001;05C10 05C18 10C08 21C05;05 10 21;non;RÉIMPLANT. VN FÉM. DS VN GDE SAPHÈNE/DS VN PROF.
EJFA002;05C17;05;non;EXÉRÈSES MULT. BRANCHES SAPHÈNE +AG/ALR AB.
EJFA004;05C17;05;non;EXÉRÈSE CROSSE PT VN SAPHÈNE AB. DIRECT
EJFA006;05C17;05;non;EXÉRÈSE IIRE CROSSE GDE VN SAPHÈNE/PT VN SAPHÈNE
EJFA007;05C17;05;non;EXÉRÈSE CROSSE GDE VN SAPHÈNE AB. DIRECT
EJFA008;05C17;05;non;EXÉRÈSE GDE VN SAPHÈNE SANS EXÉRÈSE CROSSE AB.
EJFA009;05C17;05;non;EXÉRÈSE PT VN SAPHÈNE SANS EXÉRÈSE CROSSE AB. DIRECTS
EJGA001;05C17;05;non;EXTR. PT VN SAPHÈNE AB. DIRECT
EJGA002;05C17;05;non;EXTR. GDE VN SAPHÈNE AB. DIRECT
EJGA003;05C17;05;non;EXTR. GDE VN SAPHÈNE +PT VN SAPHÈNE AB. DIRECT
EJMA900;05C17 17C07;05 17;non;VALVULOPLASTIE VN PROF. MB INF. AB. DIRECT
EJMA901;05C17;05;non;VALVULOPLASTIE VN SUPERF. MB INF. AB. DIRECT
EJSA001;05C17;05;non;LIGATURE PLUS. VN PERFO. MB INF. AB. DIRECT
EJSA003;05C17 21C05;05 21;non;LIGATURE 1VN PROF. MB INF. AB. DIRECT
EJSC001;05C17;05;non;LIGATURE VN PERFO. MB INF. VIDÉOCHIRURGIE
EJSF008;05K12 05K22 05K23 05K24 05K25 05K26;05;non;OCCLUS GDE VN SAPHÈNE AU DESSUS 1/3 MOYEN JAMBE
EJSF032;05K12 05K22 05K23 05K24 05K25 05K26;05;non;OCCLUS GDE VN SAPHÈNE RADIOFRÉQ V.V + ÉCHO &
EJSF418;05K12 05K22 05K23 05K24 05K25 05K26;05;non;OCCLUS GDE VN SAPHÈNE LASER V.V + ÉCHO & PHLEB
EJSF466;05K12 05K22 05K23 05K24 05K25 05K26;05;non;OCCLUS GDE VN SAPHÈNE AU DESSUS 1/3 MOYEN JAMBE
EJSF475;05K12 05K22 05K23 05K24 05K25 05K26;05;non;OCCLUS PETITE VN SAPHÈNE AU DESSUS 1/3 INF JAMBE
EJSF771;05K12 05K22 05K23 05K24 05K25 05K26;05;non;OCCLUS PETIT VN SAPHÈN LASER V.V + ÉCHO & PHLEB
EKLA001;05C21 10C08 11C09 21C05;05 10 11 21;non;POSE 1DÉRIV. ART.VN AU MB SUP. AB. DIRECT
EKSA001;05C18;05;non;FERM. FAV TRAUMA MB SUP. +RECONSTR. AXE ART. AB.
EKSA002;05C18;05;non;FERM. FAV TRAUMA MB SUP. SANS RECONSTR. VASC. AB.
ELCA003;05C06 05C10 05C11 12C03 21C05;05 12 21;non;ANAST. ENTRE ART/VN DORSALE PÉNIS +ART. FÉM. AB.
ELCA004;05C06 05C10 05C11 12C03 17C07 21C05;05 12 17 21;non;ANAST. ENTRE ART/VN DORSALE PÉNIS +ART.
ELGA001;05C18 06C15 07C08 21C05;05 06 07 21;non;ABL. CATHÉ. INTRAVASC. ABD. LAPARO +ABL. SYST.
ELSA001;12C05 12C06 12C07;12;non;LIGATURE/SECTION PÉD. TESTICULAIRE PR
ELSA002;17C06;17;non;LIGATURE DES PÉD. VASC. UT. PR HÉMORR. POST-PARTUM
ELSC001;12C05 12C06 12C07;12;non;LIGATURE/SECTION PÉD. TESTICULAIRE PR
ELSF001;05K12 05K22 05K23 05K24 05K25 05K26;05;non;EMBOL. 1FAV RÉNALE VASC.TRANSCUT.
EMLA001;05C21 10C08 11C09 17C07 21C05;05 10 11 17 21;non;POSE 1DÉRIV. ART.VN FÉM. AB. DIRECT
EMPA001;05C06 05C10 05C11 10C08 17C07 21C05;05 10 17 21;non;LIBÉR. 1ART. +/- 1VN POPLITÉE PIÉGÉE AB. DIRECT
EMSA001;05C18 17C07;05 17;non;FERM. 1FAV TRAUMA MB INF. +RECONSTR. VASC. AB.
EMSA002;05C18;05;non;FERM. 1FAV TRAUMA MB INF. SANS RECONSTR. VASC. AB.
ENAF001;05K05 05K06;05;non;DILAT. INTRALUMINALE 1PONTAGE ART. NON ANAT. DES MB
ENAF002;05K12 05K22 05K23 05K24 05K25 05K26;05;non;DILAT. INTRALUMINALE CATHÉ ART. 1PONTAGE ART. NON
ENCA001;01C05 08C27 17C06;01 08 17;non;EXCL. MALF. ART.VN DURALE RACH. AB. DIRECT
ENFA001;05C06 05C10 05C11 10C08 17C06 21C05;05 10 17 21;non;THROMBECTOMIE PONTAGE ART. 1MB +RÉFECTION ANAST.
ENFA004;05C06 05C10 05C11 10C08 17C06 21C05;05 10 17 21;non;THROMBECTOMIE PONTAGE ART. MB +RÉFECTION
ENFA005;05C06 05C10 05C11 10C08 17C06 21C05;05 10 17 21;non;CHANGT 1PONTAGE ART. 1MB +THROMBECTOMIE AXE ART. AB.
ENFA006;05C06 05C10 05C11 10C08 17C06 21C05;05 10 17 21;non;THROMBECTOMIE PONTAGE ART. 1MB SANS RÉFECTION ANAST.
ENFA007;01C05 08C27 17C06;01 08 17;non;EXÉRÈSE MALF. ART.VN INTRAPARENCH MOELLE ÉPIN. AB.
ENFF001;05K12 05K22 05K23 05K24 05K25 05K26;05;non;THROMBECTOMIE/EMBOLECTOMIE CATHÉ ART. 1PONTAGE
ENNF001;05K12 05K22 05K23 05K24 05K25 05K26;05;non;FIBRINOLYSE IN SITU 1PONTAGE ART. NON ANAT. DES MB
ENNH002;08K06;08;non;SCLÉROSE 1LÉS. VASC. VERTÉB. INJ. INTRALÉS.
ENSF001;01K02 01K07 05K12 05K22 05K23 05K24 05K25 05K26;01 05;non;EMBOL. 1MALF. VASC/1LÉS. VERTÉB. VASC.TRANSCUT.
ENSF002;01K02 01K07 05K12 05K22 05K23 05K24 05K25 05K26;01 05;non;EMBOL. MALF. ART.VN INTRAPARENCH MOELLE ÉPIN.
ENSF003;01K02 01K07 05K12 05K22 05K23 05K24 05K25 05K26;01 05;non;EMBOL. MALF. ART.VN DURALE SPINALE VASC.TRANSCUT.
EPCA001;05C21 10C08 11C09 22C03;05 10 11 22;non;SUPERFICIALISATION VN APRÈS CRÉATION 1FAV AB.
EPCA002;05C21 10C08 11C09 21C05 22C03;05 10 11 21 22;non;PONTAGE/ANGIOPLAST TR. VN AXIL.CLAV/FÉM. AVAL
EPFA001;01C08 03C16 03C17 03C29 05C18 08C21 08C61 09C25 09C33 09C34 17C07;01 03 05 08 09 17;non;EXÉRÈSE 1MALF. VN ÉTENDUE +RECONSTR. TISSULAIRE
EPFA004;01C08 03C16 03C17 03C29 05C18 08C21 09C25 09C33 09C34;01 03 05 08 09;non;EXÉRÈSE MALF. VN MUSC/OS. SANS RECONSTR.
EPFA005;05C17;05;non;EXÉRÈSE MALF. VN CUT. +/- SSCUT SANS RECONSTR.
EPLA002;05C21 10C08 11C09 21C05;05 10 11 21;oui;POSE 1CATHÉ CTR À DBLE COURANT PR CEC AB. DIRECT
EPLF003;05K14 11K07;05 11;non;POSE 1CATHÉ CTR PR CEC TRANSCUT.
EPLF004;05K14 11K07;05 11;non;POSE 2CATHÉ. CENTRAUX TUNNELLISÉS DS 1SEULE VN PR CEC
EPLF005;05K14 11K07;05 11;non;POSE 1CATHÉ CTR NON TUNNELLISÉ PR CEC TRANSCUT.
EPMA001;05C06 05C07 05C08 05C09 17C06;05 17;non;CORREC. 1ANOM. RETOUR VN SYSTÉMIQUE SANS PROTH.
EPMA002;05C06 05C07 05C08 05C09;05;non;CORREC. 1ANOM. RETOUR VN SYSTÉMIQUE +PROTH.
EPPF001;05K12 05K22 05K23 05K24 05K25 05K26;05;non;RECANALISATION VN DRAINAGE 1ACCÈS A-V SANS STENT
EPPF003;05K05 05K06;05;non;RECANALISATION VN DRAINAGE 1ACCÈS A-V +STENT
EQGA002;05C06 05C07 05C08 05C09;05;non;ABL. 1CEC PR ASSISTANCE CIRC. LONGUE DURÉE
EQGA003;05C06 05C07 05C08 05C09 17C07;05 17;non;ABL. DISPOSITIF ASSISTANCE CIRC. INT/EXT. SF
EQGA004;05C06 05C07 05C08 05C09;05;non;ABL. DISPOSITIF ASSISTANCE CIRC. SF CONTREPULSION
EQKA002;05C06 05C07 05C08 05C09 21C05;05 21;non;CHANGT 1SYST. ASSISTANCE CIRC. MÉC. VENTR. THOR.TOMIE
EQKA003;05C06 05C07 05C08 05C09 17C06 21C05;05 17 21;non;CHANGT 1SYST. ASSISTANCE CIRC. MÉC. VENTR.
EQLA001;05C06 05C07 05C08 05C09;05;non;POSE 1CEC PR ASSISTANCE CIRC. LONGUE DURÉE
EQLA002;05C06 05C07 05C08 05C09;05;non;POSE 1CEC URGENCE PR ASSISTANCE CIRC. AB. VASC. PÉRIPH.
EQLA003;05C06 05C07 05C08 05C09;05;non;POSE 1ASSISTANCE CIRC. MÉC. MONOVENTR. EXT. THOR.TOMIE
EQLA004;05C06 05C07 05C08 05C09;05;non;POSE 1ASSISTANCE CIRC. MÉC. MONOVENTR. EXT. THOR.TOMIE
EQLA005;05C06 05C07 05C08 05C09;05;non;POSE 1ASSISTANCE CIRC. MÉC. BIVENTR. EXT. THOR.TOMIE
EQLA006;05C06 05C07 05C08 05C09;05;non;POSE 1ASSISTANCE CIRC. MÉC. BIVENTR. EXT. THOR.TOMIE
EQLA007;05C06 05C07 05C08 05C09;05;non;POSE 1ASSISTANCE CIRC. MÉC. MONOVENTR. INT. THOR.TOMIE
EQLA008;05C06 05C07 05C08 05C09 17C07;05 17;non;POSE 1ASSISTANCE CIRC. MÉC. MONOVENTR. INT. THOR.TOMIE
EQLA009;05C06 05C07 05C08 05C09;05;non;POSE 1ASSISTANCE CIRC. MÉC. BIVENTR. INT. THOR.TOMIE
EQLA010;05C06 05C07 05C08 05C09 17C06;05 17;non;POSE 1PROTH. MÉC. BIVENTR. ORTHOTOPIQUE THOR.TOMIE
EQLA011;05C06 05C07 05C08 05C09;05;non;POSE DISPOSITIF INT. ASSISTANCE CIRC. SF CEC +VENTR.
EQLF004;05C02 05C04;05;non;POSE DISPOSITIF MESURE DES PRESSIONS COEUR DT
EQQF001;05C02 05C04 05K10 05K15;05;non;ENREG. PRESS. COEUR DT A.P +COEUR GCHE  V.V +CATHÉ
EQQF002;05C02 05C04 05K10 05K15;05;non;ENREG. PRESS. COEUR GCHE +AORT. CATHÉ ART.
EQQF003;05K10 05K15;05;non;ENREG. PRESS. INTRAVASCULAIRES PULM+SYSTÉMIQ
EQQF004;05C02 05C04 05K10 05K15;05;non;ENREG. PRESS. COEUR DT A.P +COEUR GCHE V.V +PERFO.
EQQF006;05C02 05C04 05K10 05K15;05;non;ENREG. PRESS. COEUR DT +A.P V.V
EQQH001;05C02 05C04 05K10 05K15;05;non;ENREG. PRESS. COEUR DT +A.P +INJ. PROD. CONTRASTE
EQQH002;05C02 05C04 05K10 05K15;05;non;ENREG. PRESS. COEUR GCHE +AORT. +INJ. PROD.
EQQH004;05C02 05C04 05K10 05K15;05;non;ENREG. PRESS. COEUR DT+A.P+COEUR GCHE+AONGIO V.V
EQQH005;05C02 05C04 05K10 05K15;05;non;PRESS CAV.DT A.P+CAV.GCHE +PROD CONTRASTE V.V
EQQH006;05C02 05C04 05K10 05K15;05;non;PRESS CAV.DT A.P+CAV.GCHE +PROD CONTRASTE V.V
EZAF001;05K12 05K22 05K23 05K24 05K25 05K26;05;non;DILAT. INTRALUMINALE 1ACCÈS A-V 1MB SANS STENT
EZAF002;05K05 05K06;05;non;DILAT. INTRALUMINALE 1ACCÈS A-V 1MB +STENT
EZBA001;05C21 10C08 11C09 21C05 22C03;05 10 11 21 22;non;RÉDUC. DÉBIT 1ACCÈS A-V +RÉFECTION ANAST. ART.
EZBA002;05C21 10C08 11C09 21C05 22C03;05 10 11 21 22;non;RÉDUC. VOL. 1ANÉVR. 1ACCÈS A-V
EZBA003;05C21 10C08 11C09 21C05 22C03;05 10 11 21 22;non;RÉDUC. DÉBIT 1ACCÈS A-V LIGATURE/RÉDUC. CALIBRE
EZCA002;05C21 10C08 11C09 21C05 22C03;05 10 11 21 22;non;EXCL. 1ACCÈS A-V +PONTAGE AB. DIRECT
EZCA003;05C21 10C08 11C09 21C05 22C03;05 10 11 21 22;non;PONTAGE ART.VN PR ACCÈS VASC. AB. DIRECT
EZCA004;05C21 10C08 11C09 21C05 22C03;05 10 11 21 22;non;PONTAGE/ANGIO.PLAST ÉLARGT 1ACCÈS A-V AB. DIRECT
EZFA001;05C18 08C29 08C46 09C25 09C33 09C34 21C05;05 08 09 21;oui;EXÉRÈSE MALF. ART.VN CUT. +/- SSCUT
EZFA002;05C21 11C09 21C05;05 11 21;non;EXÉRÈSE 1ACCÈS A-V SANS RECONSTR. VASC.
EZFA003;05C21 11C09 21C05;05 11 21;non;EXÉRÈSE 1ACCÈS A-V +RECONSTR. VASC.
EZFA004;05C18 08C29 08C46 09C25 09C33 09C34 21C05;05 08 09 21;oui;EXÉRÈSE MALF. ART.VN MUSC/OS.
EZGF001;05C02 05C04 05K12 05K22 05K23 05K24 05K25 05K26;05;non;ABL. 1ENDOPROTH. VASC/1FILTRE CAVE MIGRÉ COEUR/VSS
EZJF001;05K05 05K06;05;non;THROMBOASPI ACCÈS A-V MB +DILAT. INTRALUMINALE
EZJF002;05K12 05K22 05K23 05K24 05K25 05K26;05;non;THROMBOASPI ACCÈS A-V 1MB +DILAT. INTRALUMINALE
EZLA001;05K14 11K07;05 11;non;IMPLANT. SSCUT 1SITE ACCÈS VASC. PR CEC
EZMA001;05C21 10C08 11C09 21C05;05 10 11 21;non;CRÉATION 1FAV PR ACCÈS VASC. AB. DIRECT SUJET >20KG
EZMA002;05C21 10C08 11C09 21C05;05 10 11 21;non;CRÉATION 1FAV ACCÈS VASC AB DIRECT +SUPERFICIALISATION
EZMA003;05C21 10C08 11C09 21C05;05 10 11 21;non;CRÉATION 1FAV PR ACCÈS VASC. +SUPERFICIALISATION VN
EZMA004;05C21 10C08 11C09 21C05;05 10 11 21;non;CRÉATION 1FAV PR ACCÈS VASC. SANS SUPERFICIALISATION VN
EZNF001;05K12 05K22 05K23 05K24 05K25 05K26;05;non;FIBRINOLYSE IN SITU 1ACCÈS A-V 1MB+DILAT.
EZNF002;05K05 05K06;05;non;FIBRINOLYSE IN SITU 1ACCÈS A-V 1MB +DILAT+STENT
EZNF900;05K12 05K22 05K23 05K24 05K25 05K26;05;non;IRRAD. INTRAVASCULAIRE AU DÉCOURS 1DILAT. VSS
EZPA001;05C21 10C08 11C09 21C05;05 10 11 21;non;DÉSOBSTRUCTION 1ACCÈS A-V AB. DIRECT
EZPF003;05K05 05K06;05;non;DÉSOBSTRUCT.. 1ACCÈS A-V +DILAT. INTRALUMINALE
EZPF004;05K12 05K22 05K23 05K24 05K25 05K26;05;non;DÉSOBSTRUCTION MÉC. ACCÈS A-V +DILAT.
EZQA001;01C14 03C16 03C17 03C29 04C03 05C18 08C21 09C25 09C33 09C34 10C08 16C03 21C05;01 03 04 05 08 09 10 16 21;non;EXPLO. 1AXE VASC.NF DES MB/COU AB. DIRECT
EZSA001;05C21 11C09 21C05;05 11 21;non;FERM. 1ACCÈS A-V AB. DIRECT
EZSA002;05C21 10C08 11C09 21C05 22C03;05 10 11 21 22;non;HÉMOSTASE 1ACCÈS A-V AB. DIRECT
EZSA003;05C21 10C08 11C09 21C05 22C03;05 10 11 21 22;non;FERM. 1FAUX ANÉVR. 1ACCÈS A-V +RECONSTR. DES AXES
EZSA004;05C18 10C08 17C07 21C05;05 10 17 21;non;HÉMOSTASE IIRE À 1ACTE SUR LES VSSX DES MB AB. DIRECT
EZSA005;05C06 05C07 05C08 05C09 17C07;05 17;non;FERM. 1COMMUNICATION ART.VN TRONCULAIRE CONG. AB.
FAFA001;03C12 03C13 03C28;03;oui;ADÉNOÏDECTOMIE +POSE UNILAT. ATT
FAFA002;03C12 03C13 03C28;03;oui;ADÉNOÏDECTOMIE +POSE BILAT. ATT
FAFA005;03C12 03C13 03C27;03;oui;AMYGDALECTOMIE DISSECTION +ADÉNOÏDECTOMIE +POSE
FAFA006;03C10 03C11 03C12 03C13 03C27;03;oui;AMYGDALECTOMIE DISSECTION +ADÉNOÏDECTOMIE
FAFA007;03C12 03C13 03C27;03;oui;EXÉRÈSE MOIGNON AMYGDALIEN
FAFA008;03C10 03C11 03C12 03C13 03C28;03;oui;ADÉNOÏDECTOMIE
FAFA010;03C12 03C13 03C27;03;oui;AMYGDALECTOMIE DISSECTION +ADÉNOÏDECTOMIE +POSE
FAFA013;03C10 03C11 03C12 03C13 03C28;03;oui;ADÉNOÏDECTOMIE +MYRINGOTOMIE
FAFA014;03C10 03C11 03C12 03C13 03C27;03;oui;AMYGDALECTOMIE DISSECTION
FAFA015;03C10 03C11 03C12 03C13 03C27;03;oui;AMYGDALECTOMIE DISSECTION +ADÉNOÏDECTOMIE
FAND001;03K04;03;non;SÉANCE DESTRUC. TISSU AMYGDALIEN
FASD001;03C12 03C13 03C27 21C05;03 21;oui;HÉMOSTASE IIRE À 1AMYGDALECTOMIE/1ADÉNOÏDECTOMIE
FBFA001;01C08 04C02 10C08 16C03 17C07;01 04 10 16 17;non;EXÉRÈSE THYMUS VESTIGIAL CERV.TOMIE
FBFA003;01C08 04C02 10C08 16C03 17C06;01 04 10 16 17;non;EXÉRÈSE THYMUS VESTIGIAL THOR.TOMIE
FBFA900;01C08 04C02 10C08 16C03 17C07;01 04 10 16 17;non;EXÉRÈSE THYMUS VESTIGIAL THOR.TOMIE +PRÉPA.
FBFC900;01C08 04C04 10C08 16C03 17C07;01 04 10 16 17;non;EXÉRÈSE THYMUS VESTIGIAL THOR.SCOPIE
FCCA001;05C18 08C21 09C14 16C03 21C05;05 08 09 16 21;non;DÉRIV. LYMPHOLYMPHATIQUE/LYMPHOVEINEUSE 1MB AB.
FCFA001;03C16 03C17 03C29 04C03 05C18 08C29 08C42 09C14 16C03;03 04 05 08 09 16;non;EXÉRÈSE LYMPHANGIOME CERV.
FCFA002;03C16 03C17 03C29 04C03 06C15 08C21 09C14 10C08 16C03;03 04 06 08 09 10 16;non;CURAGE GGL. MÉDIAST. SUP. CERV.TOMIE
FCFA003;03C16 03C17 03C29 04C02 05C18 06C15 08C29 08C42 08C61 09C14 16C03 17C07;03 04 05 06 08 09 16 17;non;EXÉRÈSE LYMPHANGIOME CERV. +EXTENSION MÉDIAST.
FCFA004;04C02 09C14 10C08 16C03 17C06;04 09 10 16 17;non;CURAGE GGL. MÉDIAST. THOR.TOMIE
FCFA005;03C25 04C03 06C15 08C21 08C61 09C14 10C08 16C03 17C07;03 04 06 08 09 10 16 17;non;CURAGE GGL. CERV. CPLT +RÉCURRENT UNILAT.
FCFA006;06C21 08C21 08C61 10C08 11C02 11C03 12C11 12C12 13C14 13C15 16C03 17C06;06 08 10 11 12 13 16 17;non;CURAGE GGL. PELV. LAPARO
FCFA007;09C14 16C03 17C07 21C05;09 16 17 21;non;LYMPHANGECTOMIE 1MB AB. DIRECT
FCFA008;03C26 04C03 06C15 08C21 08C61 09C14 10C08 16C03 17C07;03 04 06 08 09 10 16 17;non;CURAGE GGL. CERV. CPLT UNILAT. CERV.TOMIE
FCFA009;03C25 04C03 06C15 08C21 08C61 09C14 10C08 16C03 17C07;03 04 06 08 09 10 16 17;non;CURAGE GGL. CERV. CPLT +RÉCURRENT BILAT.
FCFA010;06C21 08C21 09C14 10C08 11C02 11C03 12C11 12C12 13C14 13C15 16C03 17C06;06 08 09 10 11 12 13 16 17;non;CURAGE GGL. LOMBOAORT. LAPARO
FCFA011;06C15 08C21 08C61 09C14 11C08 12C09 12C10 13C13 16C03 17C07;06 08 09 11 12 13 16 17;non;CURAGE GGL. INGUINAL AB. DIRECT
FCFA012;03C16 03C17 03C29 04C03 06C15 07C08 08C21 09C23 09C33 09C34 10C08 11C08 12C09 12C10 13C13 16C03;03 04 06 07 08 09 10 11 12 13 16;oui;EXÉRÈSE GGL COU DIAG. CERV.TOMIE
FCFA013;03C25 04C03 06C15 08C21 09C14 10C08 16C03 17C06;03 04 06 08 09 10 16 17;non;CURAGE GGL. CERV. CPLT BILAT. CERV.TOMIE
FCFA014;03C16 03C17 03C29 04C03 05C18 06C15 08C29 08C42 08C61 09C14 16C03 17C07;03 04 05 06 08 09 16 17;non;EXÉRÈSE LYMPHANGIOME CERV.PAROT +EXTENSION
FCFA015;03C16 03C17 03C29 04C03 05C18 06C15 08C29 08C42 08C61 09C14 16C03;03 04 05 06 08 09 16;non;EXÉRÈSE LYMPHANGIOME CERV.PAROT
FCFA016;03C16 03C17 03C29 04C03 06C15 08C21 09C14 10C08 16C03;03 04 06 08 09 10 16;non;CURAGE GGL. CERV. PART. UNILAT. CERV.TOMIE
FCFA018;03C16 03C17 03C29 04C03 06C15 07C08 08C21 09C14 10C08 11C08 12C09 12C10 13C13 16C03;03 04 06 07 08 09 10 11 12 13 16;non;EXÉRÈSE GGL DES MB THÉRAP. AB. DIRECT
FCFA019;06C21 08C21 08C61 09C14 10C08 11C02 11C03 12C11 12C12 13C14 13C15 16C03 17C06;06 08 09 10 11 12 13 16 17;non;CURAGE GGL. ILIAQ LAPARO
FCFA020;03C16 03C17 03C29 04C03 06C15 08C21 09C14 10C08 16C03 17C07;03 04 06 08 09 10 16 17;non;CURAGE GGL. CERV. PART. BILAT. CERV.TOMIE
FCFA021;03C16 03C17 03C29 04C03 06C15 07C08 08C21 09C23 09C33 09C34 10C08 11C08 12C09 12C10 13C13 16C03;03 04 06 07 08 09 10 11 12 13 16;non;EXÉRÈSE GGL DES MB DIAG. AB. DIRECT
FCFA022;06C21 08C21 08C61 09C14 10C08 11C02 11C03 12C11 12C12 13C14 13C15 16C03 17C06;06 08 09 10 11 12 13 16 17;non;CURAGE GGL. LOMBOAORT. +CURAGE ILIAQ LAPARO
FCFA023;03C16 03C17 03C29 04C02 05C18 06C15 08C29 08C42 08C61 09C14 16C03 17C07;03 04 05 06 08 09 16 17;non;EXÉRÈSE LYMPHANGIOME CERV.PAROT +EXTENS
FCFA024;03C16 03C17 03C29 05C18 08C29 08C46 09C25 09C33 09C34 16C03;03 05 08 09 16;non;EXÉRÈSE 1LYMPHANGIOME SUPERF.
FCFA025;03C25 04C03 06C15 08C21 09C14 10C08 16C03 17C07;03 04 06 08 09 10 16 17;non;CURAGE GGL. CERV. CPLT UNILAT. +CURAGE PART.
FCFA026;03C16 03C17 03C29 04C03 05C18 06C15 08C29 08C42 09C14 16C03;03 04 05 06 08 09 16;non;EXÉRÈSE LYMPHANGIOME CERV.FAC SANS DISSECTION NF
FCFA027;03C26 04C03 06C15 08C21 08C61 09C14 10C08 16C03 17C07;03 04 06 08 09 10 16 17;non;CURAGE CERV. UNILAT ÉLARGI (MUSC NF CAROTIDE EXT
FCFA028;03C16 03C17 03C29 04C03 06C15 07C08 08C21 09C14 10C08 11C08 12C09 12C10 13C13 16C03;03 04 06 07 08 09 10 11 12 13 16;non;EXÉRÈSE GGL COU THÉRAP. CERV.TOMIE
FCFA029;06C15 08C21 08C61 09C14 16C03 17C07;06 08 09 16 17;non;CURAGE GGL. AXIL. AB. DIRECT
FCFC001;06C15 08C21 08C61 09C14 11C02 11C03 12C11 12C12 13C14 13C15 16C03 17C07;06 08 09 11 12 13 16 17;non;CURAGE GGL. ILIAQ COELIO
FCFC002;03C16 03C17 03C29 04C02 06C15 07C08 08C21 09C14 10C08 11C08 12C09 12C10 13C13 16C03;03 04 06 07 08 09 10 11 12 13 16;non;EXÉRÈSE GGL MÉDIAST. THOR.SCOPIE/MÉDIASTINOSCOPIE
FCFC003;06C15 08C21 09C14 10C08 11C02 11C03 12C11 12C12 13C14 13C15 16C03 17C07;06 08 09 10 11 12 13 16 17;non;CURAGE GGL. PELV. COELIO
FCFC004;06C15 08C21 08C61 09C14 10C08 11C02 11C03 12C11 12C12 13C14 13C15 16C03 17C07;06 08 09 10 11 12 13 16 17;non;CURAGE GGL. LOMBOAORT. +CURAGE ILIAQ COELIO
FCFC005;06C15 08C21 09C14 10C08 11C02 11C03 12C11 12C12 13C14 13C15 16C03 17C07;06 08 09 10 11 12 13 16 17;non;CURAGE GGL. LOMBOAORT. COELIO
FCPA001;08C21 09C14 16C03;08 09 16;non;MISE À PLAT 1LYMPHOCÈLE 1MB +LYMPHOSTASE AB. DIRECT
FCSA001;04C02 16C03 17C06 21C05;04 16 17 21;non;FERM. FISTULE/LIGATURE CONDUIT THOR. THOR.TOMIE
FCSA002;04C03 16C03 17C07 21C05;04 16 17 21;non;LIGATURE CONDUIT THOR. CERV.TOMIE
FCSC001;04C04 16C03 17C06 21C05;04 16 17 21;non;FERM. FISTULE/LIGATURE CONDUIT THOR. THOR.SCOPIE
FELF009;27Z02 27Z03 27Z04;27;non;INJ. IV 1PROD. THÉRAPIE CELL. PR ALLOGREFFE FELF010      /0 INJ. IV 1PROD. THÉRAPIE CELL. PR GREF.
FELF010;;27;non;
FENL001;17K09;17 28;non;IRRAD. INT. PR POLYGLOBULIE INJ. IV PHOSPHORE 32
FFFA001;05C06 05C10 05C11 06C21 16C02 17C06 21C05;05 06 16 17 21;non;SPLÉNECTOMIE TOT. LAPARO
FFFA002;05C06 05C10 05C11 16C02 17C06 21C05;05 16 17 21;non;SPLÉNECTOMIE PART. LAPARO
FFFC001;06C15 16C02 17C06 21C05;06 16 17 21;non;SPLÉNECTOMIE TOT. COELIO.
FFFC420;16C02 17C06 21C05;16 17 21;non;SPLÉNECTOMIE PART. COELIO.
FFJA001;16C02 17C07 21C05;16 17 21;non;ÉVAC. COLLECTION RATE LAPARO
FFJC001;16C02 17C07 21C05;16 17 21;non;ÉVAC. COLLECTION RATE COELIO.
FFSA001;16C02 17C06 21C05;16 17 21;non;HÉMOSTASE SPLÉNIQUE +CONSERV. RATE LAPARO
FFSC272;16C02 17C06 21C05;16 17 21;non;HÉMOSTASE SPLÉNIQUE +CONSERV. RATE  COELIO.
GAEA001;03C16 03C17 03C29 09C25 09C32 21C05 22C03;03 09 21 22;non;REPOS. FRAGMT NEZ AMPUTÉ SANS ANAST. VASC.
GAEA002;03C16 03C17 03C29 09C09 09C25 21C05 22C03;03 09 21 22;non;RÉIMPLANT. FRAGMT NEZ +ANAST. VASC.
GAFA001;03C16 03C17 03C29 09C25 09C32;03 09;non;EXCISION/DÉCORTICATION 1RHINOPHYMA LASER
GAFA002;03C16 03C17 03C29 09C25 09C32 21C05 22C03;03 09 21 22;non;EXÉRÈSE PART/TOT. POINTE +/- AILE NEZ
GAFA003;03C16 03C17 03C29 09C25 09C32;03 09;non;EXCISION/DÉCORTICATION 1RHINOPHYMA SANS LASER
GAFA004;03C16 03C17 03C29 09C09 09C23 17C07 21C05 22C03;03 09 17 21 22;non;AMPUT. PYRAMIDE NASALE ÉTENDUE AU PHILTRUM +/- À
GAFA005;03C16 03C17 03C29 09C25 09C32 21C05 22C03;03 09 21 22;non;EXÉRÈSE TRANSFIXIANTE LÉS. PEAU NEZ +/- MUQ. NARINAIRE
GAFA006;03C06 03C07;03;non;EXÉRÈSE LÉS/MALF. CAV. NASALE AB. LAT.NASAL
GAFA007;03C16 03C17 03C29 09C25 09C32 21C05 22C03;03 09 21 22;non;EXÉRÈSE NON TRANSFIXIANTE LÉS. PEAU NEZ/MUQ. NARINAIRE
GAFA008;03C16 03C17 03C29 09C23 09C32 21C05 22C03;03 09 21 22;non;AMPUT. PYRAMIDE NASALE
GAFA009;03C16 03C17 03C29 09C25 09C27 09C28 09C29 09C30 09C31;03 09;non;EXÉRÈSE 1FISTULE CONG. COLUMELLE NASALE/LÈVRE SUP.
GAFA010;01C03 01C04 01C11 01C12 03C16 03C17 03C29 17C07;01 03 17;non;EXÉRÈSE 1FIST/KYSTE CONG DOS NEZ +PROLONGT
GAFA011;03C16 03C17 03C29 09C25 09C27 09C28 09C29 09C30 09C31;03 09;non;EXÉRÈSE 1FIST/KYSTE CONG DOS NEZ AB. FACIAL
GAMA001;03C09 08C21 09C09 09C25 21C05 22C03;03 08 09 21 22;non;RHINOSEPTOPLASTIE SANS O.TOMIE SANS GREF. CART.
GAMA002;03C16 03C17 03C29 09C09 09C23 21C05 22C03;03 09 21 22;non;RÉPAR. NEZ LAMBEAU FRONTAL À PÉD. INF.
GAMA003;03C09 08C21 09C09 09C25 21C05 22C03;03 08 09 21 22;non;RHINOPLASTIE SANS O.TOMIE +GREF. CART. SEPTUM
GAMA004;03C09 08C21 09C09 09C25 21C05 22C03;03 08 09 21 22;non;RHINOSEPTOPLASTIE +O.TOMIE SANS GREF. CART.
GAMA005;03C09 08C21 09C25 09C32 21C05 22C03;03 08 09 21 22;non;PLASTIE OSTÉO-CUTANÉO-CARTILAGINEUSE PR STÉNOSE
GAMA006;03C16 03C17 03C29 09C09 09C23 17C07 21C05 22C03;03 09 17 21 22;non;RÉPAR. NEZ LAMBEAU SCALPANT +LAMBEAU
GAMA007;03C09 08C21 21C05;03 08 21;non;SEPTOPLASTIE NASALE
GAMA008;03C09 08C21 09C09 09C25 21C05 22C03;03 08 09 21 22;non;RHINOPLASTIE PRIMITIVE POINTE
GAMA009;03C09 08C21 09C25 09C32 21C05;03 08 09 21;non;PLASTIE NARINAIRE PR COLLAPSUS VALVE NASALE INT.
GAMA010;03C09 08C21 09C09 09C25 21C05 22C03;03 08 09 21 22;non;RHINOSEPTOPLASTIE +GREF. OS. +CART.
GAMA011;03C16 03C17 03C29 17C07;03 17;non;RECONSTR. CAV. NASALE PR HYPOPLASIE/APLASIE CHEZ
GAMA012;03C16 03C17 03C29 09C25 09C32 21C05 22C03;03 09 21 22;non;RÉPAR. NEZ LAMBEAU RÉG.
GAMA013;03C09 08C21 09C09 09C25 21C05 22C03;03 08 09 21 22;non;RHINOPLASTIE +O.TOMIE +GREF. CART. SEPTUM NASAL
GAMA014;03C16 03C17 03C29 09C09 09C23 17C07 21C05 22C03;03 09 17 21 22;non;RÉPAR. NEZ LAMBEAU SCALPANT
GAMA015;03C16 03C17 03C29 08C21 09C25 09C32;03 08 09;non;PLASTIE NARINAIRE PR COLLAPSUS VALVE NASALE INT.
GAMA016;03C09 08C21 09C09 09C25 21C05 22C03;03 08 09 21 22;non;RHINOSEPTOPLASTIE +O.TOMIE +GREF. CART. SEPTUM NASAL
GAMA017;03C16 03C17 03C29 08C21 09C25 09C32 17C06;03 08 09 17;non;PLASTIE DES ORIFICES PIRIFORMES NEZ CHEZ NOURRISSON
GAMA018;03C16 03C17 03C29 09C25 09C32 21C05 22C03;03 09 21 22;non;RÉPAR. NEZ LAMBEAU LOC.
GAMA019;03C16 03C17 03C29 09C25 09C32 21C05 22C03;03 09 21 22;non;RÉPAR. NEZ GREF. COMPOSÉE AURICULE
GAMA020;03C09 08C21 09C09 09C25 21C05 22C03;03 08 09 21 22;non;RHINOSEPTOPLASTIE SANS O.TOMIE +GREF. CART. SEPTUM
GAMA021;03C16 03C17 03C29 09C09 09C23 21C05 22C03;03 09 21 22;non;RECONSTR. NEZ/PTE +ARMATURE O.CHONDRAL LAMBEAU
GAMA022;03C09 08C21 09C25 09C32 21C05 22C03;03 08 09 21 22;non;CORREC. IIRE RÉS. ESTHÉTIQUE 1RHINOPLASTIE
GAMA023;03C16 03C17 03C29 09C23 09C32 21C05 22C03;03 09 21 22;non;RÉPAR. NEZ LAMBEAU BRACHIAL À PÉD. TRANSIT
GAMA024;03C09 08C21 09C09 09C25 21C05 22C03;03 08 09 21 22;non;RHINOPLASTIE +O.TOMIE SANS GREF. CART.
GAMA025;03C16 03C17 03C29 08C21 09C09 09C25;03 08 09;non;CORREC. SÉQUEL. NARINAIRE 1FENTE LMP UNILAT.
GAMA026;03C16 03C17 03C29 08C21 09C09 09C25;03 08 09;non;CORREC. SÉQUEL. NARINAIRE 1FENTE LMP BILAT.
GAME001;03C16 03C17 03C29;03;non;TURBINOPLASTIE/TURBINECTOMIE INF. +/- MOY. ENDOS.
GAME002;03C16 03C17 03C29 09C25 09C32;03 09;non;PLASTIE CAV. NASALE PR RHINITE ATROPHIQUE ENDOS.
GAND001;03K04;03;non;CAUTÉRISATION MUQ. CORNET INF.
GAQE001;03K03;03;non;ENDOS. CAV. NASALE +RHINOPHARYNX V. NASALE
GAQE003;03K03;03;non;ENDOS. CAV. NASALE V. NASALE
GASA001;03C09 08C21 09C25 09C32 21C05;03 08 09 21;non;FERM. PERFO. SEPTUM NASAL
GASE001;03K03;03;non;HÉMOSTASE INTRANASALE
GASE002;03K03;03;non;HÉMOSTASE INTRANASALE INJ. TRANSMUQ. ENDOS.
GBBA001;01C03 01C04 01C11 01C12 08C21 17C06 21C05;01 08 17 21;non;CRANIALISATION SINUS FRONTAL
GBBA002;03C17;03;non;COMBLT PRÉIMPLANTAIRE SOUSMUQUEUX SINUS MAXIL.
GBBA364;03C17;03;non;COMBLEMENT PRÉIMPLANTAIRE SOUSMUQUEUX
GBCA001;03C06 03C07 08C21 17C07 21C05;03 08 17 21;non;EXCL. SINUS FRONTAL COMBLT
GBFA001;03C06 03C07;03;non;EXÉRÈSE LÉS. SINUS FRONTAL AB. FRONTOSOURCILIER
GBFA002;03C06 03C07 17C07;03 17;non;EXÉRÈSE LÉS. SINUS ETHMOÏDAL AB.
GBFA003;03C06 03C07 17C07;03 17;non;EXÉRÈSE LÉS. SINUS FRONTAL AB. CORONAL
GBFA004;01C03 01C04 01C11 01C12 03C06 03C07 17C07;01 03 17;non;RÉSEC. TOT. UNILAT SINUS ETHMOÏD+LAME CRIBLÉE
GBFA005;03C06 03C07 17C07;03 17;non;RÉSEC TOT UNILAT SINUS ETHMOÏD+SINUSOTOMIE
GBFA006;01C03 01C04 01C11 01C12 03C06 03C07 17C07;01 03 17;non;RÉSEC. TOT. BILAT. SINUS ETHM. +OUV. SPHÉN+MAXIL. AB.
GBFA007;03C06 03C07;03;non;EXÉRÈSE LÉS. SINUS SPHÉNOÏDAL ENDOS.
GBFA008;03C06 03C07 08C21 21C05;03 08 21;non;ETHMOÏDECTOMIE ANT. BILAT. +SEPTOPLASTIE NASALE
GBGD001;03C06 03C07 21C05;03 21;non;DÉMÉCHAGE +/- NETTOYAGE POSTOP SINUS PARANASAL
GBJA001;03C06 03C07 21C05;03 21;non;ÉVAC. COLLECTION SINUS FRONTAL ENDOS. NASALE +AB.
GBJA002;03C06 03C07 17C07 21C05;03 17 21;non;ÉVAC. COLLECTION SINUS FRONTAL AB. DIRECT
GBJD002;03C06 03C07 21C05;03 21;non;ÉVAC. COLLECTION SINUS MAXIL. V. MÉATALE INF.
GBJE001;03K03;03;non;ÉVAC. COLLECTION SINUS FRONTAL ENDOS. NASALE
GBJE002;03C06 03C07;03;non;ÉVAC. COLLECTION SINUS SPHÉNOÏDAL ENDOS.
GBPA001;03C06 03C07;03;non;SINUSOTOMIE MAXIL. AB. FOSSE CANINE +SINUSOTOMIE
GBPA002;03C06 03C07;03;non;SINUSOTOMIE MAXIL. AB. FOSSE CANINE +V. MÉATALE MOY.
GBPA003;03C06 03C07 21C05;03 21;non;SINUSOTOMIE FRONTALE+RÉSEC SEPTUM+PLANCHER
GBPA004;03C06 03C07;03;non;SINUSOTOMIE MAXIL. AB. FOSSE CANINE
GBPE001;03C06 03C07;03;non;MÉATOTOMIE NASALE MOY. ENDOS.
GBPE002;03C06 03C07;03;non;MARSUPIALISATION MUCOCÈLE SINUS
GBPE003;03C06 03C07;03;non;MÉATOTOMIE NASALE INF. BILAT. ENDOS.
GBQA002;03K04;03;non;SINUSOSCOPIE MAXIL. V. MÉATALE INF. +/- AB. FOSSE
GBQE001;03K03;03;non;SINUSOSCOPIE SPHÉNOÏDALE
GBQE002;03K03;03;non;SINUSOSCOPIE FRONTALE
GCFA001;03C26 17C06;03 17;non;EXÉRÈSE LÉS. RHINOPHARYNX+/-FOSSE TEMP AB.
GCFA002;03C26;03;non;EXÉRÈSE LÉS. RHINOPHARYNX +/- FOSSE TEMP AB.
GCFA003;03C26;03;non;EXÉRÈSE LÉS. RHINOPHARYNX AB. TRANSPALATIN LASER
GCFA004;03C26 17C06;03 17;non;EXÉRÈSE LÉS. RHINOPHARYNX +/- FOSSE TEMP AB.
GCFA005;03C26;03;non;EXÉRÈSE LÉS. RHINOPHARYNX AB. TRANSPALATIN SANS
GCFA006;03C26;03;non;EXÉRÈSE LÉS. RHINOPHARYNX+/-FOSSE TEMP AB.
GCFA007;03C26 17C07;03 17;non;EXÉRÈSE LÉS. RHINOPHARYNX +/- FOSSE TEMP AB.
GCFD001;03C16 03C17 03C29;03;non;EXÉRÈSE LÉS. RHINOPHARYNX V. NASALE +/- SANS LASER
GCFD002;03C16 03C17 03C29;03;non;EXÉRÈSE LÉS. RHINOPHARYNX V. NASALE +/- +LASER
GCMA001;03C16 03C17 03C29;03;non;PLASTIE DES CHOANES AB. TRANSPALATIN PR IMPERFORATION
GCME001;03C16 03C17 03C29 17C06;03 17;non;PLASTIE DES CHOANES ENDOS. NASALE LASER PR
GCME002;03C16 03C17 03C29;03;non;PLASTIE DES CHOANES ENDOS. NASALE LASER PR
GCME003;03C16 03C17 03C29 17C06;03 17;non;PLASTIE DES CHOANES ENDOS. NASALE SANS LASER PR
GCME004;03C16 03C17 03C29;03;non;PLASTIE DES CHOANES ENDOS. NASALE SANS LASER PR
GCQE001;03K03;03;non;FIBRO PHARYNX +LARYNX V. NASALE
GCQE002;03K03;03;non;ENDOS. RHINOPHARYNX INCIS. BUCC. +AG
GCQE003;03K03;03;non;FIBRO PHARYNX +LARYNX V. NASALE +EXAM.
GDCA001;03C16 03C17 03C29 21C05;03 21;non;SUTURE LARYNX
GDCA002;03C16 03C17 03C29 04C03 21C05;03 04 21;non;EXCL. LARYNX
GDEA001;03C16 03C17 03C29;03;non;MÉDIALISATION CORDE VOCALE CERV.TOMIE
GDFA001;03C26 17C07;03 17;non;HYO-THYRO-ÉPIGLOTTECTOMIE
GDFA002;03C16 03C17 03C29;03;non;CORDECTOMIE LARYNGÉE BILAT. THYROTOMIE
GDFA003;03C16 03C17 03C29 17C07;03 17;non;GLOTTECTOMIE HORIZ.
GDFA004;03C16 03C17 03C29 17C07;03 17;non;CORDECTOMIE LARYNGÉE UNILAT. THYROTOMIE
GDFA005;03C25 17C06;03 17;non;LARYNGECTOMIE TOT.
GDFA006;03C26 17C06;03 17;non;LARYNGECTOMIE PART. VERT.
GDFA007;03C16 03C17 03C29 17C07;03 17;non;EXÉRÈSE LÉS. LARYNGÉE INFRAGLOTTIQUE LARYNGOTOMIE
GDFA008;03C25 17C06;03 17;non;LARYNGECTOMIE SUPRAGLOTTIQUE ÉTENDUE À BASE
GDFA009;03C25 17C06;03 17;non;LARYNGECTOMIE SUPRACRICOÏDIENNE
GDFA010;03C16 03C17 03C29 17C07 21C05;03 17 21;non;ARYTÉNOÏDECTOMIE/ARYTÉNOÏDOPEXIE THYROTOMIE
GDFA011;03C25 17C06;03 17;non;LARYNGECTOMIE SUPRACRICOÏDIENNE
GDFA012;03C25 17C06;03 17;non;LARYNGOPHARYNGECTOMIE SUPRACRICOÏDIENNE
GDFA013;03C25 17C06;03 17;non;HÉMILARYNGOPHARYNGECTOMIE
GDFA014;03C25 17C06;03 17;non;LARYNGECTOMIE SUPRAGLOTTIQUE
GDFA015;03C16 03C17 03C29 17C07;03 17;non;EXÉRÈSE LÉS. LARYNX THYROTOMIE LAT. EXTRAMUQUEUSE
GDFA016;03C26 17C06;03 17;non;LARYNGECTOMIE FRONTALE ANT. +ÉPIGLOTTOPLASTIE
GDFA017;03C25 17C06;03 17;non;LARYNGOPHARYNGECTOMIE SUPRAGLOTTIQUE
GDFA018;03C25 17C06;03 17;non;LARYNGECTOMIE TOT. ÉTENDUE À BASE LANGUE
GDFE001;03K03;03;non;ARYTÉNOÏDECTOMIE LARYNGO
GDFE002;03K03;03;non;EXÉRÈSE LÉS/ÉPLUCHAGE MUQ. PLAN GLOTTIQUE
GDFE003;03K03;03;non;CORDECTOMIE LARYNGÉE LARYNGO LASER
GDFE004;03K03;03;non;EXÉRÈSE LÉS/ÉPLUCHAGE MUQ. PLAN GLOTTIQUE
GDFE005;03K03;03;non;RÉSEC/SECTION DES PLIS ARYÉPIGLOTTIQUES LARYNGO SANS
GDFE006;03K03;03;non;EXÉRÈSE LÉS. LARYNGÉE INFRAGLOTTIQUE LARYNGO LASER
GDFE007;03K03;03;non;CORDECTOMIE LARYNGÉE LARYNGO SANS LASER
GDFE008;03K03;03;non;ÉPIGLOTTECTOMIE PART. LARYNGO SANS LASER
GDFE009;03K03;03;non;ÉPIGLOTTECTOMIE PART. LARYNGO LASER
GDFE010;03K03;03;non;EXÉRÈSE VESTIB. LARYNX LARYNGO LASER
GDFE011;03K03;03;non;EXÉRÈSE LÉS. LARYNGÉE INFRAGLOTTIQUE LARYNGO SANS
GDFE012;03K03;03;non;DILAT. +/- RÉSEC. STÉNOSE LARYNX ENDOS. SANS LASER
GDFE013;03K03;03;non;RÉSEC/SECTION DES PLIS ARYÉPIGLOTTIQUES LARYNGO LASER
GDFE014;03K03;03;non;EXÉRÈSE LÉS. SSMUQ PLAN GLOTTIQUE LARYNGO
GDFE015;03K03;03;non;EXÉRÈSE VESTIB. LARYNX LARYNGO SANS LASER
GDFE016;03K03;03;non;DILAT. +/- RÉSEC. STÉNOSE LARYNX ENDOS. LASER
GDGE001;03K03;03;non;ABL. C.E LARYNX LARYNGO
GDHE001;03K03;03;non;BIOPSIE ORO-PHARYNGO-LARYNGÉE LARYNGO INDIRECT
GDLE001;03K03;03;non;POSE/CHANGT PROTH. CALIBRAGE LARYNX LARYNGO
GDMA001;03C16 03C17 03C29 04C03 21C05 22C03;03 04 21 22;non;LARYNGOPLASTIE CERV.TOMIE
GDMA002;03C16 03C17 03C29 04C03 17C07 21C05 22C03;03 04 17 21 22;non;LARYNGOTRACHÉOPLASTIE CERV.TOMIE
GDMA003;03C16 03C17 03C29 17C07 21C05;03 17 21;non;RÉPAR. FRACAS LARYNX
GDNE001;03K03;03;non;COAG. 1OEDÈME LARYNX LARYNGO LASER
GDNE002;03K03;03;non;DESTRUC. LÉS. LARYNX LARYNGO SANS LASER
GDNE003;03K03;03;non;DESTRUC. LÉS. LARYNX LARYNGO LASER
GDNE004;03K03;03;non;COAG. 1OEDÈME LARYNX LARYNGO SANS LASER
GDPE001;03K03;03;non;DÉSOBSTRUCTION LARYNX LARYNGO LASER
GDPE002;03K03;03;non;CORDOTOMIE POST. LARYNGO SANS LASER
GDPE003;03K03;03;non;CORDOTOMIE POST. LARYNGO LASER
GDQE001;04K02;04;non;LARYNGO-TRACHÉO-BRONCHOSCOPIE AU TUBE RIGIDE
GDQE002;03K03;03;non;LARYNGO INDIRECT AU LARYNGOSCOPE RIGIDE +EXAM.
GDQE003;03K03;03;non;LARYNGO INDIRECT AU LARYNGOSCOPE RIGIDE
GDQE004;03K03;03;non;FIBRO LARYNX +TRACHÉE
GDQE005;03K03;03;non;LARYNGO
GDQE007;03K03;03;non;EXPLO. CORDE VOCALE LARYNGO
GDSA001;03C16 03C17 03C29 04C03 17C07;03 04 17;non;FERM. 1DIASTÈME LARYNGÉ CONG.
GDSA002;03C16 03C17 03C29 04C03 17C06;03 04 17;non;FERM. 1DIASTÈME LARYNGOTRACHÉAL CONG.
GDSA003;03C16 03C17 03C29 04C02;03 04;non;FERM. 1FENTE CERV. CONG. CERV.TOMIE +THOR.TOMIE
GDSA004;03C16 03C17 03C29 04C03;03 04;non;FERM. 1FENTE CERV. CONG. CERV.TOMIE
GECA001;04C02 17C06 21C05;04 17 21;non;SUTURE BR. THOR.TOMIE
GECA002;04C02 17C07 21C05;04 17 21;non;SUTURE TRACHÉE CERV.THOR.TOMIE/THOR.TOMIE
GECA003;03C16 03C17 03C29 04C03 21C05;03 04 21;non;SUTURE TRACHÉE CERV.TOMIE
GEFA001;03C16 03C17 03C29 04C02 17C06 21C05 22C03;03 04 17 21 22;non;RÉSEC.ANAST TRACHÉE THOR.TOMIE +ABAISST LARYNX
GEFA002;03C16 03C17 03C29 04C03 17C06 21C05;03 04 17 21;non;RÉSEC.ANAST CRICOTRACHÉALE CERV.TOMIE
GEFA003;03C16 03C17 03C29 04C02 21C05 22C03;03 04 21 22;non;RÉSEC.ANAST TRACHÉE +ABAISST LARYNX CERV.THOR.TOMIE
GEFA004;04C02 21C05 22C03;04 21 22;non;RÉSEC.ANAST BIFURC. TRACH. THOR.TOMIE
GEFA005;03C16 03C17 03C29 04C02 17C06 21C05 22C03;03 04 17 21 22;non;RÉSEC TRACHÉE +MOBIL. CARDIOPULM THOR.TOMIE +ABAISST
GEFA006;03C16 03C17 03C29 04C02 17C06 21C05 22C03;03 04 17 21 22;non;RÉSEC.ANAST TRACHÉE SANS ABAISST LARYNX THOR.TOMIE
GEFA007;03C16 03C17 03C29 04C03 17C06 21C05;03 04 17 21;non;RÉSEC.ANAST TRACHÉE +ABAISST LARYNX CERV.TOMIE
GEFA008;03C16 03C17 03C29 04C02 17C06 21C05 22C03;03 04 17 21 22;non;RÉSEC.ANAST TRACHÉE SANS ABAISST LARYNX
GEFA009;03C16 03C17 03C29 04C02 17C06 21C05 22C03;03 04 17 21 22;non;RÉSEC.ANAST TRACHÉE +MOBIL. CARDIOPULM SANS ABAISST
GEFA010;03C16 03C17 03C29 04C03 17C06 21C05;03 04 17 21;non;RÉSEC.ANAST THYROTRACHÉALE CERV.TOMIE
GEFA011;03C16 03C17 03C29 04C02 17C06 21C05 22C03;03 04 17 21 22;non;RÉSEC.ANAST BR. THOR.TOMIE
GEFA012;03C16 03C17 03C29 04C03 17C06 21C05;03 04 17 21;non;RÉSEC.ANAST TRACHÉE SANS ABAISST LARYNX CERV.TOMIE
GEFA013;03C16 03C17 03C29 04C02 05C06 05C07 21C05 22C03;03 04 05 21 22;non;RÉSEC.ANAST TRACHÉE PR STÉNOSE CONG. TRACHÉE
GEFE001;04K02;04;non;SÉANCE RÉSEC/DILAT. STÉNOSE TRACHÉE ENDOS. LASER
GEFE002;04K02;04;non;SÉANCE RÉSEC/DILAT. STÉNOSE TRACHÉE ENDOS. SANS
GEGA001;04C02 21C05;04 21;non;ABL. C.E INTRABRONCHIQUE THOR.TOMIE
GEGE001;04K02;04;non;ABL. C.E TRACH. +/- INTRABRONCHIQUE BRONCHOSCOPIE
GEGE003;04K02;04;non;ABL. C.E TRACH. +/- INTRABRONCHIQUE FIBRO
GEJE001;04K02;04;non;ASPI THÉRAP. FIBRO
GEJE002;04K02;04;non;LAVAGE PULM. UNILAT. THÉRAP. PR PROTÉINOSE ALV.
GEJE003;04K02;04;non;ASPI THÉRAP. CHEZ INTUBÉ/TRACHÉOTOMISÉ FIBRO
GEKA001;03C16 03C17 03C29 04C02 21C05 22C03;03 04 21 22;non;REMPLT TRACHÉE PROTH. CERV.TOMIE/THOR.TOMIE
GELA001;03C16 03C17 03C29 04C03 21C05;03 04 21;non;POSE TUTEUR TRACHÉAL CERV.TOMIE
GELE002;04K02;04;non;INSTILLATION THÉR. BRONCHOSCOPIE AU TUBE RIGIDE
GELE003;04K02;04;non;POSE INTRABRONCHIQUE MAT. À VISÉE HÉMOSTATIQUE
GELE004;04K02;04;non;INTUB. FIBRO/DISPOSITIF LARYNGÉ PARTICULIER
GELE005;04K02;04;non;INSTILLATION THÉR. FIBRO
GELE006;04K02;04;non;POSE TUTEUR TRACHÉAL ENDOS.
GELE007;04K02;04;non;POSE MAT. HÉMOSTATIQUE INTRABRONCH AU TUBE RIGIDE
GELE008;04K02;04;non;POSE 1ENDOPROTH. TRACHÉOBRONCHIQUE ENDOS.
GELE009;04K02;04;non;POSE GUIDE INTRABRONCHIQUE PR CURIETHÉR. FIBRO
GELE133;04K02;04;non;POSE DE SPIRALES ENDOBRONCHIQUES PAR ENDOSCOPIE
GELE308;04K02;04;non;POSE VALVE INTRABRONCHIQUE PAR ENDOSC
GEMA001;03C16 03C17 03C29 04C03 21C05 22C03;03 04 21 22;non;PLASTIE AGRANDT 1ORIFICE TRACHÉOSTOMIE/TRACHÉO AB.
GEMA002;03C16 03C17 03C29 04C02 17C07 21C05 22C03;03 04 17 21 22;non;PLASTIE TRACHÉE GREF/LAMBEAU CERV.TOMIE/THOR.TOMIE
GEME121;04K02;04;non;PLASTIE DES BRONCHES PAR RADIOFRÉQUENCE PAR
GENE001;04K02;04;non;DESTRUC. LÉS. TRACHÉOBRONCHIQUE BRONCHOSCOPIE
GENE002;04K02;04;non;DESTRUC. LÉS. TRACHÉOBRONCHIQUE LASER FIBRO
GENE003;04K02;04;non;DESTRUC. PHOTODYN. LÉS. TRACHÉOBRONCHIQUE LASER
GENE004;04K02;04;non;DESTRUC. LÉS. TRACHÉOBRONCHIQUE LASER
GENE005;04K02;04;non;DESTRUC. LÉS. TRACHÉOBRONCHIQUE CRYO/THERMOCOAG
GENE006;04K02;04;non;DESTRUC. LÉS. TRACHÉOBRONCH CRYO/THERMOCOAG TUBE
GENE008;04K02;04;non;DESTRUC. LÉS. TRACHÉOBRONCHIQUE FIBRO
GEQE001;04K02;04;non;BRONCHOSCOPIE AU TUBE RIGIDE +PRÉLÈV. MÉDIAST. À
GEQE002;04K02;04;non;FIBRO BR. +PRÉLÈV. GGL. À AIGUILLE TRANSBRONCH.
GEQE003;04K02;04;non;FIBRO TRACHÉOBRONCHIQUE +PHOTODÉTECTION LÉS.
GEQE004;04K02;04;non;FIBRO BR. +LBA
GEQE005;04K02;04;non;BRONCHOSCOPIE AU TUBE RIGIDE +BIOPSIE PULM.
GEQE006;04K02;04;non;FIBRO BR. +BIOPSIE PULM. TRANSBRONCH. SANS GUID
GEQE007;04K02;04;non;FIBRO BR.
GEQE008;04K02;04;non;BRONCHOSCOPIE AU TUBE RIGIDE
GEQE009;04K02;04;non;FIBRO BR. +LBA CHEZ INTUBÉ/TRACHÉOTOMISÉ
GEQE010;04K02;04;non;FIBRO TRACHÉOBR +PHOTODÉTECTION LÉS FLUORESC SANS
GEQE012;04K02;04;non;FIBRO BR. CHEZ INTUBÉ/TRACHÉOTOMISÉ
GEQE013;03K03;03;non;EXAM. PANENDOSCOPIQUE DES VADS +TRACHÉOSCOPIE
GEQH002;04K02;04;non;FIBRO BR. +BIOPSIE PULM. TRANSBRONCH. GUID RADIO
GEQH003;04K02;04;non;BRONCHOSCOPIE AU TUBE RIGIDE +BIOPSIE PULM.
GEQJ237;04K02;04;non;ÉCHOENDO BRONCHIQUE + PRÉLÈV MÉDIAST AIGUILLE PAR
GESA002;03C16 03C17 03C29 04C03 21C05 22C03;03 04 21 22;non;FERM. TRACHÉO
GESA003;04C02 17C06 21C05;04 17 21;non;FERM. FISTULE BR. THOR.TOMIE
GFBA001;04C02 17C06;04 17;non;RÉDUC. BILAT. VOL. PULM. THOR.TOMIE UNIQUE
GFBA002;04C02 17C06;04 17;non;RÉDUC. UNILAT. VOL. PULM. THOR.TOMIE
GFBA003;04C02;04;non;RÉDUC. BILAT. VOL. PULM. THOR.TOMIE BILAT.
GFBA004;04C02 17C06;04 17;non;RÉDUC. VOL. PULM. THOR.SCOPIE/THOR.TOMIE +PRÉPA.
GFCA001;04C02 17C06 21C05;04 17 21;non;SUTURE PL.PULM THOR.TOMIE
GFCC001;04C04 17C06 21C05;04 17 21;non;SUTURE PL.PULM THOR.SCOPIE
GFEA001;05C06 05C07 17C06 27C04;05 17 27;non;GREF. SÉQUENTIELLE DES 2POUMONS THOR.TOMIE +CEC
GFEA002;05C06 05C07 27C04;05 27;non;GREF. LOBE PULM. THOR.TOMIE +CEC
GFEA003;17C06 27C04;17 27;non;GREF. 1POUMON THOR.TOMIE SANS CEC
GFEA004;27C04;27;non;GREF. SÉQUENTIELLE DES 2POUMONS THOR.TOMIE SANS CEC
GFEA005;27C04;27;non;GREF. LOBE PULM. THOR.TOMIE SANS CEC
GFEA006;05C06 05C07 27C04;05 27;non;GREF. BIPULMONAIRE THOR.TOMIE +CEC
GFEA007;05C06 05C07 27C04;05 27;non;GREF. 1POUMON THOR.TOMIE +CEC
GFFA001;04C02 17C06 21C05;04 17 21;non;PNEUMONECTOMIE +EXÉRÈSE PLÈVRE THOR.TOMIE
GFFA002;04C02 17C06 21C05 22C03;04 17 21 22;non;PNEUMONECTOMIE +RÉSEC. +CHANGT PROTH VCSUP
GFFA003;04C02 17C06;04 17;non;EXÉRÈSE KYSTE BR. THOR.TOMIE
GFFA004;04C02 17C06 21C05 22C03;04 17 21 22;non;LOBECTOMIE PULM. +RÉSEC.ANAST/RÉIMPLANT. BR.
GFFA005;04C02 17C06;04 17;non;RÉSEC. BULLE EMPHYSÈME PULM. THOR.TOMIE
GFFA006;04C02 17C06;04 17;non;LOBECTOMIE PULM. +RÉSEC. +CHANGT PROTH VCSUP
GFFA007;04C02 17C06 21C05 22C03;04 17 21 22;non;PNEUMONECTOMIE +RÉSEC. ORG. +/- STRUCTURE VOISINAGE
GFFA008;04C02 17C06 21C05 22C03;04 17 21 22;non;LOBECTOMIE PULM. SUP. +RÉSEC. CÔTE +LIBÉR. PLEXUS BR.
GFFA009;04C02 17C06 21C05 22C03;04 17 21 22;non;LOBECTOMIE PULM. THOR.TOMIE +PRÉPA. THOR.SCOPIE
GFFA010;04C02 17C06 21C05 22C03;04 17 21 22;non;BILOBECTOMIE PULM. +RÉSEC. PAROI THOR. THOR.TOMIE
GFFA011;04C02 17C06 21C05 22C03;04 17 21 22;non;PNEUMONECTOMIE +RÉSEC.ANAST BIFURC. TRACH.
GFFA012;04C02 17C06 21C05 22C03;04 17 21 22;non;PNEUMONECTOMIE THOR.TOMIE +PRÉPA. THOR.SCOPIE
GFFA013;04C02 17C06 21C05 22C03;04 17 21 22;non;LOBECTOMIE PULM. THOR.TOMIE
GFFA014;04C02 17C06;04 17;non;EXÉRÈSE KYSTE HYDATIQUE POUMON THOR.TOMIE
GFFA015;04C02 17C06;04 17;non;BILOBECTOMIE PULM. +RÉSEC. +CHANGT PROTH VCSUP
GFFA016;04C02 17C06;04 17;non;LOBECTOMIE PULM. +RÉSEC.ANAST VCSUP/RÉSEC. OG
GFFA017;04C02 17C06;04 17;non;EXÉRÈSE PART. NON ANAT. UNIQUE POUMON THOR.TOMIE
GFFA018;04C02 17C06 21C05 22C03;04 17 21 22;non;BILOBECTOMIE PULM. THOR.TOMIE
GFFA019;04C02 17C06 21C05 22C03;04 17 21 22;non;EXÉRÈSE LOBE PULM. RESTANT THOR.TOMIE
GFFA021;04C02 17C06;04 17;non;EXÉRÈSES PARTIELLES NON ANAT. MULT. POUMON THOR.TOMIE
GFFA022;04C02 17C06 21C05;04 17 21;non;LOBECTOMIE PULM. +RÉSEC. ORG. +/- STRUCTURE VOISINAGE
GFFA023;04C02 17C06 21C05 22C03;04 17 21 22;non;BILOBECTOMIE PULM. +RÉSEC.ANAST/RÉIMPLANT. BR.
GFFA024;04C02 17C06 21C05 22C03;04 17 21 22;non;PNEUMONECTOMIE THOR.TOMIE
GFFA025;04C02 17C06 21C05 22C03;04 17 21 22;non;PNEUMONECTOMIE +RÉSEC. PAROI THOR. THOR.TOMIE
GFFA026;04C02 17C06 21C05 22C03;04 17 21 22;non;LOBECTOMIE PULM. +RÉSEC.ANAST BIFURC. TRACH.
GFFA027;04C02 17C06 21C05 22C03;04 17 21 22;non;LOBECTOMIE PULM. +RÉSEC. PAROI THOR. THOR.TOMIE
GFFA028;04C02 17C06 21C05 22C03;04 17 21 22;non;PNEUMONECTOMIE +RÉSEC.ANAST VCSUP/RÉSEC. OG
GFFA029;04C02 17C06 21C05 22C03;04 17 21 22;non;SEGMENTECTOMIE PULM. UNIQUE/MULT. THOR.TOMIE
GFFA030;04C02 17C06 21C05 22C03;04 17 21 22;non;LOBECTOMIE PULM. SUP. +RÉSEC. CÔTE +LIBÉR. PLEXUS BR.
GFFA031;04C02 17C06 21C05 22C03;04 17 21 22;non;BILOBECTOMIE PULM. +RÉSEC.ANAST VCSUP/RÉSEC. OG
GFFA032;04C02 17C06;04 17;non;RÉSEC. BULLE EMPHYSÈME +RÉDUC. VOL. PULM. THOR.TOMIE
GFFA033;04C02 17C06 21C05;04 17 21;non;LOBECTOMIE PULM. SUP. ÉTENDUE VASC.NF +OS+ GGL CERV.
GFFA034;04C02 17C06 21C05 22C03;04 17 21 22;non;BILOBECTOMIE PULM. +RÉSEC. ORG. +/- STRUCTURE VOISINAGE
GFFA035;04C02 17C06;04 17;non;EXÉRÈSE SÉQUESTRATION EXTRALOBAIRE THOR.TOMIE
GFFC002;04C04 17C07;04 17;non;EXÉRÈSE PART. NON ANAT. POUMON THOR.SCOPIE
GFFC003;04C04 17C07;04 17;non;EXÉRÈSE SÉQUESTRATION EXTRALOBAIRE THOR.SCOPIE
GFFC004;04C04 17C07;04 17;non;EXÉRÈSE KYSTE BR. THOR.SCOPIE
GFFC005;04C04 17C06;04 17;non;RÉSEC. BULLE PULM. +ABRASION/EXÉRÈSE PLÈVRE
GFFC006;04C04 17C06;04 17;non;RÉSEC. BULLE PULM. THOR.SCOPIE
GGCA001;04C02 17C06 21C05;04 17 21;non;PLEUROSTOMIE CUT. +RÉSEC. COSTALE THOR.TOMIE
GGFA001;04C02 17C06;04 17;non;EXÉRÈSE T. PLÈVRE THOR.TOMIE +PRÉPA. THOR.SCOPIE
GGFA003;04C02 17C06;04 17;non;EXÉRÈSE T. PLÈVRE THOR.TOMIE
GGJA001;04C02 17C06 21C05;04 17 21;non;ÉVAC. COLLECTION SEPTIQUE CAV. PLEURALE +DÉBRIDEMENT
GGJA002;04C02 17C06 21C05;04 17 21;non;ÉVAC. COLLECTION CAV. PLEURALE THOR.TOMIE
GGJA003;04C02 17C07 21C05;04 17 21;non;DÉCAILLOTAGE CAV. PLEURALE THOR.TOMIE
GGJA004;04C02 08C21 17C06 21C05;04 08 17 21;non;ÉVAC. COLLECTION CAV. PLEURALE +RÉSEC. COSTALE
GGJC001;04C04 17C06 21C05;04 17 21;non;ÉVAC. COLLECTION SEPTIQUE CAV. PLEURALE +DÉBRIDEMENT
GGJC002;04C04 17C06 21C05;04 17 21;non;ÉVAC. 1HÉMOTHORAX THOR.SCOPIE
GGLC001;04C04 17C06 21C05;04 17 21;non;INSTILLATION INTRAPL. SUBST. IRRITANTE THOR.SCOPIE
GGNA001;04C02 17C06 21C05;04 17 21;non;ABRASION/EXÉRÈSE PLÈVRE PARIÉTALE THOR.TOMIE
GGNC001;04C04 17C06;04 17;non;ABRASION/EXÉRÈSE PLÈVRE PARIÉTALE THOR.SCOPIE
GGPA001;04C02 17C06 21C05;04 17 21;non;DÉCORTICATION PL.PULM THOR.TOMIE
GGPA002;04C02 17C06 21C05;04 17 21;non;LIBÉR. POUMON PR SYMPHYSE PLEURALE
GHFA001;04C02 10C08 16C03;04 10 16;non;EXÉRÈSE T. MÉDIAST. CERV.TOMIE
GHFA002;01C08 04C02 10C08 17C07;01 04 10 17;non;EXÉRÈSE T. MÉDIAST. THOR.TOMIE +PRÉPA. THOR.SCOPIE
GHFA003;01C08 04C02 10C08 16C03 17C06;01 04 10 16 17;non;EXÉRÈSE T. MÉDIAST. +RÉSEC. ORG. +/- STRUCTURE VOISINAGE
GHFA004;01C08 04C02 10C08 16C03 17C07;01 04 10 16 17;non;EXÉRÈSE T. MÉDIAST. THOR.TOMIE
GHJA001;04C03 05C18 17C07 21C05;04 05 17 21;non;ÉVAC. COLLECTION MÉDIAST. CERV.TOMIE
GHJA002;04C02 05C18 17C06 21C05;04 05 17 21;non;ÉVAC. COLLECTION MÉDIAST. THOR.TOMIE
GHQA001;04C03 06C15;04 06;non;EXPLO. MÉDIAST. CERV.TOMIE
GHQC001;04C03 05C18 10C08 16C03;04 05 10 16;non;EXPLO. MÉDIAST. MÉDIASTINOSCOPIE
GKKD002;03K04;03;non;CHANGT 1IMPLANT PHONATOIRE OESOTRACHÉAL SANS
GKQP010;03K04;03;non;BILAN INSTRUMENTAL PHONATION +VIDÉO +/ PHOTO
GLQP005;23K02;23;non;SPO2 PDT AU MOINS 6H
GLQP007;23K02;23;non;POLYGRAPHIE RESP. NOCTURNE
HAAA001;03C17 21C05;03 21;non;APPROFDT VESTIB. ORAL SECTION MUCOPÉRIOSTÉE
HAAA002;03C17 21C05;03 21;non;APPROFDT VESTIB. ORAL SECTION MUCOPÉRIOSTÉE
HAAA003;03C17;03;non;APPROFDT PLANCHER BOUCHE SECTION MUSC.
HABA001;01C08 03C16 03C17 03C29 09C09 09C25 21C05;01 03 09 21;non;CERCLAGE DES LÈVRES GREF. +/- SUSPENSION COMMISSURE
HACA001;03C05 17C07;03 17;non;ADHÉSION LABIALE PR FENTE LMP UNILAT.
HACA002;03C05 17C07;03 17;non;ADHÉSION LABIALE PR FENTE LMP BILAT.
HADA001;03C17 21C05;03 21;non;LABIOGLOSSOPEXIE
HADA002;03C17 21C05;03 21;non;HYOMANDIBULOPEXIE
HAFA001;03C26 17C06;03 17;non;GLOSSECTOMIE PART. BASE CERV.TOMIE
HAFA002;03C26 08C21 17C06;03 08 17;non;PELVI-GLOSSO-MANDIBULECTOMIE NON INTERRUPTRICE
HAFA003;03C26;03;non;GLOSSECTOMIE TOT. LANGUE MOBILE AB. CERV.FAC
HAFA004;03C25 08C28 08C61 17C06;03 08 17;non;PELVIMANDIBULECTOMIE INTERRUPTRICE AB. CERV.FAC
HAFA005;03C26;03;non;EXÉRÈSE BASE LANGUE +/- SILLON AM.GLOSS AB. BUCC.
HAFA006;03C26 17C07;03 17;non;PELVIGLOSSECTOMIE LANGUE MOBILE AB. BUCC.
HAFA007;03C26;03;non;PELVECTOMIE ORALE PART. AB. BUCC.
HAFA008;03C17 09C25 09C32;03 09;non;EXÉRÈSE NON TRANSFIXIANTE LÉS. LÈVRE
HAFA009;03C17;03;non;EXÉRÈSE KYSTE PLANCHER BOUCHE AB. BUCC. +AB.
HAFA011;03C17 09C25 09C32;03 09;non;EXÉRÈSE KYSTE LÈVRE
HAFA012;03C26 17C06;03 17;non;GLOSSECTOMIE TOT. BASE
HAFA013;03C26 17C06;03 17;non;GLOSSECTOMIE TOT. LANGUE MOBILE AB. BUCC.
HAFA014;03C17 09C24 09C32;03 09;non;VERMILLONECTOMIE +RECONSTR. LÈVRE LAMBEAU
HAFA015;03K04;03;non;EXÉRÈSE LÉS. BOUCHE/OROPHARYNX <2CM AB. BUCC.
HAFA016;03C26 17C06;03 17;non;GLOSSECTOMIE TOT. +PHAR.LARYNGECTOMIE
HAFA017;03C25 08C21 08C61 17C06;03 08 17;non;PELVI-GLOSSO-MANDIBULECTOMIE INTERRUPTRICE AB.
HAFA020;03C17 09C24 09C32;03 09;non;EXÉRÈSE TRANSFIXIANTE LÈVRE/COMMISSURE
HAFA021;03C17;03;non;EXÉRÈSE NON TRANSFIXIANTE JOUE AB. BUCC.
HAFA022;03C17;03;non;EXÉRÈSE TRANSFIXIANTE LÉS. JOUE AB. FACIAL
HAFA023;03C17;03;non;GLOSSECTOMIE PART. LANGUE MOBILE AB. BUCC.
HAFA024;03C25 08C28 17C06;03 08 17;non;PELVIMANDIBULECTOMIE NON INTERRUPTRICE AB. CERV.FAC
HAFA026;03C25 08C21 17C06;03 08 17;non;PELVI-GLOSSO-MANDIBULECTOMIE NON INTERRUPTRICE AB.
HAFA027;03C26 17C06;03 17;non;PELVIGLOSSECTOMIE LANGUE MOBILE AB. CERV.FAC
HAFA028;03C17 09C25 09C32;03 09;non;RÉSEC. CICATRICE LÈVRE
HAFA029;03C26 17C06;03 17;non;GLOSSECTOMIE TOT. BASE LANGUE +LANGUE MOBILE
HAFA030;01C08 03C17 09C09 09C25;01 03 09;non;RÉSEC. LÈVRE PR TRAITT PF
HAFA031;03C17 09C25 09C32;03 09;non;EXÉRÈSE 1LÈVRE DÉBORDANT SUR 1/PLUS. UNITÉS
HAFA033;03C26 08C28 17C06;03 08 17;non;PELVIMANDIBULECTOMIE NON INTERRUPTRICE AB. BUCC.
HAFA034;03C17;03;non;EXÉRÈSE KYSTE PLANCHER BOUCHE AB. BUCC.
HAHD003;03K04;03;non;BIOPSIE BOUCHE +/- OROPHARYNX SANS COLORATION VITALE
HAJA002;03C17;03;non;ÉVAC. COLLECTION PELVILINGUALE AB. BUCC.
HAJA008;03C17;03;non;PARAGE +/- SUTURE VOILE
HAJA009;03C17;03;non;PARAGE +/- SUTURE LANGUE
HAJD004;03C17;03;non;ÉVAC. COLLECTION BASE LANGUE
HAMA001;03C17;03;non;GLOSSOPLASTIE RÉDUC.
HAMA002;03C17 09C23 09C32;03 09;non;RÉPAR. LÈVRE LAMBEAU BILAT. LÈVRE/JOUE
HAMA003;03C17 09C24 09C32;03 09;non;RÉPAR. VERMILLON LABIAL LAMBEAU
HAMA004;03C17 09C25 09C32;03 09;non;RÉPAR. VERMILLON LABIAL LAMBEAU LANGUE
HAMA005;03C17 09C23 09C32;03 09;non;RÉPAR. LÈVRE LAMBEAU LIBRE
HAMA006;03C05 17C07;03 17;non;CORREC. IRE UNILAT. CPLT 1FENTE LA/LM
HAMA007;03C05 09C09 09C25 17C07;03 09 17;non;RECONSTR. PHILTRUM LAMBEAU PR SÉQUEL. 1FENTE
HAMA008;03C17 09C24 09C32;03 09;non;RÉPAR. VERMILLON LABIAL LAMBEAU/AVANCT VERMILLON
HAMA010;03C17 09C24 09C32;03 09;non;RÉPAR. LÈVRE INF. LAMBEAU GLISST/ROTATION
HAMA011;03C17 09C09 09C25 17C07;03 09 17;non;RÉPAR. LÈVRE LAMBEAU DELTOPECT
HAMA012;03C05 09C09 09C25;03 09;non;PLASTIE SYMÉTRISATION LABIALE PR SÉQUEL. 1FENTE LMP
HAMA014;03C17 09C23 09C32 17C07;03 09 17;non;RÉPAR. LÈVRE LAMBEAU MUSC.CUT PÉD.
HAMA015;01C08 03C16 03C17 03C29 09C09 09C25 17C07 21C05;01 03 09 17 21;non;RÉANIMATION COMMISSURE LABIALE TRANSFERT MUSC. PÉD.
HAMA016;03C17 09C23 09C32;03 09;non;RÉPAR. LÈVRE LAMBEAU
HAMA017;03C05 17C07;03 17;non;CORREC. IRE BILAT. CPLT 1FENTE LA/LM
HAMA018;03C17 09C23 09C32;03 09;non;RÉPAR. LÈVRE LAMBEAU +LAMBEAU BILAT. LÈVRE +/- JOUE
HAMA020;03C17 09C23 09C32;03 09;non;RÉPAR. LÈVRE LAMBEAU FRONT +/- CUIR CHEVELU
HAMA021;03C17 09C23 09C32;03 09;non;RÉPAR. LÈVRE LAMBEAU +LAMBEAU UNILAT. LÈVRE +/-
HAMA023;03C17 09C23 09C32;03 09;non;LAMBEAU NASOGÉNIEN UNILAT. LÈVRE +LAMBEAU LÈVRE
HAMA024;03C16 03C17 03C29 08C21 08C61 09C09 09C25;03 08 09;non;CORREC. SÉQUEL. LABIONARINAIRE 1FENTE LMP UNILAT.
HAMA025;03C16 03C17 03C29 08C21 08C61 09C09 09C25;03 08 09;non;CORREC. SÉQUEL. LABIONARINAIRE 1FENTE LMP BILAT.
HAMA026;03C17 21C05;03 21;non;PELVIGLOSSOPLASTIE
HAMA027;03C17 09C25 09C32;03 09;non;RÉPAR. LÈVRE LAMBEAU LOC.
HAMA028;03C17 09C25 09C32;03 09;non;CORREC. RÉTRACTION LÈVRE AUTOPLASTIE LOC.
HAMA029;03C17 09C25 09C32;03 09;non;RÉPAR. LÈVRE LAMBEAU UNILAT. LÈVRE/JOUE
HAMA030;03C16 03C17 03C29 09C09 09C25 21C05 22C03;03 09 21 22;non;COMMISSUROPLASTIE LABIALE
HAND001;03C17;03;non;DESTRUC. LÉS. BOUCHE/OROPHARYNX 2-4CM SANS LASER
HAND002;03C17;03;non;DESTRUC. LÉS. BOUCHE/OROPHARYNX <2CM SANS LASER
HAND003;03C17;03;non;DESTRUC. LÉS. BOUCHE/OROPHARYNX >4CM SANS LASER
HAND005;03K04;03;non;DESTRUC. LÉS. BOUCHE/OROPHARYNX >4CM +LASER
HAPA001;03C17 21C05;03 21;non;SECTION BRIDE/FREIN BUCC. +PLASTIE LAMBEAU LOC.
HAPA004;03C17;03;non;MARSUPIALISATION 1KYSTE PLANCHER BOUCHE
HASA001;03C05 17C07;03 17;non;FERM. LABIALE IRE UNILAT. 1FENTE LAM +CORREC
HASA002;03C16 03C17 03C29;03;non;FERM. 1FISTULE BUCCONASALE SÉQUEL. 1FENTE OROF.
HASA003;03C16 03C17 03C29;03;non;PLASTIE LR/LAMBEAU LANGUE FISTULE BUCCONASALE
HASA004;03C05;03;non;FERM. BILAT. LÈVRE +PALAIS OS. 1FENTE LMP 1TEMPS
HASA005;03C05 09C09 09C25;03 09;non;FERM. 1FENTE LABIALE INF. MÉDIANE
HASA006;03C05 17C07;03 17;non;FERM. LABIALE IRE BILAT. 1FENTE LAM SANS CORREC
HASA007;03C05 17C07;03 17;non;FERM. UNILAT. CPLT 1FENTE LMP 1TEMPS
HASA008;03C05 17C07;03 17;non;FERM. IRE BILAT. 1FENTE L SANS RÉPAR. CPLT DÉFORM.
HASA009;03C06 03C07 08C28;03 08;non;FERM. FISTULE BUCCOSIN LAMBEAU MUSC. TEMPORAL AB.
HASA010;03C05 17C07;03 17;non;FERM. BILAT. CPLT 1FENTE LMP 1TEMPS
HASA011;03C16 03C17 03C29 09C09 09C25 17C07;03 09 17;non;FERM. 1MACROSTOMIE CONG. 3CM +RECONSTR.
HASA012;03C16 03C17 03C29 06C05 06C16 06C20 06C22 09C25 09C32 21C05 22C03;03 06 09 21 22;non;FERM. OROSTOME/PHARYNGOSTOME
HASA013;03C06 03C07 08C28;03 08;non;FERM. 1FISTULE BUCCOSIN. +/- BUCCONASALE LAMBEAU
HASA014;03C05 17C07;03 17;non;FERM. IRE BILAT. 1FENTE L +RÉPAR. CPLT DÉFORM.
HASA015;03C05;03;non;FERM. IRE UNILAT. 1FENTE L SANS RÉPAR. CPLT DÉFORM.
HASA016;03C05 17C06;03 17;non;FERM. BILAT. LÈVRE +VOILE 1FENTE LMP 1TEMPS
HASA017;03C05 17C07;03 17;non;FERM. UNILAT. LÈVRE +PALAIS OS. 1FENTE LMP 1TEMPS
HASA018;03C06 03C07 08C28;03 08;non;FERM. 1FISTULE BUCCOSIN. LAMBEAU GLISST VESTIBULOJUGAL
HASA019;03C05;03;non;FERM. LABIALE IRE UNILAT. 1FENTE L.A.M
HASA020;03C05 17C07;03 17;non;FERM. LABIALE IRE BILAT. 1FENTE LAM+CORREC DÉFORM.
HASA021;03C05 09C09 09C25 17C07;03 09 17;non;FERM. 1FENTE LABIALE SUP. MÉDIANE
HASA022;03C05 17C06;03 17;non;FERM. UNILAT. LÈVRE +VOILE 1FENTE LMP 1TEMPS
HASA023;03C05 17C07;03 17;non;FERM. IRE UNILAT. 1FENTE L +RÉPAR. CPLT DÉFORM. NASALE
HASA024;03C16 03C17 03C29 09C09 09C25;03 09;non;FERM. 1MACROSTOMIE CONG. MOINS 3CM +RECONSTR.
HASA025;03C06 03C07 08C28;03 08;non;FERM. 1FISTULE BUCCOSIN. LAMBEAU JOUE AB. BUCC.
HASD001;03C05 17C07;03 17;non;FERM. IIRE BILAT. 1FENTE ALV. PLASTIE/LAMBEAU +GREF. OS.
HASD002;03C05;03;non;FERM. IIRE UNILAT. 1FENTE ALV. PLASTIE/LAMBEAU
HASD004;03C05;03;non;FERM. IIRE BILAT. 1FENTE ALV. PLASTIE/LAMBEAU
HASD005;03C05 17C07;03 17;non;FERM. IIRE UNILAT. 1FENTE ALV. PLASTIE/LAMBEAU +GREF. OS.
HASD006;03C05 17C07;03 17;non;FERM. IRE 1FENTE PALAIS OS.
HASD007;03C05 17C07;03 17;non;FERM. IRE 1FENTE PALATOVÉLAIRE
HBAA338;03K02;03;non;ALLONGEMENT CORONAIRE PAR GINGIVECTOMIE SUR 1
HBBA002;03C17;03;non;O.PLAST ADD. ARC ALV. SUR 1SECTEUR 4À 6DENTS
HBBA003;03C17;03;non;O.PLAST ADD. ARC ALV. SUR 1SECTEUR 1À 3DENTS
HBBA004;03C17;03;non;O.PLAST ADD. ARC ALV. SUR 1SECTEUR 7DENTS
HBED001;03K02;03;non;RÉIMPLANT. 1DENT PERM. EXPULSÉE
HBED003;03K02;03;non;RÉIMPLANT. 2DENTS PERM. EXPULSÉES
HBED005;03K02;03;non;GREF. 1DENT SUR ARC
HBED021;03K02;03;non;RÉIMPLANT. 3DENTS PERM. EXPULSÉES
HBED022;03K02;03;non;GREF. 1GERME/1DENT RETENUE DS 1SITE
HBED023;03K02;03;non;GREF. ÉPITHÉLIOCONJONCTIVE/CONJ. SUR GENCIVE SUR
HBED024;03K02;03;non;GREF. ÉPITHÉLIOCONJONCTIVE/CONJ. SUR GENCIVE SUR
HBFA003;03K02;03;non;RÉSEC.ARC ALV. SUR 1SECTEUR 7DENTS
HBFA004;03K02;03;non;RÉSEC.ARC ALV. SUR 1SECTEUR 4À 6DENTS
HBFA005;03K02;03;non;RÉSEC.ARC ALV. SUR 1SECTEUR 1À 3DENTS
HBFA006;03K02;03;non;GINGIVECTOMIE À BISEAU EXT. SUR 1SECTEUR 1À 3DENTS
HBFA007;03K02;03;non;GINGIVECTOMIE À BISEAU EXT. SUR 1SECTEUR 4À 6DENTS
HBFA008;03K02;03;non;GINGIVECTOMIE À BISEAU EXT. SUR 1SECTEUR 7DENTS
HBFA012;03C17 21C05;03 21;non;EXÉRÈSE GINGIVALE/CRÊTE SUR 1ARC
HBFA013;03C17 21C05;03 21;non;EXÉRÈSE GINGIVALE/CRÊTE LOC.
HBFD014;03K02;03;non;AMPUT. +/- SÉPARATION RADIC/CORONORADICULAIRE
HBGB002;03K02;03;non;RÉSEC. APEX+OBTUR. RÉTROGR. 1PRÉMOLAIRE
HBGB003;03K02;03;non;RÉSEC. APEX+OBTUR. RÉTROGR. 1INCISIVE/1CANINE
HBGB004;03K02;03;non;RÉSEC. APEX+OBTUR. RÉTROGR. 1MOLAIRE
HBGD002;03K02;03;non;AVULSION 2DENTS ANKYLOSÉES SUR ARC. +SÉPAR.
HBGD003;03K02;03;non;AVULSION 1ODONTOÏDE INCLUS/1DENT SURNUMÉRAIRE À
HBGD004;03K02;03;non;AVULSION 13E MOLAIRE MANDIB. RETENUE/À ÉTAT GERME
HBGD012;03K02;03;non;ABL. 1C.E MÉTAL 1CANAL RADIC. 1DENT
HBGD014;03K02;03;non;AVULSION 1CANINE PERM/1PRÉMOLAIRE RETENUE/À ÉTAT
HBGD015;03K02;03;non;AVULSION 2CANINES PERM/2PRÉMOLAIRES RETENUES/À
HBGD016;03K02;03;non;AVULSION 1RACINE INCLUSE
HBGD017;03K02;03;non;AVULSION 1DENT ECTOPIQUE
HBGD018;03K02;03;non;AVULSION 13E MOLAIRE MAXIL. RETENUE/À ÉTAT GERME
HBGD021;03K02;03;non;AVULSION 3TROISIÈMES MOLAIRES RETENUES/À ÉTAT
HBGD025;03K02;03;non;AVULSION 2TROISIÈMES MOLAIRES RETENUES/À ÉTAT
HBGD026;03K02;03;non;AVULSION 2DENTS TEMP. RETENUES
HBGD028;03K02;03;non;AVULSION 1INCISIVE PERM. RETENUE/À ÉTAT GERME
HBGD038;03K02;03;non;AVULSION 4TROISIÈMES MOLAIRES RETENUES/À ÉTAT
HBGD039;03K02;03;non;AVULSION 1DENT ANKYLOSÉE SUR ARC. +SÉPAR. RACINES
HBGD042;03K02;03;non;AVULSION 1DENT TEMP. RETENUE
HBGD044;03K02;03;non;AVULSION 1DENT À COURONNE SSMUQ/DÉSINCLUSION
HBGD054;03K02;03;non;AVULSION 12 DENTS TEMPORAIRES SUR ARCADE
HBGD057;03K02;03;non;AVULSION 15 DENTS TEMPORAIRES SUR ARCADE
HBGD062;03K02;03;non;AVULSION DE 3 INCISIVES PERMANENTES RETENUES / À
HBGD064;03K02;03;non;AVULSION 10 DENTS PERMANENTES SUR ARCADE SANS
HBGD067;03K02;03;non;AVULSION 14 DENTS À 16 DENTS PERMANENTES SUR
HBGD076;03K02;03;non;AVULSION 7 DENTS PERMANENTES SUR ARCADE SANS
HBGD080;03K02;03;non;AVULSION DE 4 DENTS ECTOPIQUES
HBGD093;03K02;03;non;AVULSION 10 DENTS TEMPORAIRES SUR ARCADE
HBGD102;03K02;03;non;AVULSION DE 4 RACINES INCLUSES
HBGD105;03K02;03;non;AVULSION 23 DENTS À 25 DENTS PERMANENTES SUR
HBGD106;03K02;03;non;AVULSION 6 DENTS PERMANENTES SUR ARCADE SANS
HBGD111;03K02;03;non;AVULSION 13 DENTS TEMPORAIRES SUR ARCADE
HBGD113;03K02;03;non;AVULS 8 À 10 DENTS ANKYLOS ARC + SECTION
HBGD122;03K02;03;non;AVULS 14 À 16 DENTS ANKYLOS ARC + SECTION
HBGD123;03K02;03;non;AVULSION DE17 DENTS TEMPORAIRES SUR ARCADE
HBGD126;03K02;03;non;AVULSION DE 2 INCISIVES PERMANENTES RETENUES / À
HBGD133;03K02;03;non;AVULSION 16 DENTS TEMPORAIRES SUR ARCADE
HBGD142;03K02;03;non;AVULSION DE 7 DENTS PERMANENTES SUR ARCADE AVEC
HBGD145;03K02;03;non;AVULSION DE 3 CANINES PERMANENTES RETENUES / À L'ÉTAT
HBGD146;03K02;03;non;AVULSION 12 DENTS PERMANENTES SUR ARCADE SANS
HBGD148;03K02;03;non;AVULSION DE 7 À 8 INCISIVES PERMANENTES RETENUES / À
HBGD159;03K02;03;non;AVULSION DE 5 RACINES INCLUSES
HBGD160;03K02;03;non;AVULSION 3 DENTS À COURONNE SOUSMUQUEUSE / EN
HBGD171;03K02;03;non;AVULSION 4 ODONTOÏDES INCLUS / 4 DENTS SURNUMÉRAIRES
HBGD174;03K02;03;non;AVULSION DE14 DENTS TEMPORAIRES SUR ARCADE
HBGD181;03K02;03;non;AVULSION 5 À 6 1RE / 2E MOLAIRES PERMANENTES RETENUES /
HBGD190;03K02;03;non;AVULSION DE 2 DENTS ECTOPIQUES
HBGD191;03K02;03;non;AVULSION 26 DENTS À 28 DENTS PERMANENTES SUR ARCADE +
HBGD193;03K02;03;non;AVULSION 28 DENTS PERMANENTES SUR ARCADE SANS
HBGD197;03K02;03;non;AVULSION 15 DENTS PERMANENTE SUR ARCADE SANS
HBGD199;03K02;03;non;AVULSION DE 4 PRÉMOLAIRES RETENUES / À L'ÉTAT DE GERME
HBGD201;03K02;03;non;AVULSION 20 DENTS TEMPORAIRES SUR ARCADE
HBGD206;03K02;03;non;AVULS 6 DENTS ANKYLOS ARC + SECTION CORONORADIC &
HBGD210;03K02;03;non;AVULSION 7 À 8 1RE / 2E MOLAIRES PERMANENTES RETENUES /
HBGD231;03K02;03;non;AVULSION 8 DENTS À 10 DENTS PERMANENTES SUR ARCADE +
HBGD235;03K02;03;non;AVULSION 23 DENTS PERMANENTES SUR ARCADE SANS
HBGD245;03K02;03;non;AVULSION 31 DENTS PERMANENTES SUR ARCADE SANS
HBGD247;03K02;03;non;AVULSION 14 DENTS PERMANENTES SUR ARCADE SANS
HBGD258;03K02;03;non;AVULSION 21 DENTS PERMANENTES SUR ARCADE SANS
HBGD261;03K02;03;non;AVULSION 17 DENTS PERMANENTES SUR ARCADE SANS
HBGD262;03K02;03;non;AVULSION 29 DENTS À 32 DENTS PERMANENTES SUR ARCADE +
HBGD263;03K02;03;non;AVULSION 8 DENTS TEMPORAIRES SUR ARCADE
HBGD278;03K02;03;non;AVULSION 20 DENTS PERMANENTES SUR ARCADE SANS
HBGD279;03K02;03;non;AVULSION DE 3 PRÉMOLAIRES RETENUES / À L'ÉTAT DE GERME
HBGD280;03K02;03;non;AVULSION 9 DENTS TEMPORAIRES SUR ARCADE
HBGD281;03K02;03;non;AVULSION 3 ODONTOÏDES INCLUS / 3 DENTS SURNUMÉRAIRES
HBGD282;03K02;03;non;AVULSION DE19 DENTS TEMPORAIRES SUR ARCADE
HBGD283;03K02;03;non;AVULSION 32 DENTS PERMANENTES SUR ARCADE SANS
HBGD285;03K02;03;non;AVULSION 26 DENTS PERMANENTES SUR ARCADE SANS
HBGD299;03K02;03;non;AVULSION DE 3 RACINES INCLUSES
HBGD300;03K02;03;non;AVULS 1 DENT EN DÉSINCLUSION + COUR SOUSMUQUEUSE EN
HBGD311;03K02;03;non;AVULSION 22 DENTS PERMANENTES SUR ARCADE SANS
HBGD312;03K02;03;non;AVULSION DE 6 DENTS PERMANENTES SUR ARCADE AVEC
HBGD322;03K02;03;non;AVULSION 2 DENTS À COURONNE SOUSMUQUEUSE / EN
HBGD333;03K02;03;non;AVULSION 16 DENTS PERMANENTE SUR ARCADE SANS
HBGD338;03K02;03;non;AVULSION 27 DENTS PERMANENTES SUR ARCADE SANS
HBGD345;03K02;03;non;AVULSION 29 DENTS PERMANENTES SUR ARCADE SANS
HBGD349;03K02;03;non;AVULSION 11 DENTS À 13 DENTS PERMANENTES SUR ARCADE +
HBGD356;03K02;03;non;AVULSION 11 DENTS PERMANENTES SUR ARCADE SANS
HBGD358;03K02;03;non;AVULS 2 DENTS EN DÉSINCLUSION + COURSOUSMUQUEUSES
HBGD359;03K02;03;non;AVULSION DE 7 À 8 PRÉMOLAIRES RETENUES / À L'ÉTAT DE
HBGD362;03K02;03;non;AVULSION 11 DENTS TEMPORAIRES SUR ARCADE
HBGD372;03K02;03;non;AVULSION DE 5 À 6 INCISIVES PERMANENTES RETENUES / À
HBGD374;03K02;03;non;AVULSION 24 DENTS PERMANENTES SUR ARCADE SANS
HBGD382;03K02;03;non;AVULSION 13 DENTS PERMANENTES SUR ARCADE SANS
HBGD385;03K02;03;non;AVULSION DE 5 À 6 PRÉMOLAIRES RETENUES / À L'ÉTAT DE
HBGD386;03K02;03;non;AVULSION 2 PRÉMOLAIRES RETENUES / ÉTAT GERME
HBGD396;03K02;03;non;AVULS 7 DENTS ANKYLOS ARC + SECTION CORONORADIC &
HBGD397;03K02;03;non;AVULSION DE 3 DENTS ECTOPIQUES
HBGD402;03K02;03;non;AVULSION 2 ODONTOÏDES INCLUS / 2 DENTS
HBGD403;03K02;03;non;AVULSION 4 DENTS À COURONNE SOUSMUQUEUSE / EN
HBGD414;03K02;03;non;AVULSION 30 DENTS PERMANENTES SUR ARCADE SANS
HBGD416;03K02;03;non;AVULSION DE 4 CANINES PERMANENTES RETENUES / À
HBGD418;03K02;03;non;AVULSION 17 DENTS À 19 DENTS PERMANENTES SUR
HBGD420;03K02;03;non;AVULSION 9 DENTS PERMANENTES SUR ARCADE SANS
HBGD422;03K02;03;non;AVULSION 8 DENTS PERMANENTES SUR ARCADE SANS
HBGD430;03K02;03;non;AVULSION DE 4 INCISIVES PERMANENTES RETENUES / À
HBGD438;03K02;03;non;AVULS 11 À 13 DENTS ANKYLOS ARC + SECTION
HBGD441;03K02;03;non;AVULSION 20 DENTS À 22 DENTS PERMANENTES SUR
HBGD459;03K02;03;non;AVULSION 1 PRÉMOLAIRE RETENUE / ÉTAT GERME
HBGD461;03K02;03;non;AVULSION 19 DENTS PERMANENTES SUR ARCADE SANS
HBGD462;03K02;03;non;AVULSION 6 DENTS TEMPORAIRES SUR ARCADE
HBGD464;03K02;03;non;AVULSION 7 DENTS TEMPORAIRES SUR ARCADE
HBGD465;03K02;03;non;AVULSION DE 6 RACINES INCLUSES
HBGD466;03K02;03;non;AVULSION DE 2 RACINES INCLUSES
HBGD468;03K02;03;non;AVULSION 18 DENTS TEMPORAIRES SUR ARCADE
HBGD475;03K02;03;non;AVULSION 25 DENTS PERMANENTES SUR ARCADE SANS
HBGD499;03K02;03;non;AVULSION 18 DENTS PERMANENTES SUR ARCADE SANS
HBJA247;03K02;03;non;ASSAINISSEMENT PARODONTAL PAR LAMBEAU SUR 1
HBJB001;03K02;03;non;ÉVAC. ABCÈS PARODONTAL
HBMA001;03K02;03;non;PLASTIE MUCOGING. LAMBEAU DÉPLACÉ LAT.
HBMA003;03K02;03;non;OSTÉOPLASTIE 1ALVÉOLE DENT. +COMBLT GREF. OS.
HBMA004;03K02;03;non;RÉGÉNER. PARODONTALE SUR 1SEXTANT
HBMA006;03K02;03;non;OSTÉOPLASTIE 1ALVÉOLE DENT. +COMBLT BIOMATÉRIAU
HBPA001;03K02;03;non;DÉGAGEMENT 1DENT INCL +TRACTION +GREF/LAMBEAU
HBPD001;03K02;03;non;DÉGAGEMENT 2DENTS OU+AVEC POSE DISPOSITIF
HBPD002;03K02;03;non;DÉGAGEMENT 1DENT INCL +TRACTION SANS PARODONT.
HCCA001;02C07 02C08 02C13 03C24 21C05;02 03 21;non;DÉRIV. CONDUIT PAROTIDIEN PR SUPPLÉANCE LACRYMALE
HCCA002;03C24 21C05;03 21;non;SUTURE CONDUIT SALIVAIRE
HCCD001;03C24 21C05;03 21;non;DÉRIV. OROPHAR. BILAT. CONDUIT PAROTIDIEN INCIS.
HCEA001;03C24 21C05;03 21;non;TRANSPOSITION DES CONDUITS S.MANDIB
HCFA001;03C24 16C03;03 16;non;EXÉRÈSE GLD S.MANDIB ÉLARGIE À SA LOGE AB. CERV.FAC
HCFA002;03C24 17C07;03 17;non;PAROTIDECTOMIE +RÉSEC. NF FACIAL
HCFA003;03C24 16C03;03 16;non;EXÉRÈSE GLD SUBLINGUALE AB. DIRECT
HCFA004;03C24;03;non;PAROTIDECTOMIE PART. SANS DISSECTION NF FACIAL
HCFA005;03C24 17C07;03 17;non;PAROTIDECTOMIE +EXÉRÈSE PARAPHARYNX AB. CERV.FAC
HCFA006;03C24 08C21 08C61 17C06;03 08 17;non;PAROTIDECTOMIE ÉLARGIE AU MÉAT ACOUSTIQUE EXT. +/-
HCFA007;03C24 16C03;03 16;non;EXÉRÈSE PT GLD SALIVAIRE
HCFA008;03C24 17C07;03 17;non;PAROTIDECTOMIE PART. +CONSERV. FACIAL
HCFA009;03C24 17C07;03 17;non;PAROTIDECTOMIE +CONSERV. FACIAL
HCFA010;01C08 03C24 17C07 21C05;01 03 17 21;non;PAROTIDECTOMIE +RÉSEC-GREF NF FACIAL
HCFA011;03C24 16C03;03 16;non;EXÉRÈSE GLD S.MANDIB AB. CERV.FAC
HCFA012;03C24 17C07;03 17;non;EXÉRÈSE RÉCIDIVE T.PAROTIDE +CONSERV. FACIAL
HCFA013;03C24 17C06;03 17;non;PAROTIDECTOMIE AB. CERV.FAC +EXÉRÈSE PARAPHARYNX AB.
HCGA001;03K04;03;non;ABL CALCUL CANAL GLANDE SALIVAIRE PAR ABORD INTRABUC
HCGA002;03C24;03;non;ABL CALCUL CANAL GLANDE SALIVAIRE PAR ABORD CERV.FAC
HCGA003;03K04;03;non;ABL CALCUL BASSIN SUBMANDIB, PAR ABORD INTRABUCCAL
HCGA109;03K04;03;non;ABL BILATE CALCUL CANAL SUBMANDIB PAR ABORD
HCGA130;03K04;03;non;ABL CALCUL CANAL PAROTIDE PAR ABORD CERV.FAC OU
HCGA223;03K04;03;non;ABL CALCUL BASSIN SUBMANDIB, PAR ABORD INTRABUCCAL +
HCGA374;03K04;03;non;ABL UNILAT E CALCUL CANAL SUBMANDIB PAR ABORD
HCGE188;03K04;03;non;ABLATION DE CALCUL CANALAIRE D'UNE GLANDE SALIVAIRE
HCGE271;03K04;03;non;ABL UNI / BILAT CALCUL CANAL PLUSIEURS GLANDES
HCHA002;03K04;03;non;BIOPSIE DES PT GLD SALIVAIRES
HCPA001;03C24;03;non;MARSUPIALISATION KYSTE GLD SALIVAIRE
HCSA001;03C24 21C05;03 21;non;FERM. FISTULE SALIVAIRE
HDAA002;03C17;03;non;VÉLOPLASTIE ALLONGT +LAMBEAU PALATIN
HDAA003;03C16 03C17 03C29 21C05;03 21;non;PLASTIE ÉLARGT HYPOPHARYNX
HDCA001;03C16 03C17 03C29 04C03 21C05;03 04 21;non;PHARYNGOSTOMIE CUT.
HDCA002;03C16 03C17 03C29 17C07 21C05;03 17 21;non;SUTURE PHARYNX CERV.TOMIE
HDFA001;03C25 17C06 21C05 22C03;03 17 21 22;non;PHAR.LARYNGECTOMIE CIRCUL. +TRANSPLANT JÉJ.
HDFA002;03C26;03;non;OROPHARYNGECTOMIE LAT. +AMYGDALECTOMIE AB. BUCC.
HDFA003;03C25 17C06;03 17;non;PHAR.LARYNGECT TOT. ÉTENDUE À BASE LANGUE
HDFA004;03C25 17C06;03 17;non;OROPHARYNGECTOMIE +MANDIBULECT NON INTERRUPT AB.
HDFA005;03C25 17C06;03 17;non;PHAR.LARYNGECT TOT.
HDFA006;03C25 22C03;03 22;non;PHAR.LARYNGECTOMIE CIRCUL. +COLOPLASTIE RÉTROSTERN.
HDFA007;03C25 17C06;03 17;non;OROPHARYNGECTOMIE MANDIBULOTOMIE
HDFA008;03C26 17C06;03 17;non;OROPHARYNGECTOMIE LAT. CERV.TOMIE
HDFA009;03C26 17C07;03 17;non;OROPHARYNGECTOMIE POST. AB. BUCC.
HDFA010;03C25 17C06;03 17;non;PHAR.LARYNGECTOMIE CIRCUL.
HDFA011;03C25 08C21 17C06;03 08 17;non;OROPHARYNGECTOMIE +MANDIBULECT NON INTERRUPT AB.
HDFA012;03C16 03C17 03C29 06C05 06C16 06C20 06C22 17C06;03 06 17;non;PHAR.ECTOMIE POST. CERV.TOMIE
HDFA013;03C25 17C07;03 17;non;OROPHARYNGECTOMIE +MANDIBULECT NON INTERRUPT
HDFA014;03C16 03C17 03C29 06C05 06C16 06C20 06C22 17C06;03 06 17;non;RÉSEC. RÉCIDIVE DIVERTIC. PHAR.OESOPH CERV.TOMIE
HDFA015;03C16 03C17 03C29 06C05 06C16 06C20 06C22 17C07;03 06 17;non;RÉSEC. DIVERTIC. PHAR.OESOPH +MYOTOMIE
HDFA016;03C16 03C17 03C29 06C05 06C16 06C20 06C22 17C06;03 06 17;non;PHAR.ECTOMIE LAT. CERV.TOMIE
HDFA017;03C26 17C06;03 17;non;OROPHARYNGECTOMIE POST. CERV.TOMIE
HDFA018;03C16 03C17 03C29;03;non;EXÉRÈSE LÉS. PHARYNX PHARYNGOTOMIE
HDFA019;03C25 17C06;03 17;non;OROPHARYNGECTOMIE MANDIBULOTOMIE
HDFA020;03C17 17C07;03 17;non;UVULECTOMIE
HDFA021;03C17;03;non;UVULOVÉLECTOMIE +PALATECTOMIE PART.
HDFA022;03C17;03;non;UVULOVÉLECTOMIE
HDFE001;03K03;03;non;RÉSEC/DILAT. STÉNOSE PHARYNX ENDOS. LASER
HDFE002;03K03;03;non;EXÉRÈSE LÉS. HYPOPHARYNX ENDOS.
HDFE003;03K03;03;non;RÉSEC/DILAT. STÉNOSE PHARYNX ENDOS. SANS LASER
HDGA001;03C16 03C17 03C29 06C05 06C16 06C20 06C22 21C05;03 06 21;non;ABL. C.E PHAR.OESOPH CERV.TOMIE
HDGE001;03K03;03;non;ABL. C.E OROPHARYNX ENDOS. RIGIDE
HDGE002;03K03;03;non;ABL. C.E OROPHARYNX LARYNGO INDIRECT
HDJA001;03C12 03C13 03C27;03;oui;ÉVAC. COLLECTION PÉRITONSIL. +/- RÉTROPHAR. AB. BUCC.
HDJD001;03C17;03;non;ÉVAC. COLLECTION RÉTROSTYLIENNE INCIS. BUCC.
HDJD002;03C12 03C13 03C27;03;oui;ÉVAC. COLLECTION PÉRITONSIL. +/- RÉTROPHAR. INCIS. BUCC.
HDMA001;03C17;03;non;UVULOPHARYNGOPLASTIE SANS LASER +TURBINECTOMIE
HDMA002;03C17;03;non;UVULOPHARYNGOPLASTIE LASER
HDMA004;03C17 08C21 21C05;03 08 21;non;UVULOPHARYNGOPLASTIE SANS LASER +SEPTOPLASTIE
HDMA005;03C17;03;non;UVULOPHARYNGOPLASTIE SANS LASER
HDMA006;03C16 03C17 03C29 21C05;03 21;non;PHAR.PLAST/SPHINCT.PLAST PR CORREC. 1FENTE P
HDMA007;03C16 03C17 03C29 21C05;03 21;non;PHAR.PLASTIE +LAMBEAU PHARYNGÉ
HDMA008;03C17 21C05;03 21;non;PHAR.PLAST PR STÉNOSE VÉLO-ORO-RHINO-PHARYNGÉE
HDMA009;03C16 03C17 03C29 21C05;03 21;non;PHAR.PLASTIE LAMBEAU PHARYNX+PALAIS
HDMA010;03C17;03;non;VÉLOPLASTIE IIRE INTRAVÉLAIRE
HDNE001;03K03;03;non;DESTRUC. LÉS. HYPOPHARYNX LASER ENDOS.
HDNE002;03K03;03;non;DESTRUC. LÉS. HYPOPHARYNX SANS LASER ENDOS.
HDPA001;03C16 03C17 03C29 06C15 17C07 21C05;03 06 17 21;non;MYOTOMIE CRICOPHAR. CERV.TOMIE
HDPE001;03K03;03;non;MYOTOMIE CRICOPHAR. ENDOS. LASER
HDPE002;03K03;03;non;MYOTOMIE CRICOPHAR. ENDOS. SANS LASER
HDQE001;03K03;03;non;OROHYPOPHARYNGOSCOPIE +LARYNGO
HDSD002;03C05 17C07;03 17;non;FERM. IRE 1FENTE VÉLAIRE
HEAE001;06K02 06K03;06;non;DILAT. OESOPH. ENDOS. RIGIDE
HEAE002;06K02 06K03;06;non;DILAT. ANTÉROGRADE OESOPH. ENDOS. RIGIDE
HEAE003;06K02 06K03;06;non;DILAT. ANTÉROGRADE OESOPH. FIBRO
HECA001;03C16 03C17 03C29 06C05 06C16 06C20 06C22 15C02 17C06 21C05;03 06 17 21;non;SUTURE OESOPH. CERV.TOMIE
HECA002;06C05 06C16 06C20 06C22 15C02 17C06 21C05;06 17 21;non;SUTURE OESOPH. THOR.TOMIE
HECA003;03C16 03C17 03C29 04C03 06C05 06C16 06C20 06C22 21C05 22C03;03 04 06 21 22;non;EXCL. BIPOLAIRE OESOPH. CERV.TOMIE +LAPARO
HECA004;06C05 06C16 06C20 06C22 17C07 21C05;06 17 21;non;SUTURE OESOPH. LAPARO
HECA005;03C16 03C17 03C29 04C03 06C05 06C16 06C20 06C22 07C08 15C02 21C05 22C03;03 04 06 07 21 22;non;OESOPHAGOSTOMIE CUT. CERV.TOMIE
HECC001;06C05 06C16 06C20 06C22 15C02 21C05;06 21;non;SUTURE OESOPH. THOR.SCOPIE
HEDA001;03C16 03C17 03C29 06C05 06C16 06C20 06C22 17C07;03 06 17;non;DIVERTICULOPEXIE OESOPH. CERV.TOMIE
HEFA001;06C05 06C16 06C20 06C22 15C02 17C06 21C05 22C03;06 17 21 22;non;OESOPHAGECTOMIE +OESOPH.GASTR.PLAST
HEFA002;06C05 06C16 06C20 06C22 15C02 17C06 21C05 22C03;06 17 21 22;non;OESOPHAGECTOMIE +OESOPH.GASTR.PLAST CERV.TOMIE
HEFA003;06C05 06C16 06C20 06C22 17C06 21C05 22C03;06 17 21 22;non;OESOPHAGECTOMIE +OESOPH.GASTR.PLAST THOR.TOMIE
HEFA004;06C05 06C16 06C20 06C22 17C06 21C05 22C03;06 17 21 22;non;OESOPHAGECTOMIE TOT. +OESOPH.GASTR.PLAST
HEFA005;06C05 06C16 06C20 06C22 17C06 21C05 22C03;06 17 21 22;non;OESOPHAGECTOMIE +OESOPH.JÉJ.STOM
HEFA006;06C05 06C16 06C20 06C22 17C06 21C05 22C03;06 17 21 22;non;OESOPHAGECTOMIE TOT. +OESOPH.COLO.PLAST
HEFA007;06C05 06C16 06C20 06C22 17C06 21C05 22C03;06 17 21 22;non;OESOPHAGECTOMIE +OESOPH.COLO.PLAST CERV.TOMIE
HEFA008;03C26 06C05 06C16 06C20 06C22 17C07 21C05 22C03;03 06 17 21 22;non;OESO-PHAR-LAR.ECTOMIE TOT. +OESOPH.GASTR.PLAST
HEFA009;06C05 06C16 06C20 06C22 17C06 21C05 22C03;06 17 21 22;non;OESOPHAGECTOMIE +OESOPH.COLO.PLAST THOR.TOMIE
HEFA010;06C05 06C16 06C20 06C22 17C06;06 17;non;EXÉRÈSE DUPLICATION OESOPH. THOR.TOMIE +LAPARO
HEFA011;06C05 06C16 06C20 06C22 17C06 21C05 22C03;06 17 21 22;non;OESOPHAGECTOMIE +OESOPH.JÉJ.STOM THOR.TOMIE
HEFA012;06C05 06C16 06C20 06C22 17C06 21C05 22C03;06 17 21 22;non;OESOPHAGECTOMIE +OESOPH.GASTR.PLAST THOR.TOMIE
HEFA013;06C05 06C16 06C20 06C22 17C06 21C05 22C03;06 17 21 22;non;OESOPHAGECTOMIE +OESOPH.GASTR.PLAST
HEFA014;06C05 06C16 06C20 06C22 17C07;06 17;non;EXÉRÈSE DUPLICATION OESOPH. THOR.TOMIE
HEFA015;03C16 03C17 03C29 06C05 06C16 06C20 06C22 17C06;03 06 17;non;RÉSEC. DIVERTIC. OESOPH. THOR.TOMIE
HEFA016;06C05 06C16 06C20 06C22 21C05 22C03;06 21 22;non;OESOPHAGECTOMIE +OESOPH.COLO.PLAST
HEFA017;03C26 06C05 06C16 06C20 06C22 21C05 22C03;03 06 21 22;non;OESOPH-PHAR-LARYNGECTOMIE TOT. +OESOPH.COLO.PLAST
HEFA018;06C05 06C16 06C20 06C22 15C02 17C06 21C05 22C03;06 17 21 22;non;OESOPHAGECTOMIE +OESOPH.GASTR.PLAST CERV.TOMIE
HEFA019;06C05 06C16 06C20 06C22 17C06;06 17;non;EXCISION T. OESOPH. CONTINUITÉ CONSERVÉE
HEFA020;06C05 06C16 06C20 06C22 21C05 22C03;06 21 22;non;OESOPHAGECTOMIE TOT. SANS RÉTABL. CONTINUITÉ
HEFA021;06C05 06C16 06C20 06C22 15C02 17C06;06 17;non;RÉSEC.ANAST RÉTRÉCMT CONG. OESOPH. THOR.TOMIE
HEFA022;06C05 06C16 06C20 06C22 17C06 21C05 22C03;06 17 21 22;non;OESOPHAGECTOMIE TOT. SANS RÉTABL. CONTINUITÉ
HEFC001;03C16 03C17 03C29 06C05 06C16 06C20 06C22 17C07;03 06 17;non;RÉSEC. DIVERTIC. OESOPH. THOR.SCOPIE
HEFC002;06C05 06C16 06C20 06C22 17C06;06 17;non;EXCISION T. OESOPH. CONTINUITÉ CONSERVÉE THOR.SCOPIE
HEFC003;06C05 06C16 06C20 06C22 17C06;06 17;non;EXÉRÈSE DUPLICATION OESOPH. THOR.SCOPIE
HEFC800;06C05 06C16 06C20 06C22 17C06 21C05 22C03;06 17 21 22;non;OESOPHAGECTOMIE + OESOPH.GASTR.PLAST THOR.SCOPIE &
HEFC801;06C05 06C16 06C20 06C22 15C02 17C06 21C05 22C03;06 17 21 22;non;OESOPHAGECT + OESOPH.GASTR.PLAST CERV, THOR.SCOPIE &
HEFE001;06K02 06K03;06;non;EXÉRÈSE 1POLYPE >1CM/4POLYPES T.DIG HT O-G-DSCOPIE
HEFE002;06K02 06K03;06;non;EXÉRÈSE 1À 3POLYPES <1CM T.DIG HT O-G-DSCOPIE
HEFE003;06K02 06K03;06;non;SÉANCE MUCOSECTOMIE OESOPH. ESTOMAC/DUOD.
HEFE326;06K02 06K03;06;non;DISSECTION SOUSMUQUEUSE OESOPHAGE &/ ESTOMAC, /
HEGE001;06K02 06K03;06;non;ABL. C.E OESOPH. ENDOS. RIGIDE
HEGE002;06K02 06K03;06;non;ABL. C.E T.DIG HT O-G-DSCOPIE
HEGE003;06K02 06K03;06;non;ABL. 1ENDOPROTH. OESOPH. ENDOS.
HEKE001;06K02 06K03;06;non;CHANGT 1ENDOPROTH. OESOPH. ENDOS.
HELE001;06K02 06K03;06;non;POSE GUIDE INTRAOESOPHAGIEN PR CURIETHÉR. FIBRO
HELE002;06K02 06K03;06;non;POSE 1ENDOPROTH. OESOPH. ENDOS.
HELE900;01K04;01;non;SÉANCE INJ. TOXINE BOTULIQUE NIV. SPHINCTER INF.
HEMA001;06C05 06C16 06C20 06C22 17C06 21C05 22C03;06 17 21 22;non;OESO.COLOPLASTIE +ANAST.OESO.COL CERV. CERV.TOMIE
HEMA002;06C05 06C16 06C20 06C22 15C02 17C06;06 17;non;RECONSTR. IIRE OESOPH. PR ATRÉSIE +FISTULE THOR.TOMIE
HEMA003;06C05 06C16 06C20 06C22 17C06;06 17;non;RECONSTR OESOPH ATRÉSIE +FERMETURE FISTULE 1TEMPS
HEMA004;06C05 06C16 06C20 06C22 15C02 17C06;06 17;non;RECONSTR OESOPH ATRÉSIE 1TEMPS THOR.TOMIE
HEMA005;06C05 06C16 06C20 06C22 21C05 22C03;06 21 22;non;OESO.COLOPLASTIE +ANAST. PHARYNGOCOLIQUE CERV.TOMIE
HEMA006;06C05 06C16 06C20 06C22 17C06 21C05 22C03;06 17 21 22;non;RECONSTR. OESOPH. LAMBEAU LIBRE SEGT DIG. +ANAST. VASC.
HEMA007;06C05 06C16 06C20 06C22 17C06 21C05 22C03;06 17 21 22;non;PLASTIE STÉNOSE ANAST. OESOPH. CERV.TOMIE
HEMA008;06C05 06C16 06C20 06C22 17C06 21C05 22C03;06 17 21 22;non;OESO.GASTROPLAST +ANAST. OESOPH.GASTR CERV.
HEMA009;06C05 06C16 06C20 06C22 15C02 21C05 22C03;06 21 22;non;OESO.GASTROPLAST SANS OESOPHAGECT +ANAST. GASTR.
HEME002;03C16 03C17 03C29 04C03 21C05;03 04 21;non;CRÉATION FISTULE TRACH +IMPLANT PHONATOIRE ENDOS.
HENE001;06K02 06K03;06;non;DESTRUC. LÉS. OESOPH. +/- ESTOMAC LASER O-G-DSCOPIE
HENE002;06K02 06K03;06;non;DESTRUC. OESOPH. +/- ESTOMAC LASER O-G-DSCOPIE
HENE004;06K02 06K03;06;non;DESTRUC. OESOPH. +/- ESTOMAC SANS LASER
HENE494;06K02 06K03;06;non;DESTRUC LOCAL MUQUE OESOPH RADIOFRÉQ
HEPA001;06C05 06C16 06C20 06C22 17C07 21C05;06 17 21;non;CARDIOMYOTOMIE SANS ANTIREFLUX THOR.TOMIE
HEPA002;06C05 06C16 06C20 06C22 17C06 21C05;06 17 21;non;CARDIOMYOTOMIE +ANTIREFLUX LAPARO
HEPA003;06C05 06C16 06C20 06C22 17C06 21C05;06 17 21;non;CARDIOMYOTOMIE +ANTIREFLUX THOR.TOMIE
HEPA004;06C05 06C16 06C20 06C22;06;non;SECTION OESOPH. +SPLÉNECT+DÉCONNEXION PORTALE
HEPA005;06C05 06C16 06C20 06C22;06;non;SECTION OESOPH. THOR.TOMIE/LAPARO
HEPA006;06C05 06C16 06C20 06C22 17C06 21C05;06 17 21;non;CARDIOMYOTOMIE SANS ANTIREFLUX LAPARO
HEPA007;06C05 06C16 06C20 06C22;06;non;SECTION OESOPH. +SPLÉNECT+DÉCONNEXION PORTALE
HEPC001;06C05 06C16 06C20 06C22 17C07 21C05;06 17 21;non;CARDIOMYOTOMIE SANS ANTIREFLUX THOR.SCOPIE
HEPC002;06C05 06C16 06C20 06C22 17C07 21C05;06 17 21;non;CARDIOMYOTOMIE SANS ANTIREFLUX COELIO.
HEPC003;06C05 06C16 06C20 06C22 17C07 21C05;06 17 21;non;CARDIOMYOTOMIE +ANTIREFLUX COELIO.
HEPC004;06C05 06C16 06C20 06C22 21C05;06 21;non;CARDIOMYOTOMIE +ANTIREFLUX THOR.SCOPIE
HEQE001;06K04 06K05;06;non;OESOPHAGOSCOPIE AU TUBE RIGIDE
HEQE002;06K04 06K05;06;non;ENDOS. O.G.D
HEQE003;06K04 06K05;06;non;ENDOS. O.G.D +TEST À URÉASE AV. ÂGE 6ANS
HEQE005;06K04 06K05;06;non;ENDOS. O.G.D +TEST À URÉASE APRÈS ÂGE 6ANS
HEQE263;06K04 06K05;06;non;ENDOSCOPIE  OESOPHAGIENNE AVEC BIOPSIE GUIDEE PAR
HEQJ001;06K04 06K05;06;non;ÉCHOENDOS OESOGASTR. SANS BIOPSIE
HEQJ002;06K04 06K05;06;non;ÉCHOENDOS OESOGASTR. +BIOPSIE
HESA001;03C16 03C17 03C29 04C03 06C05 06C16 06C20 06C22 17C07 21C05;03 04 06 17 21;non;FERM. FISTULE OESOTRACH. ACQ CERV.TOMIE
HESA002;06C05 06C16 06C20 06C22 17C06;06 17;non;FERM. 1FISTULE OESOTRACH. CONGÉNIT. CERV.TOMIE
HESA003;03C16 03C17 03C29 06C23 21C05 22C03;03 06 21 22;non;FERM. OESOPHAGOSTOMIE CUT. AB. DIRECT
HESA004;03C16 03C17 03C29 04C02 06C05 06C16 06C20 06C22 17C06 21C05;03 04 06 17 21;non;FERM. FISTULE OESOTRACH. ACQ
HESA005;03C16 03C17 03C29 06C05 06C16 06C20 06C22 15C02 21C05 22C03;03 06 21 22;non;FERM. FISTULE CUT. OESOPH. CERV.TOMIE
HESA006;06C05 06C16 06C20 06C22 15C02 17C06;06 17;non;FERM. 1FISTULE OESOTRACH. CONGÉNIT. CERV.TOMIE
HESA007;03C16 03C17 03C29 04C02 06C05 06C16 06C20 06C22 17C07 21C05;03 04 06 17 21;non;FERM. FISTULE OESOTRACH ACQ +RÉSEC. TRACHÉE
HESA008;03C16 03C17 03C29 04C03 06C05 06C16 06C20 06C22 17C07 21C05;03 04 06 17 21;non;FERM. FISTULE OESOTRACH. ACQ +RÉSEC.ANAST
HESA009;06C05 06C16 06C20 06C22 15C02 17C06;06 17;non;FERM. FISTULE OESOTRACH. ATRÉSIE THOR.TOMIE
HESA010;03C16 03C17 03C29 04C03 21C05;03 04 21;non;FERM. FISTULE OESOTRACHÉALE APRÈS IMPLANT
HESE001;06K02 06K03;06;non;HÉMOSTASE T.DIG HT LASER O-G-DSCOPIE
HESE002;06K02 06K03;06;non;HÉMOSTASE T.DIG HT SANS LASER O-G-DSCOPIE
HFAD001;06C23 15C02 17C07 21C05;06 17 21;non;DILAT. TRAJET 1GASTROSTOMIE CUT. +POSE BOUTON
HFCA001;06C05 06C16 06C20 06C22 10C13 17C06;06 10 17;non;COURT-CIRCUIT GASTR. ANSE EN Y OBÉSITÉ LAPARO
HFCA002;01C08 03C16 03C17 03C29 04C03 06C05 06C16 06C20 06C22 07C08 10C08 15C02 17C06 21C05 22C03;01 03 04 06 07 10 17 21 22;non;GASTROSTOMIE CUT. LAPARO
HFCA003;06C05 06C16 06C20 06C22 15C02 17C06 21C05;06 17 21;non;SUTURE ESTOMAC/DUOD. LAPARO
HFCA004;06C05 06C16 06C20 06C22 07C11 15C02 17C06 21C05;06 07 17 21;non;GASTR.JÉJ.STOM DÉRIV. LAPARO
HFCC001;06C05 06C16 06C20 06C22 17C06 21C05;06 17 21;non;SUTURE ESTOMAC/DUOD. COELIO.
HFCC002;01C08 03C16 03C17 03C29 04C03 06C05 06C16 06C20 06C22 07C08 10C08 15C02 17C07 21C05 22C03;01 03 04 06 07 10 17 21 22;non;GASTROSTOMIE CUT. COELIO.
HFCC003;06C05 06C16 06C20 06C22 10C13 17C06;06 10 17;non;COURT-CIRCUIT GASTR. ANSE EN Y OBÉSITÉ COELIO.
HFCC022;06C05 06C16 06C20 06C22 07C08 17C06 21C05;06 07 17 21;non;COURT-CIRCUIT GASTR. OBÉSITÉ COELIO
HFDA001;06C05 06C16 06C20 06C22 15C02;06;non;GASTROPEXIE CHEZ ENFANT LAPARO
HFDA002;06C05 06C16 06C20 06C22 17C06 21C05;06 17 21;non;GASTROPEXIE POST. LAPARO
HFDC001;06C05 06C16 06C20 06C22 17C06;06 17;non;GASTROPEXIE CHEZ ENFANT COELIO.
HFDC002;06C05 06C16 06C20 06C22 17C07 21C05;06 17 21;non;GASTROPEXIE POST. COELIO.
HFFA001;06C05 06C16 06C20 06C22 10C13 17C06 21C05;06 10 17 21;non;GASTRECTOMIE +DÉRIV BIL.PANCR/INTEST OBÉSITÉ
HFFA002;06C05 06C16 06C20 06C22 17C06 21C05;06 17 21;non;GASTRECTOM. INF. +ANAST. GASTR.DUOD LAPARO
HFFA003;06C05 06C16 06C20 06C22 17C06 21C05;06 17 21;non;GASTRECTOM. SUP. +ANAST. LAPARO
HFFA004;06C05 06C16 06C20 06C22 17C06;06 17;non;RÉSEC. DUPLIC. G.DUOD +DÉRIV. BIL. LAPARO
HFFA005;06C05 06C16 06C20 06C22 17C06 21C05;06 17 21;non;GASTRECTOMIE TOT. +ANAST. LAPARO
HFFA006;06C05 06C16 06C20 06C22 17C06 21C05;06 17 21;non;GASTRECTOM. INF. +ANAST. GASTR.JÉJ LAPARO
HFFA007;06C05 06C16 06C20 06C22 17C06;06 17;non;RÉSEC. DUPLIC. G.DUOD SANS DÉRIV. BIL. LAPARO
HFFA008;06C05 06C16 06C20 06C22 17C06 21C05;06 17 21;non;DÉMONTAG GASTRECTOM +ANAST. LAPARO
HFFA009;06C05 06C16 06C20 06C22 17C06 21C05;06 17 21;non;RÉSEC. ATYPIQUE PAROI GASTR. CONTINUITÉ CONSERVÉE
HFFA010;06C05 06C16 06C20 06C22 17C06;06 17;non;RÉSEC. DUPLICATION GASTR. LAPARO
HFFA011;06C05 06C16 06C20 06C22 10C13 17C06;06 10 17;non;GASTRECTOMIE LONGITUDINALE OBÉSITÉ LAPARO
HFFC001;06C05 06C16 06C20 06C22 17C06 21C05;06 17 21;non;RÉSEC. ATYPIQUE PAROI GASTR. CONTINUITÉ CONSERVÉE
HFFC002;06C05 06C16 06C20 06C22 17C06 21C05;06 17 21;non;GASTRECTOM. INF. +ANAST. GASTR.JÉJ COELIO.
HFFC003;06C05 06C16 06C20 06C22 17C07;06 17;non;RÉSEC. DUPLICATION GASTR. COELIO.
HFFC004;06C05 06C16 06C20 06C22 10C13 17C06;06 10 17;non;GASTRECTOMIE +DÉRIV BIL.PANCR/INTEST OBÉSITÉ
HFFC012;06C05 06C16 06C20 06C22 17C06 21C05;06 17 21;non;GASTRECTOM. INF. +ANAST. GASTR.DUOD COELIO
HFFC017;06C05 06C16 06C20 06C22 17C06 21C05;06 17 21;non;GASTRECTOMIE TOT. +ANAST. COELIO
HFFC018;06C05 06C16 06C20 06C22 10C13 17C07;06 10 17;non;GASTRECTOMIE LONGITUDINALE OBÉSITÉ COELIO
HFGC900;10C10 21C05;10 21;non;ABL. 1SONDE STIMUL. PARIÉTALE GASTR. OBÉSITÉ COELIO.
HFKA001;21C05;21;non;CHANGT DISPOSITIF ACCÈS 1ANNEAU GASTR. OBÉSITÉ AB.
HFKA002;06C05 06C16 06C20 06C22 10C09 17C07 21C05;06 10 17 21;non;CHANGT 1ANNEAU GASTR. OBÉSITÉ LAPARO
HFKC001;06C05 06C16 06C20 06C22 10C09 21C05;06 10 21;non;CHANGT 1ANNEAU GASTR. OBÉSITÉ COELIO.
HFKE001;06K02 06K03;06;non;CHANGT 1SONDE GASTR.STOM/GASTR.JÉJ.STOM
HFLC900;10C10 17C07;10 17;non;IMPLANT. SSCUT STIMUL. GASTR. +SONDE PARIÉTALE
HFLE001;06K02 06K03;06;non;POSE 1SONDE GASTR. O-G-DSCOPIE
HFMA001;06C05 06C16 06C20 06C22 17C07 21C05;06 17 21;non;VALVE TUBÉR. THOR.TOMIE
HFMA003;06C05 06C16 06C20 06C22 15C02 17C06 21C05;06 17 21;non;VALVE TUBÉR. LAPARO
HFMA004;06C05 06C16 06C20 06C22 15C02 17C06 21C05;06 17 21;non;PYLOROPLASTIE/DUOD.PLAST LAPARO
HFMA005;06C05 06C16 06C20 06C22 17C06 21C05;06 17 21;non;TOTALISATION IIRE GASTRECTOMIE +ANAST. LAPARO
HFMA007;06C05 06C16 06C20 06C22 17C06 21C05;06 17 21;non;VALVE TUBÉR. +LIBÉR. GDE COURB THOR.TOMIE
HFMA008;06C05 06C16 06C20 06C22 15C02 17C06 21C05;06 17 21;non;VALVE TUBÉR. +LIBÉR. GDE COURB LAPARO
HFMA009;06C05 06C16 06C20 06C22 10C09 17C07;06 10 17;non;GASTROPLASTIE POSE ANNEAU GASTR. OBÉSITÉ LAPARO
HFMA010;06C05 06C16 06C20 06C22 10C09 17C07;06 10 17;non;GASTROPLASTIE VERT. CALIBRÉE OBÉSITÉ LAPARO
HFMA011;06C05 06C16 06C20 06C22 10C10 21C05;06 10 21;non;REPOS/ABL. 1ANNEAU GASTR. LAPARO
HFMC001;06C05 06C16 06C20 06C22 15C02 17C07 21C05;06 17 21;non;VALVE TUBÉR. +LIBÉR. GDE COURB COELIO.
HFMC003;06C05 06C16 06C20 06C22 15C02 17C06 21C05;06 17 21;non;PYLOROPLASTIE/DUOD.PLAST COELIO.
HFMC004;06C05 06C16 06C20 06C22 15C02 17C07 21C05;06 17 21;non;VALVE TUBÉR. COELIO.
HFMC006;06C05 06C16 06C20 06C22 10C09 17C06;06 10 17;non;GASTROPLASTIE VERT. CALIBRÉE OBÉSITÉ COELIO.
HFMC007;06C05 06C16 06C20 06C22 10C09;06 10;non;GASTROPLASTIE POSE ANNEAU GASTR. OBÉSITÉ COELIO.
HFMC008;06C05 06C16 06C20 06C22 10C10 21C05;06 10 21;non;REPOS/ABL. 1ANNEAU GASTR. COELIO.
HFPA001;06C05 06C16 06C20 06C22 17C06 21C05;06 17 21;non;GASTROTOMIE THÉRAP. LAPARO
HFPA002;06C05 06C16 06C20 06C22 17C07;06 17;non;PYLOROTOMIE EXTRAMUQUEUSE LAPARO
HFPA003;06C05 06C16 06C20 06C22 07C08 10C08 17C06;06 07 10 17;non;GASTROTOMIE EXPLO. LAPARO
HFPC001;06C05 06C16 06C20 06C22 17C07;06 17;non;PYLOROTOMIE EXTRAMUQUEUSE COELIO.
HFSA001;06C23 15C02 21C05;06 21;non;FERM. GASTROSTOMIE CUT. AB. DIRECT
HGAA002;06C04 17C06;06 17;non;PLASTIE ALLONGT GRÊLE LAPARO
HGAA003;06C04 17C06;06 17;non;PLASTIE ÉLARGT GRÊLE LAPARO
HGAC010;06C04 17C07;06 17;non;PLASTIE ÉLARGT GRÊLE COELIO
HGAE001;06K02 06K03;06;non;DILAT. 1STÉNOSE ILÉALE ILÉOSC.
HGCA001;06C04 10C13 15C02 17C06;06 10 17;non;ENTÉROENTÉROSTOMIE DÉRIV. LAPARO
HGCA002;06C04 17C06 21C05;06 17 21;non;SUTURE GRÊLE LAPARO
HGCA003;06C05 06C16 06C20 06C22 17C06;06 17;non;ANAST. DUOD.DUOD STÉNOSE CONG. LAPARO
HGCA005;06C04 10C13 17C06 21C05;06 10 17 21;non;ILÉOCOLOSTOMIE DÉRIV. LAPARO
HGCA006;06C05 06C16 06C20 06C22 17C06 21C05;06 17 21;non;RÉFECTION DÉRIV. SÉCRÉTIONS BIL.PANCR. POST
HGCA007;06C05 06C16 06C20 06C22 17C07 21C05;06 17 21;non;EXCL. DUOD. LAPARO
HGCA008;06C07 07C08 11C08 12C09 12C10 13C13 17C06 21C05;06 07 11 12 13 17 21;non;ENTÉROSTOMIE CUT. LAPARO
HGCA009;06C05 06C16 06C20 06C22 10C13 17C06;06 10 17;non;COURT-CIRCUIT BIL.PANCR/INTEST OBÉSITÉ LAPARO
HGCC003;06C04 10C13 17C07;06 10 17;non;ENTÉROENTÉROSTOMIE DÉRIV. COELIO
HGCC015;06C04 10C13 21C05;06 10 21;non;ILÉOCOLOSTOMIE DÉRIV. COELIO
HGCC026;06C07 07C08 11C08 12C09 12C10 13C13 17C06 21C05;06 07 11 12 13 17 21;non;ENTÉROSTOMIE CUT. COELIO
HGCC027;06C05 06C16 06C20 06C22 10C13 17C06;06 10 17;non;COURT-CIRCUIT BIL.PANCR/INTEST OBÉSITÉ COELIO
HGCC031;06C04 17C06 21C05;06 17 21;non;SUTURE GRÊLE COELIO.
HGEA001;06C04 17C06;06 17;non;SECTION BRIDE LAPARO
HGEA002;27C02;27;non;GREF. GRÊLE +FOIE RÉDUIT LAPARO
HGEA003;06C07 17C07;06 17;non;RÉDUC. INVAGINATION INTEST. AIG. LAPARO
HGEA004;27C02;27;non;GREF. GRÊLE +FOIE TOT. LAPARO
HGEA005;27C07;27;non;GREF. GRÊLE LAPARO ZZEA800 -01/0 TRANSPLANTATION EXCEPTIONNELLE DE TISSUS ET D'ORGANE
HGEC001;06C04 17C07;06 17;non;SECTION BRIDE COELIO.
HGEC009;06C07 17C07;06 17;non;RÉDUC. INVAGINATION INTEST. AIG. COELIO
HGFA001;06C04 15C02 17C06 21C05;06 17 21;non;RÉSEC. ANGLE DUOD.JÉJ +ANAST. LAPARO
HGFA003;06C04 15C02 17C06 21C05;06 17 21;non;RÉSEC. SEGT UNIQUE GRÊLE SANS RÉTABL. CONTINUITÉ
HGFA004;06C04 15C02 17C06 21C05;06 17 21;non;RÉSEC. SEGT MULT. GRÊLE LAPARO
HGFA005;06C04 15C02 17C06 21C05;06 17 21;non;RÉSEC. SEGT UNIQUE GRÊLE PR OCCLUSION LAPARO
HGFA006;06C07 17C06;06 17;non;RÉSEC. DIVERTIC. ILÉAL LAPARO
HGFA007;06C04 15C02 17C06 21C05;06 17 21;non;RÉSEC. SEGT UNIQUE GRÊLE +ANAST. SF OCCLUSION
HGFA008;06C04 15C02 17C06;06 17;non;RÉSEC. SEGT 1ATRÉSIE GRÊLE +ANAST. LAPARO
HGFA009;06C04 15C02;06;non;RÉSEC. SEGT 1ATRÉSIE ÉTAGÉE GRÊLE +ANAST. LAPARO
HGFA010;06C04 17C07;06 17;non;EXÉRÈSE DUPLICATION GRÊLE SANS RÉSEC. INTEST.
HGFA011;06C04 17C06;06 17;non;EXÉRÈSE DUPLICATION GRÊLE +RÉSEC. INTEST. LAPARO
HGFA012;06C04 15C02 17C06;06 17;non;RÉSEC. GRÊLE +/- CÔLON PR PÉRITONITE N.NAT LAPARO
HGFA013;06C04 15C02 17C06 21C05;06 17 21;non;RÉSEC. TOT. GRÊLE LAPARO
HGFA014;07C11 17C06 21C05;07 17 21;non;EXÉRÈSE PAPILLE DUOD. MAJEURE LAPARO
HGFC001;06C04 17C07;06 17;non;EXÉRÈSE DUPLICATION GRÊLE SANS RÉSEC. INTEST.
HGFC002;06C07 17C07;06 17;non;RÉSEC. DIVERTIC. ILÉAL COELIO.
HGFC014;06C04 17C07 21C05;06 17 21;non;RÉSEC. SEGT UNIQUE GRÊLE SANS RÉTABL. CONTINUITÉ SF
HGFC016;06C04 17C06 21C05;06 17 21;non;RÉSEC. SEGT MULT. GRÊLE COELIO
HGFC021;06C04 17C06 21C05;06 17 21;non;RÉSEC. SEGT UNIQUE GRÊLE +ANAST. SF OCCLUSION COELIO
HGFE001;06K02 06K03;06;non;EXÉRÈSE 1POLYPE >1CM/4POLYPES GRÊLE ILÉOSC.
HGFE002;06K02 06K03;06;non;EXÉRÈSE 1À 3POLYPES <1CM GRÊLE ILÉOSC.
HGFE003;06K02 06K03;06;non;EXÉRÈSE 1POLYPE >1CM/4POLYPES GRÊLE JÉJ.SCOP
HGFE004;06K02 06K03;06;non;EXÉRÈSE 1À 3POLYPES <1CM GRÊLE JÉJ.SCOP
HGFE005;06K02 06K03;06;non;EXÉRÈSE PAPILLE DUOD. MAJEURE O-G-DSCOPIE
HGLA001;01C08 03C16 03C17 03C29 04C03 06C07 07C08 10C08 11C08 12C09 12C10 13C13 21C05 22C03;01 03 04 06 07 10 11 12 13 21 22;non;POSE 1SONDE JÉJ.STOM PR ALIMT ENTÉR. LAPARO
HGLE001;06K02 06K03;06;non;POSE 1ENDOPROTH. DUOD. O-G-DSCOPIE
HGMA001;06C23 15C02 17C06 21C05;06 17 21;non;CONFECTION IIRE 1ILÉOSTOMIE CONTINENTE KOCH
HGMA002;06C05 06C16 06C20 06C22 07C08 15C02 17C06 21C05;06 07 17 21;non;REMISE CIRCUIT IIRE DUOD. LAPARO
HGMA005;06C07 15C02 17C06 21C05;06 17 21;non;RÉTABL. IIRE CONTINUITÉ DIG. APRÈS RÉSEC. GRÊLE
HGNE001;06K02 06K03;06;non;DESTRUC. DUOD. O-G-DSCOPIE
HGPA001;06C05 06C16 06C20 06C22 07C08 17C06 21C05;06 07 17 21;non;DUODÉNOTOMIE THÉRAP/DUODÉNECTOMIE PART. LAPARO
HGPA002;06C07 07C08 17C06 21C05;06 07 17 21;non;ENTÉROTOMIE THÉRAP. LAPARO
HGPA003;06C07 17C07 21C05;06 17 21;non;ENTÉROTOMIE EXPLO. LAPARO
HGPA004;06C04 13C13 15C02 17C06 21C05;06 13 17 21;non;LIBÉR. ÉTENDUE GRÊLE PR OCCLUSION AIG. LAPARO
HGPA005;06C05 06C16 06C20 06C22 07C06 07C07 10C08 17C07 21C05;06 07 10 17 21;non;DUODÉNOTOMIE EXPLO. LAPARO
HGPA006;06C04 17C06;06 17;non;DÉSOBSTRUCTION GRÊLE PR ILÉUS MÉCONIAL LAPARO
HGPC005;06C15 11C08 21C05;06 11 21;non;ABL. 1CATHÉ. DIALYSE PÉRIT. COELIO
HGPC006;06C07 07C08 17C06 21C05;06 07 17 21;non;ENTÉROTOMIE THÉRAP. COELIO
HGPC015;06C04 13C13 17C07 21C05;06 13 17 21;non;LIBÉR. ÉTENDUE GRÊLE PR OCCLUSION AIG. COELIO
HGQE001;06K04 06K05;06;non;ENTÉROSCOPIE JÉJ. +ENTÉROSCOPIE ILÉALE
HGQE002;06K02 06K03;06;non;DUOD.SCOPIE APP. À VISION LAT.
HGQE003;06K04 06K05;06;non;ENTÉROSCOPIE JÉJ.
HGQE005;06K04 06K05;06;non;ENTÉROSCOPIE ILÉALE
HGQJ001;06K04 06K05;06;non;ÉCHOENDOS DUOD. +BIOPSIE TRANSDUODÉNALE GUIDÉE
HGQJ002;06K04 06K05;06;non;ÉCHOENDOS DUOD. SANS BIOPSIE
HGSA001;06C07 15C02 17C06 21C05;06 17 21;non;FERM. ENTÉROSTOMIE CUT. AB. DIRECT
HGSE001;06K02 06K03;06;non;HÉMOSTASE INTEST. SANS LASER JÉJ.SCOP
HGSE002;06K02 06K03;06;non;HÉMOSTASE INTEST. LASER JÉJ.SCOP
HGSE003;06K02 06K03;06;non;HÉMOSTASE INTEST. SANS LASER ILÉOSC.
HGSE004;06K02 06K03;06;non;HÉMOSTASE INTEST. LASER ILÉOSC.
HHAA002;06C23 15C02 21C05;06 21;non;PLASTIE ÉLARGT STOMIE CUT. INTEST.
HHAE001;06K02 06K03;06;non;DILAT. 1STÉNOSE CÔLON +/- RECTUM ENDOS.
HHCA001;06C04 15C02 17C06 21C05;06 17 21;non;SUTURE CÔLON LAPARO
HHCA002;06C04 07C08 11C08 12C09 12C10 13C13 17C06 21C05;06 07 11 12 13 17 21;non;COLOSTOMIE CUT. LAPARO
HHCA003;06C04 17C06 21C05;06 17 21;non;COLOCOLOSTOMIE DÉRIV. LAPARO
HHCC001;06C04 17C06 21C05;06 17 21;non;SUTURE CÔLON COELIO.
HHCC007;06C04 07C08 11C08 12C09 12C10 13C13 17C06 21C05;06 07 11 12 13 17 21;non;COLOSTOMIE CUT. COELIO
HHCC011;06C04 17C06 21C05;06 17 21;non;COLOCOLOSTOMIE DÉRIV. COELIO
HHEE001;06K02 06K03;06;non;DÉTORSION 1VOLVULUS CÔLON ENDOS.
HHFA001;06C08 06C09 17C07;06 17;non;APPENDICECTOMIE AB. FOSSE ILIAQ
HHFA002;06C04 17C06 21C05;06 17 21;non;COLECTOMIE GCHE +LIBÉRATION ACG +ANAST. COELIO/LAPARO
HHFA003;06C04 17C06;06 17;non;RÉSEC. CÔLON PR MALF. CONG. +ANAST. LAPARO
HHFA004;06C04 17C06 21C05;06 17 21;non;COLECTOMIE TOT SF RECTUM +ANAST. ILÉORECT.
HHFA005;06C04 17C06 21C05;06 17 21;non;COLECTOMIE TOT. SF RECTUM SANS CONTINUITÉ LAPARO
HHFA006;06C04 15C02 17C06 21C05;06 17 21;non;COLECTOMIE GCHE +LIBÉRATION ACG +ANAST. LAPARO
HHFA008;06C04 17C06 21C05;06 17 21;non;COLECTOMIE DTE +ANAST. COELIO/LAPARO +PRÉPA
HHFA009;06C04 15C02 17C06 21C05;06 17 21;non;COLECTOMIE DTE +ANAST. LAPARO
HHFA010;06C04 17C06 21C05;06 17 21;non;COLECTOMIE GCHE SANS LIBÉR. ACG +ANAST. LAPARO
HHFA011;06C08 06C09 17C07;06 17;non;APPENDICECTOMIE LAPARO
HHFA014;06C04 17C06 21C05;06 17 21;non;COLECTOMIE GCHE SANS LIBÉR. ACG SANS RÉTABL.
HHFA016;06C08 06C09 17C07;06 17;non;APPENDICECTOMIE COELIO/LAPARO +PRÉPA COELIO
HHFA017;06C04 17C06 21C05;06 17 21;non;COLECTOMIE GCHE SANS LIBÉR. ANGLE COL. GCHE
HHFA018;06C04 17C06 21C05;06 17 21;non;COLECTOMIE TRANSV. LAPARO
HHFA020;06C08 06C09 17C06;06 17;non;APPENDICECTOMIE +TOILETTE PÉRIT. PÉRIT. GÉNÉRAL. LAPARO
HHFA021;06C04 15C02 17C07 21C05;06 17 21;non;COLECTOMIE TOT. SF RECTUM SANS RÉTABL. CONTINUITÉ
HHFA022;06C04 17C06 21C05;06 17 21;non;COLECTOMIE TOT. SF RECTUM +ANAST. ILÉORECT. LAPARO
HHFA023;06C04 17C06 21C05;06 17 21;non;COLECTOMIE TRANSV. COELIO/LAPARO +PRÉPA COELIO
HHFA024;06C04 15C02 17C06 21C05;06 17 21;non;COLECTOMIE GCHE +LIBÉRATION ACG SANS RÉTABL.
HHFA025;06C08 06C09 17C07;06 17;non;APPENDICECT. +TOILETTE PÉRIT PÉRITONITE COELIO/LAPARO
HHFA026;06C04 17C06 21C05;06 17 21;non;COLECTOMIE DTE SANS RÉTABL. CONTINUITÉ LAPARO
HHFA027;06C07 13C04 17C06;06 13 17;non;RÉSEC. CPLT PROLAPSUS COLORECTAL EXTÉRIORISÉ
HHFA028;06C03 17C06 21C05;06 17 21;non;COLOPROCTECT. TOT. +ANAST. ILÉOANALE
HHFA029;06C03 17C06 21C05;06 17 21;non;COLOPROCTECT. TOT. SANS RÉTABL. CONTINUITÉ
HHFA030;06C03 17C06 21C05;06 17 21;non;COLOPROCTECT. TOT. SANS RÉTABL. CONTINUITÉ LAPARO
HHFA031;06C03 17C06 21C05;06 17 21;non;COLOPROCTECT. TOT. +ANAST. ILÉOANALE LAPARO
HHFC001;06C07;06;non;POLYPECTOM. CÔLON COLO. +CTRL COELIO.
HHFC040;06C04 17C06 21C05;06 17 21;non;COLECTOMIE GCHE SANS LIBÉR. ACG SANS RÉTABL.
HHFC296;06C04 17C06 21C05;06 17 21;non;COLECTOMIE DTE SANS RÉTABL. CONTINUITÉ COELIO.
HHFE001;06K02 06K03;06;non;EXÉRÈSE 1À 3POLYPES <1CM CÔLON +/- RECTUM COLO
HHFE002;06K02 06K03;06;non;EXÉRÈSE 1À 3POLYPES <1CM CÔLON +/- RECTUM COLO. TOT.
HHFE004;06K02 06K03;06;non;EXÉRÈSE 1POLYPE >1CM/4POLYPES CÔLON +/- RECTUM COLO.
HHFE005;06K02 06K03;06;non;EXÉRÈSE 1POLYPE >1CM/4POLYPES CÔLON +/- RECTUM COLO
HHFE006;06K02 06K03;06;non;SÉANCE MUCOSECTOMIE COLORECT. ENDOS.
HHGE010;06K02 06K03;06;non;ABLATION ENDOPROTH. CÔLON COLO
HHJE001;06K02 06K03;06;non;EXSUFFLATION CÔLON ENDOS.
HHLE005;06K02 06K03;06;non;ENDOPROTH. CÔLON COLO
HHMA002;06C23 17C07 21C05;06 17 21;non;RÉFECTION STOMIE CUT. INTEST. LAPARO
HHMA003;06C04 15C02 17C06 21C05;06 17 21;non;RÉTABL. IIRE CONTINUITÉ DIG. APRÈS COLECTOMIE
HHMC001;06C04 17C06 21C05;06 17 21;non;RÉTABL. IIRE CONTINUITÉ DIG. APRÈS COLECTOMIE
HHMC005;06C23 17C07 21C05;06 17 21;non;RÉFECTION STOMIE CUT. INTEST. COELIO
HHNE001;06K02 06K03;06;non;DESTRUC. CÔLON +/- RECTUM SANS LASER COLO. TOT.
HHNE002;06K02 06K03;06;non;DESTRUC. CÔLON +/- RECTUM LASER COLO. TOT.
HHNE003;06K02 06K03;06;non;DESTRUC. CÔLON +/- RECTUM LASER COLO
HHNE004;06K02 06K03;06;non;DESTRUC. CÔLON +/- RECTUM SANS LASER COLO
HHPA001;06C07 17C06 21C05;06 17 21;non;COLOTOMIE THÉRAP. LAPARO
HHPA002;06C07 17C06 21C05;06 17 21;non;COLOTOMIE EXPLO. LAPARO
HHPC001;06C07 17C07 21C05;06 17 21;non;COLOTOMIE EXPLO. COELIO.
HHPC002;06C07 17C07 21C05;06 17 21;non;COLOTOMIE THÉRAP. COELIO.
HHQE002;06K04 06K05;06;non;COLO. TOT. +FRANCHISSEMENT ORIFICE ILÉOCOLIQUE
HHQE003;06K04 06K05;06;non;EXPLO. CPLT CÔLON APRÈS COLECTOMIE DTE ENDOS.
HHQE004;06K04 06K05;06;non;COLO AU DELÀ CÔLON SIGMOÏDE
HHQE005;06K04 06K05;06;non;COLO. TOT. +BAS-FOND CAECAL SANS FRANCHISST
HHQJ002;06K04 06K05;06;non;ÉCHOENDOS COL. SANS BIOPSIE
HHSA001;06C07 15C02 17C06 21C05;06 17 21;non;FERM. COLOSTOMIE CUT. LAT. AB. DIRECT
HHSE001;06K02 06K03;06;non;HÉMOSTASE CÔLON LASER COLO
HHSE002;06K02 06K03;06;non;HÉMOSTASE CÔLON SANS LASER COLO. TOT.
HHSE003;06K02 06K03;06;non;HÉMOSTASE CÔLON LASER COLO. TOT.
HHSE004;06K02 06K03;06;non;HÉMOSTASE CÔLON SANS LASER COLO
HJBA001;06C14 17C07;06 17;non;PLICATURE PAROI ANT. RECTUM AB PÉRINÉ
HJCA001;06C14 17C06 21C05;06 17 21;non;SUTURE RECTUM LAPARO
HJCC001;06C14 17C06 21C05;06 17 21;non;SUTURE RECTUM COELIO.
HJCD001;06C14 17C07;06 17;oui;SUTURE RECTUM V.ANALE +RÉPAR. SPHINCT. ANUS
HJCD002;06C14;06;oui;SUTURE RECTUM V.ANALE SANS RÉPAR. SPHINCT. ANUS
HJDA001;06C07 13C04 17C06;06 13 17;non;RECTOPEXIE LAPARO
HJDC001;06C07 13C04 17C07;06 13 17;non;RECTOPEXIE COELIO.
HJEA001;06C04 17C06;06 17;non;RECTOPEXIE +PLASTIE VÉS.VAG PR MALF. ANORECT. HTE
HJEA002;06C04 17C06;06 17;non;RECTOPEXIE PR MALF. ANORECT. HTE/INTERM. AB
HJEA003;06C04 17C06;06 17;non;RECTOPEXIE PR MALF. ANORECT. HTE LAPARO +AB PÉRINÉ
HJEA004;06C04 17C06;06 17;non;RECTOPEXIE PR MALF. ANORECT. HTE/INTERM. AB PÉRINÉ
HJFA001;06C03 15C02 17C06 21C05;06 17 21;non;RÉSEC COLORECT+ABAISST COL. RÉTRORECTAL LAPARO
HJFA002;06C03 17C06 21C05;06 17 21;non;RÉSEC. RECT.SIG +ANAST. INFRAPÉRIT LAPARO
HJFA003;06C14;06;non;EXÉRÈSE T. RECTUM AB TRANSANAL
HJFA004;06C03 17C06 21C05;06 17 21;non;RÉSEC. RECT.SIG +ANAST. INFRAPÉRIT COELIO/LAPARO
HJFA005;06C03 17C06 21C05;06 17 21;non;AMPUT. RECTUM AB PÉRINÉ
HJFA006;06C03 15C02 17C06 21C05;06 17 21;non;RÉSEC. RECT.SIG LAPARO +ANAST. V.ANALE/AB
HJFA007;06C03 17C06 21C05;06 17 21;non;AMPUT. RECTUM LAPARO +AB PÉRINÉ
HJFA008;06C07 13C04 17C07;06 13 17;non;RÉSEC. MUQ. 1PROLAPSUS RECTAL +PLICATURE AB PÉRINÉ
HJFA009;06C07 13C04 17C07;06 13 17;non;RÉSEC. MUQ. 1PROLAPSUS RECTAL +PLICATURE +RÉDUC. AB
HJFA010;06C04 17C06;06 17;non;EXÉRÈSE DUPLICATION RECTUM AB SACRÉ
HJFA011;06C03 17C06 21C05;06 17 21;non;RÉSEC. RECT.SIG DÉPASSANT DOUGLAS SANS RÉTABL.
HJFA012;06C03 17C06 21C05;06 17 21;non;PROCTECTOMIE IIRE LAPARO+ANAST ILÉOANAL
HJFA013;06C07 13C08 17C07 21C05;06 13 17 21;non;RÉSEC. FISTULE RECT.VAG ACQUISE+SUTURE MUSC+LAMBEAU
HJFA014;06C03 17C06 21C05;06 17 21;non;EXÉRÈSE MOIGNON RECTAL RÉSIDUEL AB PÉRINÉ
HJFA015;06C04 17C06;06 17;non;RÉSEC. COLORECT. TOT. PR AGGLIONOSE LAPARO
HJFA016;06C04 17C06;06 17;non;RÉSEC. COLORECT. PART. PR AGGLIONOSE LAPARO
HJFA017;06C03 17C06 21C05;06 17 21;non;RÉSEC. RECT.SIG COELIO/LAPARO +PRÉPA. COELIO. +ANAST.
HJFA018;06C14 17C06;06 17;non;EXÉRÈSE T. RECTUM AB SACRÉ
HJFA019;06C03 17C06 21C05;06 17 21;non;AMPUT. RECTUM COELIO/LAPARO +PRÉPA. COELIO. +AB PÉRINÉ
HJFA020;06C04 17C06;06 17;non;RÉSEC. RECT.SIG PR AGGLIONOSE LAPARO +ANAST.
HJFC001;06C04 17C06;06 17;non;RÉSEC. COLORECT. PART. PR AGGLIONOSE COELIO.
HJFC002;06C04 17C06;06 17;non;RÉSEC. RECT.SIG PR AGGLIONOSE COELIO. +ANAST.
HJFC003;06C04 17C07;06 17;non;RÉSEC. COLORECT. TOT. PR AGGLIONOSE COELIO.
HJFC023;06C03 17C06 21C05;06 17 21;non;PROCTECTOMIE IIRE COELIO+ANAST ILÉOANAL V.TRANSAN.
HJFC031;06C03 17C06 21C05;06 17 21;non;RÉSEC. RECT.SIG DÉPASSANT DOUGLAS SANS RÉTABL.
HJFD001;06C14 13C04;06 13;non;RÉSEC. MUQ. RECTALE +PLICATURE ANT V.ANALE
HJFD002;06C14 17C07;06 17;non;EXÉRÈSE T. RECTUM V.ANALE
HJFD003;06C04 17C06;06 17;non;RÉSEC. RECT.SIG PR AGGLIONOSE +ANAST. V.ANALE
HJFD004;06C14 13C04;06 13;non;RÉSEC. MUQ. RECTALE +PLICATURE ANT V.ANALE
HJFD005;06C19 13C04;06 13;non;RÉSEC. MUQ. RECTALE +PLICATURE ANT V.ANALE
HJFE429;06K02 06K03;06;non;DISSECTION SOUSMUQUEUSE DE LÉSION DU RECTUM, PAR
HJJA001;06C07 13C08 21C05;06 13 21;non;DRAINAGE 1FISTULE RECT.VAG ACQUISE
HJMA001;06C14 09C08 09C13 09C25 17C06;06 09 17;non;ANOPLASTIE PR MALF. ANORECT. BASSE
HJMA002;06C14 13C08 17C07 21C05;06 13 17 21;non;RECONSTR. PAROI RECTO-VAG +SPHINCTÉROPLASTIE
HJND001;06C14;06;oui;DESTRUC. LÉS. RECTUM V.ANALE
HJPA001;06C07 13C08 21C05;06 13 21;non;MISE À PLAT 1FISTULE RECT.VAG ACQUISE PÉRINÉOTOMIE
HJQE001;06K04 06K05;06;non;COLO.
HJQE002;06K04 06K05;06;non;RECTOSCOPIE AU TUBE RIGIDE
HJQJ001;06K04 06K05;06;non;ÉCHOENDOS ANORECT. +BIOPSIE TRANSANORECTALE GUIDÉE
HJQJ002;06K04 06K05;06;non;ÉCHOENDOS ANORECT. SANS BIOPSIE
HJSA001;06C04 13C08 17C06 21C05;06 13 17 21;non;FERM. 1FISTULE RECTOVAG HTE LAPARO
HJSD001;06C14 21C05;06 21;oui;HÉMOSTASE IIRE À 1ACTE SUR RECTUM
HKCA001;06C14 09C08 09C13 09C25;06 09;non;MYORRAPHIE RELEVEURS ANUS
HKCA002;06C14 09C08 09C13 09C25;06 09;non;MYORRAPHIE RÉTROANALE RELEVEURS ANUS
HKCA003;06C14 09C08 09C13 09C25 17C07;06 09 17;oui;SUTURE ANUS +RÉPAR. SPHINCT. ANUS
HKCA004;06C14 09C08 09C13 09C25;06 09;oui;SUTURE ANUS SANS RÉPAR. SPHINCT. ANUS
HKCA005;06C14;06;non;MYORRAPHIE PRÉANALE RELEVEURS ANUS
HKEA001;06C14 09C08 09C13 09C25 17C07;06 09 17;non;TRANSPOSITION POST. ANUS
HKFA001;06C14 09C08 09C13 09C25;06 09;non;DESTRUC. +/- EXÉRÈSE TB CANAL ANAL
HKFA002;06C14 09C08 09C13 09C25;06 09;oui;RÉSEC. 1FISSURE INFECTÉE
HKFA004;06C14 09C08 09C13 09C25;06 09;oui;EXCISION 1FISSURE
HKFA005;06C14 09C08 09C13 09C25;06 09;oui;EXCISION 1FISSURE +/- 1STÉNOSE ANALE +ANOPLAST.
HKFA006;06C14 09C08 09C13 09C25;06 09;oui;EXCISION 1FISSURE +ANOPLAST. +RÉSEC. 1PAQUET
HKFA007;06C14 09C08 09C13 09C25;06 09;non;EXÉRÈSE TM CANAL ANAL +/- ANUS
HKFA008;06C14 09C08 09C13 09C25;06 09;oui;DESTRUC. +/- EXÉRÈSE LÉS. SUPERF. NON T. ANUS
HKFA009;06C14 09C08 09C13 09C25;06 09;non;SPHINCTÉROMYECTOMIE ANUS AB. ANAL
HKGA001;06C14 17C07 21C05;06 17 21;non;ABL/CHANGT 1SPHINCTER ANAL ARTIF.
HKKA001;06C14 21C05;06 21;non;CHANGT 1STIMUL. ANUS/1LAMBEAU PLASTIE CE MUSC.
HKLA001;06C14;06;non;IMPLANT. 1STIMUL. ANUS/1LAMBEAU PLASTIE CE MUSC.
HKLA002;06C14 17C07;06 17;non;POSE 1SPHINCTER ANAL ARTIF.
HKMA001;06C14 09C08 09C13 09C25;06 09;non;PLASTIE CUT. MARGE ANUS
HKMA002;06C14 17C07;06 17;oui;SUTURE SPHINCT. ANUS PR INCONT. A. +MYORRAPHIE
HKMA003;06C14;06;oui;SUTURE SPHINCT. ANUS PR INCONT. A.
HKMA004;06C14 17C07;06 17;non;RECONSTR. SPHINCT. ANUS TRANSPOSITION MUSC. UNILAT.
HKMA005;06C14 17C07;06 17;non;RECONSTR. SPHINCT. ANUS TRANSPOSITION MUSC. BILAT.
HKMA006;06C14 09C08 09C13 09C25 17C06;06 09 17;non;ANOPLASTIE PR MALF. ANORECT. BASSE +TRANSPOSITION
HKND001;06C14 09C08 09C13 09C25;06 09;oui;DESTRUC. 1PAPILLOMATOSE EXTENSIVE ANUS
HKPA001;06C14 09C08 09C13 09C25;06 09;oui;MISE À PLAT FISTULE BASSE ANUS +HÉMOR.ECTOMIE SSMUQ
HKPA002;06C14 09C08 09C13 09C25;06 09;oui;MISE À PLAT FISTULE BASSE ANUS +RÉSEC. 1PAQUET
HKPA003;06C14 09C08 09C13 09C25;06 09;non;SPHINCTÉROTOMIE INT. LAT. ANUS
HKPA004;06C14 09C08 09C13 09C25;06 09;oui;MISE À PLAT ABCÈS +/- FISTULE BAS ANUS 1TEMPS FISTULOT.
HKPA005;06C14 09C08 09C13 09C25;06 09;oui;MISE À PLAT ABCÈS +/- FISTULE INTERSPHINCTÉRIEN HT ANUS
HKPA006;06C14 09C08 09C13 09C25;06 09;oui;INCISION ABCÈS RÉGION ANALE
HKPA007;06C14 09C08 09C13 09C25;06 09;oui;MISE À PLAT ABCÈS +/- FISTULE HT ANUS/TRAJET COMPLEX
HKPA008;06C14 09C08 09C13 09C25;06 09;oui;MISE À PLAT ABCÈS +/- FISTULE HT ANUS/TRAJET COMPLEX
HKPA009;06C14 09C08 09C13 09C25;06 09;non;SPHINCT.TOMIE AB SACRÉ
HKSD001;06C14 21C05;06 21;oui;HÉMOSTASE IIRE À 1ACTE SUR ANUS
HLCA001;07C11 17C06;07 17;non;HÉP-PORTO-STOM PR ATRÉSIE DES VBEH LAPARO
HLCA002;07C09 07C10 17C06;07 17;non;FENESTRATION KYSTES BIL. HÉPATIQUES LAPARO
HLCC001;07C09 07C10 17C07;07 17;non;FENESTRATION KYSTES BIL. HÉPATIQUES COELIO.
HLEA001;17C06 27C02;17 27;non;GREF. FOIE TOT.
HLEA002;17C06 27C02;17 27;non;GREF. FOIE RÉDUIT
HLFA002;07C09 07C10 17C06;07 17;non;RÉSEC. KYSTE HYD FOIE LAPARO
HLFA003;07C09 07C10 17C06 21C05;07 17 21;non;RÉSEC. LOBE CAUDÉ FOIE LAPARO
HLFA004;07C09 07C10 17C06 21C05;07 17 21;non;HÉPATECTOMIE DTE ÉLARGIE AU LOBE CAUDÉ LAPARO
HLFA005;07C09 07C10 17C06 21C05;07 17 21;non;LOBECTOMIE HÉP. DTE LAPARO
HLFA006;07C09 07C10 17C06 21C05;07 17 21;non;TRISEGMENTECTOMIE HÉP. LAPARO
HLFA007;07C09 07C10 17C06 21C05;07 17 21;non;HÉPATECTOMIE GCHE ÉLARGIE AU LOBE CAUDÉ LAPARO
HLFA009;07C09 07C10 17C06 21C05;07 17 21;non;BISEGMENTECTOMIE HÉP. LAPARO
HLFA010;07C09 07C10 17C06 21C05;07 17 21;non;HÉPATECTOMIE CTR LAPARO
HLFA011;07C09 07C10 17C06 21C05;07 17 21;non;LOBECTOMIE HÉP. GCHE LAPARO
HLFA012;07C09 07C10 17C06;07 17;non;KYSTECTOMIE/PÉRIKYSTECTOMIE HÉP. LAPARO
HLFA014;07C09 07C10 17C06 21C05;07 17 21;non;SÉQUESTRECTOMIE HÉP. LAPARO
HLFA015;07C09 07C10 17C06;07 17;non;PRÉLÈV. 1GREF. HÉP. SUJET VIVANT
HLFA017;07C09 07C10 17C06 21C05;07 17 21;non;HÉPATECTOMIE DTE LAPARO
HLFA018;07C09 07C10 17C06 21C05;07 17 21;non;HÉPATECTOMIE GCHE LAPARO
HLFA019;07C09 07C10 17C06 21C05;07 17 21;non;RÉSEC. ATYPIQUE FOIE LAPARO
HLFA020;07C09 07C10 17C06 21C05;07 17 21;non;UNISEGMENTECTOMIE HÉP. LAPARO
HLFC002;07C09 07C10 17C06 21C05;07 17 21;non;LOBECTOMIE HÉP. GCHE COELIO.
HLFC003;07C09 07C10 17C07 21C05;07 17 21;non;RÉSEC. ATYPIQUE FOIE COELIO.
HLFC004;07C09 07C10 17C06 21C05;07 17 21;non;UNISEGMENTECTOMIE HÉP. COELIO.
HLFC027;07C09 07C10 17C06 21C05;07 17 21;non;BISEGMENTECTOMIE HÉP. COELIO
HLFC032;07C09 07C10 17C06 21C05;07 17 21;non;TRISEGMENTECTOMIE HÉP. COELIO
HLFC037;07C09 07C10 17C06 21C05;07 17 21;non;HÉPATECTOMIE GCHE COELIO
HLFC801;07C09 07C10 17C06 21C05;07 17 21;non;HÉPATECTOMIE DTE  COELIO
HLJA001;07C09 07C10 17C06;07 17;non;ÉVAC. COLLECTION HÉP. LAPARO
HLJC001;07C09 07C10 17C07;07 17;non;ÉVAC. COLLECTION HÉP. COELIO.
HLNA007;07C09 07C10 17C06 21C05;07 17 21;non;DESTRUC. T. HÉP. RADIOFRÉQUENCE LAPARO
HLNC003;07C09 07C10 17C07 21C05;07 17 21;non;DESTRUC. T. HÉP. RADIOFRÉQUENCE COELIO
HLNK001;07K06;07;non;DESTRUC. TRANSCUT. T. HÉP. RADIOFRÉQUENCE GUID
HLNM001;07K06;07;non;DESTRUC. TRANSCUT. T. HÉP. RADIOFRÉQUENCE +GUID ÉCHO
HLNN900;07K06;07;non;DESTRUC. TRANSCUT. T. HÉP. RADIOFRÉQUENCE +GUID REMNO
HLSA001;07C09 07C10 17C07 21C05;07 17 21;non;HÉMOSTASE FOIE LAPARO
HLSC012;07C09 07C10 17C07 21C05;07 17 21;non;HÉMOSTASE FOIE COELIO
HMAE001;07C12 07K02 07K04 07K05;07;non;DILAT. AMPOULE HÉPATOPANCRÉATIQUE O-G-DSCOPIE
HMAE002;07C12 07K02 07K04 07K05;07;non;DILAT. CONDUIT BIL. O-G-DSCOPIE
HMCA001;07C11 17C06;07 17;non;CHOL.STOM PR ATRÉSIE DES VBEH LAPARO
HMCA002;06C21 07C11 17C06 21C05;06 07 17 21;non;CHOLÉDOCHODUODÉNOSTOMIE LAPARO
HMCA003;06C21 07C11 17C06 21C05;06 07 17 21;non;CHOL.STOM LAPARO
HMCA004;06C21 07C11 17C06 21C05;06 07 17 21;non;CHOLÉDOCHODUODÉNOSTOMIE +GASTR.JÉJ.STOM
HMCA005;06C21 07C11 17C06 21C05;06 07 17 21;non;ANAST. BIL.DIG INTRAHÉP. PORTANT SUR 1CONDUIT BIL.
HMCA006;06C21 07C11 17C06 21C05;06 07 17 21;non;CHOLÉDOCHOJÉJUNOSTOMIE LAPARO
HMCA007;06C21 07C11 17C06 21C05;06 07 17 21;non;ANAST. BIL.DIG HTE MULT. LAPARO
HMCA008;06C21 07C11 17C06 21C05;06 07 17 21;non;ANAST. BIL.DIG PORTANT SUR CONVERGENCE DES
HMCA009;06C21 07C12 17C06 21C05;06 07 17 21;non;CHOLÉCYSTOSTOMIE CUT. LAPARO
HMCA010;06C21 07C11 21C05;06 07 21;non;CHOL.STOM +GASTR.JÉJ.STOM LAPARO
HMCA011;06C21 07C11 17C06 21C05;06 07 17 21;non;CHOLÉCYSTOJÉJUNOSTOMIE LAPARO
HMCC001;06C15 07C11 17C06 21C05;06 07 17 21;non;CHOLÉDOCHOJÉJUNOSTOMIE COELIO.
HMCC002;06C15 07C11 17C06 21C05;06 07 17 21;non;CHOLÉDOCHODUODÉNOSTOMIE COELIO.
HMCC003;06C15 07C11 17C07 21C05;06 07 17 21;non;CHOL.STOM COELIO.
HMCC013;06C15 21C05;06 21;non;CHOLÉDOCHODUODÉNOSTOMIE +GASTR.JÉJ.STOM COELIO
HMFA001;06C21 07C11 17C06 21C05;06 07 17 21;non;CHOLÉCYSTECTOMIE +CHOLÉDOCHOJÉJUNOSTOMIE LAPARO
HMFA002;06C21 07C11 17C06 21C05;06 07 17 21;non;CHOLÉCYSTECTOMIE
HMFA003;07C12 17C06 21C05;07 17 21;non;CHOLÉCYSTECTOMIE COELIO. +ABL. CALCUL VBP
HMFA004;07C12 17C06 21C05;07 17 21;non;CHOLÉCYSTECTOMIE +ABL. TRANSCYSTIQUE CALCUL VBP
HMFA005;06C21 07C11 17C06 21C05;06 07 17 21;non;CHOLÉCYSTECTOMIE COELIO. +CHOLÉDOCHOJÉJUNOSTOMIE
HMFA006;06C21 07C11 17C06 21C05;06 07 17 21;non;CHOLÉCYSTECTOMIE COELIO. +CHOLÉDOCHODUODÉNOSTOMIE
HMFA007;07C12 07C13 07C14 17C06 21C05;07 17 21;non;CHOLÉCYSTECTOMIE LAPARO HMFC004      /0 CHOLÉCYSTECTOMIE COELIO.
HMFA008;07C12 17C06 21C05;07 17 21;non;CHOLÉCYSTECTOMIE +ABL. CALCUL VBP
HMFA009;06C21 07C11 17C06;06 07 17;non;RÉSEC. VBP PÉD. +ANAST. BIL.DIG LAPARO
HMFA010;06C21 07C11 17C06 21C05;06 07 17 21;non;RÉSEC. VBP PÉD/INTRAPANCR. +ANAST. BIL.DIG LAPARO
HMFC001;07C12 17C07 21C05;07 17 21;non;CHOLÉCYSTECTOMIE +ABL. TRANSCYSTIQUE CALCUL VBP
HMFC002;07C12 17C06 21C05;07 17 21;non;CHOLÉCYSTECTOMIE +ABL. CALCUL VBP CHOLÉDOCHOTOMIE
HMFC003;06C15 07C11 17C06 21C05;06 07 17 21;non;CHOLÉCYSTECTOMIE
HMFC004;17C07 21C05;07 17 21;non;CHOLÉCYSTECTOMIE COELIO.
HMFC005;07C11 17C07 21C05;07 17 21;non;CHOLÉCYSTECTOMIE +CHOLÉDOCHOJÉJUNOSTOMIE COELIO.
HMGA001;07C12 17C06;07 17;non;ABL. CALCUL VBP CHOLÉDOCHOTOMIE LAPARO
HMGC001;07C12 17C06;07 17;non;ABL. CALCUL VBP CHOLÉDOCHOTOMIE COELIO.
HMGE001;07C12 07K02 07K04 07K05;07;non;ABL. ENDOPROTH. BIL. +/- PANCR. O-G-DSCOPIE
HMGE002;07C12 07K02 07K04 07K05;07;non;ABL. CALCUL VBP O-G-DSCOPIE
HMGH001;07C12 07K02 07K04 07K05;07;non;ABL. CALCUL VBP O-G-DSCOPIE +TRANSCUT. +GUID ÉCHO
HMJE127;07C12 07K02 07K04 07K05;07;non;DRAIN BIL + ENDOPROTH TRANSLUM APPOSITION
HMKE001;07C12 07K02 07K04 07K05;07;non;CHANGT 1ENDOPROTH. BIL. O-G-DSCOPIE
HMKE002;07C12 07K02 07K04 07K05;07;non;CHANGT PLUS. ENDOPROTH. BIL. O-G-DSCOPIE
HMLA001;07C12 17C06;07 17;non;STENT BIL. CHOLÉDOCHOTOMIE LAPARO
HMLC001;07C12 17C06;07 17;non;STENT BIL. CHOLÉDOCHOTOMIE COELIO.
HMLE002;07C12 07K02 07K04 07K05;07;non;POSE 1ENDOPROTH. BIL. O-G-DSCOPIE
HMLE003;07C12 07K02 07K04 07K05;07;non;POSE PLUS. ENDOPROTH. BIL. O-G-DSCOPIE
HMLH001;07C12 07K02 07K04 07K05;07;non;POSE 1ENDOPROTH. BIL. O-G-DSCOPIE +TRANSCUT. +GUID
HMNE001;07C12 07K02 07K04 07K05;07;non;LITHOTRITIE MÉC. DES VB O-G-DSCOPIE
HMNE002;07C12 07K02 07K04 07K05;07;non;LITHOTRITIE VB CHOLANGIOSCOPIE RÉTROGRADE
HMPE001;07C12 07K02 07K04 07K05;07;non;SPHINCTÉROTOMIE BIL.O-G-DSCOPIE
HMQE001;07K04 07K05;07;non;CHOLANGIOSCOPIE 1ORIFICE DRAINAGE BIL. EXT. DÉJÀ
HMQG002;07K04 07K05;07;non;CHOLANGIOSCOPIE TRANSCUT. +GUID ÉCHO +/-RADIO
HMQH001;07K04 07K05;07;non;CHOLANGIOSCOPIE INCIS. BUCC.
HMQH002;07K04 07K05;07;non;CHOLANGIOPANCRÉATOGRAPHIE RÉTROGRADE +MANO
HMQH003;07K04 07K05;07;non;O-G-DSCOPIE +CHOLANGIO +INFUNDIBULOTOMIE/COUPE
HMQH005;07K04 07K05;07;non;CHOLANGIOPANCRÉATOGRAPHIE RÉTROGRADE SANS MANO
HMQH007;07K04 07K05;07;non;CHOLANGIOGRAPHIE RÉTROGRADE O-G-DSCOPIE
HMQJ001;07K04 07K05;07;non;ÉCHOENDOS BIL.PANCR. SANS BIOPSIE
HMQJ002;07K04 07K05;07;non;ÉCHOENDOS BIL.PANCR. +BIOPSIE TRANSBILIOPANCRÉATIQUE
HNAE001;07C12 07K02 07K04 07K05;07;non;DILAT. CONDUIT PANCR. O-G-DSCOPIE
HNCA001;07C09 07C10;07;non;ANAST. ENTRE 1FAUX KYSTE PANCRÉAS +DUOD. LAPARO
HNCA002;07C09 07C10 17C06 21C05;07 17 21;non;ANAST. PANCR.JÉJ +ANAST. BIL.JÉJ LAPARO
HNCA003;06C05 06C16 06C20 06C22 07C09 07C10 17C06 21C05;06 07 17 21;non;ANAST. PANCR.JÉJ +ANAST. BIL.JÉJ +GASTR.JÉJ.STOM
HNCA004;06C05 06C16 06C20 06C22 07C09 07C10 17C06 21C05;06 07 17 21;non;ANAST. PANCR.JÉJ +GASTR.JÉJ.STOM LAPARO
HNCA005;07C09 07C10 17C06;07 17;non;ANAST. ENTRE 1FAUX KYSTE PANCRÉAS +JÉJUNUM
HNCA006;07C09 07C10 17C07 21C05;07 17 21;non;SUTURE PANCRÉAS +RECONSTR. CONDUIT PANCR.
HNCA007;07C09 07C10 17C06 21C05;07 17 21;non;ANAST. PANCR.JÉJ LAPARO
HNCA008;07C09 07C10 17C06 21C05;07 17 21;non;ANAST. ENTRE 1FAUX KYSTE PANCRÉAS +ESTOMAC
HNCC021;07C09 07C10 17C06 21C05;07 17 21;non;ANAST. ENTRE 1FAUX KYSTE PANCRÉAS +ESTOMAC
HNCC033;07C09 07C10 17C07;07 17;non;ANAST. ENTRE 1FAUX KYSTE PANCRÉAS +JÉJUNUM COELIO
HNCE001;07C12 07K02 07K04 07K05;07;non;ANAST. F.KYSTE PANCR-ESTOM/DUOD O-G-DSCOPIE SANS GUID
HNCJ001;07C12 07K02 07K04 07K05;07;non;ANASTOMOSE ENTRE CAVITÉ COLLECTÉE PANCRÉAS ET
HNEA002;17C06 27C03;17 27;non;GREF. PANCRÉAS +REIN LAPARO
HNEA740;06C21 27C03;06 27;non;TRANSPL ÎLOT PANCRÉATIQUE DISPOSITIF IMPLANTÉ, PAR
HNEA900;17C06 27C03;17 27;non;GREF. PANCRÉAS LAPARO
HNEH606;27C03;27;non;TRANSPL ÎLOT PANCRÉA VOIE INTRAPORT TRANSHEPA
HNFA001;07C09 07C10 10C08 17C06 21C05;07 10 17 21;non;ISTHMECTOMIE PANCR. +ANAST. LAPARO
HNFA002;07C09 07C10 10C08 17C06 21C05;07 10 17 21;non;PANCRÉATECTOMIE GCHE +CONSERV. RATE +ANAST.
HNFA004;06C05 06C16 06C20 06C22 07C09 07C10 10C08 17C06 21C05;06 07 10 17 21;non;DUOD.PANCR.ECTOMIE TOT. +SPLÉNECTOMIE LAPARO
HNFA005;07C09 07C10 10C08 17C06;07 10 17;non;EXÉRÈSE T. PANCRÉAS LAPARO
HNFA006;07C09 07C10 10C08 17C06 21C05;07 10 17 21;non;PANCRÉATECTOMIE TOT/PART. +CONSERV. DUOD.
HNFA007;06C05 06C16 06C20 06C22 07C09 07C10 10C08 17C06 21C05;06 07 10 17 21;non;DUOD.PANCR.ECTOMIE CÉPHALIQUE LAPARO
HNFA008;07C09 07C10 10C08 17C06 21C05;07 10 17 21;non;PANCRÉATECTOMIE GCHE +CONSERV. RATE LAPARO
HNFA010;07C09 07C10 10C08 16C02 17C06 21C05;07 10 16 17 21;non;PANCRÉATECTOMIE GCHE +SPLÉNECTOMIE +ANAST.
HNFA011;07C09 07C10 10C08 17C06 21C05;07 10 17 21;non;PANCRÉATECTOMIE TOT/PART. +CONSERV. DUOD. SANS
HNFA012;07C09 07C10 17C06 21C05;07 17 21;non;NÉCROSECTOMIE PANCR. LAPARO
HNFA013;07C09 07C10 10C08 16C02 17C06 21C05;07 10 16 17 21;non;PANCRÉATECTOMIE GCHE +SPLÉNECTOMIE LAPARO
HNFC001;07C09 07C10 10C08 17C06;07 10 17;non;EXÉRÈSE T. PANCRÉAS COELIO.
HNFC002;07C09 07C10 10C08 16C02 17C06 21C05;07 10 16 17 21;non;PANCRÉATECTOMIE GCHE +SPLÉNECTOMIE COELIO.
HNFC027;07C09 07C10 17C06 21C05;07 17 21;non;NÉCROSECTOMIE PANCR. COELIO
HNFC028;07C09 07C10 10C08 17C06 21C05;07 10 17 21;non;PANCRÉATECTOMIE GCHE +CONSERV. RATE COELIO
HNGE001;07C12 07K02 07K04 07K05;07;non;ABL. CALCUL PANCR. O-G-DSCOPIE
HNJA001;07C09 07C10 17C06;07 17;non;DRAINAGE EXT. COLLECTION PANCR. LAPARO
HNJC001;07C09 07C10 17C07;07 17;non;DRAINAGE EXT. COLLECTION PANCR. COELIO.
HNKE001;07C12 07K02 07K04 07K05;07;non;CHANGT 1ENDOPROTH. CONDUIT PANCR. O-G-DSCOPIE
HNLE001;07C12 07K02 07K04 07K05;07;non;POSE 1ENDOPROTH. CONDUIT PANCR. O-G-DSCOPIE
HNQH001;07K04 07K05;07;non;PANCRÉATOGRAPHIE RÉTROGRADE CATHÉ. PAPILLE DUOD.
HNQH002;07K04 07K05;07;non;PANCRÉATICOSCOPIE INCIS. BUCC.
HNQH003;07K04 07K05;07;non;PANCRÉATOGRAPHIE RÉTROGRADE CATHÉ. PAPILLE DUOD.
HPBA001;06C21 07C08 13C13 17C06;06 07 13 17;non;RÉDUC. VOL. T. 1MAL. GÉLATINEUSE PÉRIT. LAPARO
HPCA001;06C15 07C09 07C10 17C07;06 07 17;non;DÉRIV. PÉRIT.VN
HPFA001;13C04 17C07;13 17;non;RÉSEC/CLOISNT DOUGLAS LAPARO
HPFA003;06C21 07C08 10C08 13C13 16C03 17C06;06 07 10 13 16 17;non;EXÉRÈSE LÉS. 1REPLI PÉRIT. SANS RÉSEC. INTEST. LAPARO
HPFA004;06C21 07C08 10C08 11C08 13C13 17C06;06 07 10 11 13 17;non;RÉSEC. GD OMENTUM LAPARO
HPFC001;06C15 07C08 10C08 13C13 16C03 17C07;06 07 10 13 16 17;non;EXÉRÈSE LÉS. 1REPLI PÉRIT. SANS RÉSEC. INTEST.
HPFC002;06C15 07C08 10C08 11C08 13C13 17C07;06 07 10 11 13 17;non;RÉSEC. GD OMENTUM COELIO.
HPFC007;13C04 17C07;13 17;non;RÉSEC/CLOISNT DOUGLAS COELIO
HPGA001;06C21 11C08 21C05;06 11 21;non;ABL. 1CATHÉ. DIALYSE PÉRIT. LAPARO
HPGA002;06C21 21C05;06 21;non;ABL. 1BALLON INTRAPÉRITONÉAL LAPARO
HPKA001;10C08 17C07 21C05;10 17 21;non;CHANGT CATHÉ. INTRAPÉRITONÉAL 1POMPE INSULINE LAPARO
HPKA002;06C21 11C08 21C05 22C03;06 11 21 22;non;CHANGT 1CATHÉ. DIALYSE PÉRIT. LAPARO
HPKC014;06C15 11C08 21C05;06 11 21;non;CHANGT 1CATHÉ. DIALYSE PÉRIT. COELIO
HPLA001;10C08 17C07;10 17;non;POSE CATHÉ+DIFFUSEUR SSCUT. PR INSULINOTHÉR.
HPLA002;06C21 11C08 12C09 12C10 13C13;06 11 12 13;non;POSE 1BALLON INTRAPÉRITONÉAL AV. IRRAD. PELV. LAPARO
HPLA005;11C08 21C05 22C03;11 21 22;non;POSE/REPOS. 1CATHÉ. INTRAPÉRITONÉAL PR DIALYSE PÉRIT.
HPLA335;06C21 10C08 11C08 13C13 17C06;06 10 11 13 17;non;ADMIN INTRAPÉRIT AGENT PHARM. ANTIK + HYPERTH., +
HPLA423;06C21 10C08 11C08 13C13 17C06;06 10 11 13 17;non;ADMIN INTRAPÉRIT AGENT PHAR ANTIK + HYPERTH, SANS
HPLC035;11C08 21C05 22C03;11 21 22;non;POSE/REPOS. 1CATHÉ. INTRAPÉRITONÉAL PR DIALYSE PÉRIT.
HPMA002;01C08 03C16 03C17 03C29 05C18 06C15 08C20 09C25 09C27 09C28 09C29 09C30 09C31 10C08 17C06 21C06 22C02;01 03 05 06 08 09 10 17 21 22;non;RÉPAR. LAMBEAU LIBRE GD OMENTUM +ANAST. VASC.
HPMA003;01C08 03C16 03C17 03C29 04C03 05C18 06C15 08C20 09C23 09C27 09C28 09C29 09C30 09C31 10C08 17C06 21C06 22C02;01 03 04 05 06 08 09 10 17 21 22;non;RÉPAR. LAMBEAU PÉD. GD OMENTUM SITUATION
HPNA001;06C21 10C08 11C08 13C13;06 10 11 13;non;DESTRUC. +/- EXÉRÈSE LÉS. ENDOM. PÉRIT. LAPARO
HPNC001;13C05 13C06 13C07 13C18 13C19;13;non;DESTRUC. +/- EXÉRÈSE LÉS. ENDOM. PÉRIT. COELIO.
HPPA001;13C05 13C06 13C07 13C18 13C19 21C05;13 21;non;LIBÉR. ADHÉR. PELV. PR STÉRILITÉ CHEZ FEMME LAPARO
HPPA002;06C13 13C13 17C06 21C05;06 13 17 21;non;SECTION BRIDE +/- ADHÉR. PÉRIT. PR OCCLUSION INTEST.
HPPA003;13C05 13C06 13C07 13C18 13C19 17C07 21C05;13 17 21;non;LIBÉR. ADHÉR. SERRÉES PR STÉRILITÉ CHEZ FEMME
HPPC001;13C05 13C06 13C07 13C18 13C19 21C05;13 21;non;LIBÉR. ADHÉR. PELV. PR STÉRILITÉ CHEZ FEMME COELIO.
HPPC002;13C05 13C06 13C07 13C18 13C19 21C05;13 21;non;LIBÉR. ADHÉR. SERRÉES PR STÉRILITÉ CHEZ FEMME
HPPC003;06C13 07C08 11C08 12C09 12C10 13C13 17C07;06 07 11 12 13 17;non;SECTION BRIDE +/- ADHÉR. PÉRIT. PR OCCLUSION INTEST. AIG.
HPQC001;10C08 13C09 14C09 21C05;10 13 14 21;non;EXPLO. PELVIS FÉMININ PÉLYCOSCOPIE
HPSA001;06C10 06C12 06C24 06C25 12C05 12C06 12C07 13C05 13C06 13C07 13C18 13C19;06 12 13;oui;LIGATURE CANAL PÉRIT.VAG PÉRIT. AB. INGUINAL
HPSC001;06C10 06C12 06C24 06C25 12C05 12C06 12C07 13C05 13C06 13C07 13C18 13C19;06 12 13;oui;LIGATURE CANAL PÉRIT.VAG PÉRIT. COELIO.
JACA001;11C02 11C03 17C07 21C05;11 17 21;non;SUTURE/FRAC. REIN LIMITÉE AU PARENCHYME AB. DIRECT
JACA002;11C02 11C03 17C06 21C05;11 17 21;non;NÉPHROSTOMIE CUT. AB. DIRECT
JADA001;11C02 11C03 17C07;11 17;non;NÉPHROPEXIE AB. DIRECT
JAEA002;11C02 11C03 17C06;11 17;non;GREF. REIN AB. DIRECT
JAEA003;17C06 27C06;17 27;non;GREF. REIN
JAFA001;11C02 11C03 17C06;11 17;non;HÉMINÉPHRECTOMIE +URÉTÉRECTOMIE PART. AB. DIRECT
JAFA002;11C02 11C03 17C06 21C05;11 17 21;non;NÉPHRECTOMIE TOT. LOMBOT.
JAFA003;11C02 11C03 17C07 21C05;11 17 21;non;HÉMINÉPHRECTOMIE +URÉTÉRECTOMIE TOT. AB. DIRECT
JAFA004;11C02 11C03 17C07;11 17;non;RÉSEC. KYSTE PARASITAIRE REIN LOMBOT.
JAFA005;11C02 11C03 17C06 21C05;11 17 21;non;NÉPHRECTOMIE ÉLARG. RÉSEC VCI AB. DIRECT
JAFA006;05C06 05C10 05C11 11C02 11C03 17C06 21C05;05 11 17 21;non;NÉPHRECTOMIE PART. EX SITU +GREF. REIN AB. DIRECT
JAFA007;11C02 11C03 17C06;11 17;non;RÉSEC. KYSTE NON PARASITAIRE REIN LOMBOT.
JAFA008;11C02 11C03 17C06 21C05;11 17 21;non;NÉPHRECTOMIE PART. +PÉD. VASC. LOMBOT/AB. LOMB.
JAFA009;11C02 11C03 17C06;11 17;non;NÉPHRECTOMIE ÉLARG. LAPARO/AB. LOMBOABDO.
JAFA010;11C02 11C03 17C06 21C05;11 17 21;non;NÉPHRECTOMIE TOT. UNILAT. AB. LOMB. VERT.
JAFA011;11C02 11C03 17C06;11 17;non;NÉPHRECTOMIE ÉLARG. +THROMBECTOMIE CTRL ATRIAL
JAFA012;11C02 11C03 17C06;11 17;non;NÉPHRECTOMIE TOT. LAPARO +EXTR. ENDOS.
JAFA013;11C02 11C03 17C06;11 17;non;PRÉLÈV. 1REIN SUR 1DONNEUR VIVANT AB. DIRECT
JAFA014;11C02 11C03 17C06;11 17;non;NÉPHRECTOMIE ÉLARG. +THROMBECTOMIE LAPARO/AB.
JAFA015;11C02 11C03 17C06 21C05;11 17 21;non;TRANSPLANTECTOMIE RÉNALE AB. DIRECT
JAFA016;11C02 11C03 17C06 21C05;11 17 21;non;BINÉPHRECTOMIE LAPARO
JAFA019;11C02 11C03 17C06 21C05;11 17 21;non;NÉPHRECTOMIE PART. +PÉD. VASC. LAPARO
JAFA021;10C03 11C02 11C03 17C06;10 11 17;non;NÉPHRECTOMIE ÉLARG. +SURRÉNALECTOMIE
JAFA022;11C02 11C03 17C06;11 17;non;NÉPHRECTOMIE ÉLARG. +THROMBECTOMIE
JAFA023;11C02 11C03 17C06 21C05;11 17 21;non;NÉPHRECTOMIE TOT. UNILAT. LAPARO
JAFA024;11C02 11C03 17C06 21C05;11 17 21;non;NÉPHRECTOMIE PART. SANS PÉD. VASC. LOMBOT/AB.
JAFA025;10C03 11C02 11C03 17C06 21C05;10 11 17 21;non;NÉPHRECTOMIE ÉLARG. +SURRÉNALECTOMIE
JAFA026;11C02 11C03 17C06;11 17;non;HÉMINÉPHRECTOMIE PR FUSION RÉNALE AB. DIRECT
JAFA027;11C02 11C03 17C06 21C05;11 17 21;non;BINÉPHRECTOMIE AB. LOMB. VERT.
JAFA028;10C03 11C02 11C03 17C06 21C05;10 11 17 21;non;NÉPHRECTOMIE ÉLARG+SURRÉNALECTOMIE+CAVOTOMIE
JAFA029;10C03 11C02 11C03 17C06;10 11 17;non;NÉPHRECTOMIE ÉLARG. +SURRÉNALECTOMIE LAPARO/AB.
JAFA030;11C02 11C03 17C06 21C05;11 17 21;non;NÉPHRECTOMIE PART. SANS PÉD. VASC. LAPARO
JAFA031;11C02 11C03 17C06;11 17;non;NÉPHRECTOMIE ÉLARG. THOR.PHRÉNO.LAPARO
JAFA032;11C02 11C03 17C06 21C05;11 17 21;non;NÉPHRO-URÉTÉRECTOMIE TOT. AB. DIRECT
JAFC001;11C02 11C03 17C06 21C05;11 17 21;non;NÉPHRO-URÉTÉRECTOMIE TOT. COELIO
JAFC002;11C02 11C03 17C07 21C05;11 17 21;non;HÉMINÉPHRECTOMIE +URÉTÉRECTOMIE PART. COELIO
JAFC003;11C02 11C03 17C06;11 17;non;PRÉLÈV. 1REIN SUR 1DONNEUR VIVANT COELIO
JAFC004;11C02 11C03 17C06 21C05;11 17 21;non;BINÉPHRECTOMIE COELIO
JAFC005;11C02 11C03 17C07 21C05;11 17 21;non;NÉPHRECTOMIE PART. COELIO
JAFC006;11C02 11C03 17C06 21C05;11 17 21;non;NÉPHRECTOMIE TOT. UNILAT. COELIO
JAFC007;11C02 11C03 17C07 21C05;11 17 21;non;HÉMINÉPHRECTOMIE +URÉTÉRECTOMIE TOT. COELIO
JAFC008;11C02 11C03 17C07;11 17;non;RÉSEC. KYSTE NON PARASITAIRE REIN COELIO
JAFC010;10C03 11C02 11C03 17C06;10 11 17;non;NÉPHRECTOMIE ÉLARG. +SURRÉNALECTOMIE
JAFC019;11C02 11C03 17C06;11 17;non;NÉPHRECTOMIE ÉLARG. COELIO/RÉTROPÉRITONÉO.
JAGA001;11C02 11C03 17C06;11 17;non;ABL. 1CALCUL REIN PYÉLOTOMIE AB. DIRECT
JAGA002;11C02 11C03 17C06;11 17;non;ABL. 1CALCUL REIN NÉPHROTOMIE CONVEXITÉ AB. DIRECT
JAGA003;11C02 11C03 17C06;11 17;non;ABL. CALCULS MULT. REIN PYÉLOTOMIE +/- NÉPHROTOMIE AB.
JAGA004;11C02 11C03 17C06;11 17;non;ABL. 1CALCUL REIN NÉPHROTOMIE AB. DIRECT
JAGA005;11C02 11C03 17C06;11 17;non;ABL. CALCULS MULT. REIN NÉPHROTOMIE CONVEXITÉ AB.
JAGA006;11C02 11C03 17C06;11 17;non;ABL. 1CALCUL REIN PYÉLOTOMIE +NÉPHROTOMIE AB. DIRECT
JAGC001;11C02 11C03 17C06;11 17;non;ABL. 1CALCUL REIN PYÉLOTOMIE RÉTROPÉRITONÉOSCOPIE
JAGD002;11C02 11C03 17C06;11 17;non;ABL. 1CALCUL CORALLIFORME/CPLX REIN 1NÉPHROSTOM
JAGF001;11C02 11C03 17C07;11 17;non;ABL. CALCULS MULT. REIN TRANSCUT.
JAGF002;11C02 11C03 17C07;11 17;non;ABL. 1CALCUL SIMPLE REIN TRANSCUT.
JAGF003;11C02 11C03 17C06;11 17;non;ABL. 1CALCUL CORALLIFORME/CPLX REIN TRANSCUT.
JAHA001;11C02 11C03 16C03 17C07;11 16 17;non;BIOPSIE REIN AB. DIRECT
JAHC001;11C08 12C09 12C10 16C03 21C05;11 12 16 21;non;BIOPSIE REIN COELIO
JAMA002;11C02 11C03 21C05;11 21;non;RÉPAR. 1TRAUMA CPLX REIN +V. EXCRÉTRICE AB. DIRECT
JANE002;11C11 11C13;11;non;FRAGMT INTRARÉN. CALC. CALIC.  INF. ONDE CHOC/LASER
JANE005;11C11 11C13;11;non;FRAGMT INTRARÉNALE CALCUL ONDES CHOC/LASER
JANH001;11C11 11C13;11;non;SCLÉROSE PLUS. KYSTES REIN INJ. TRANSCUT. GUID SCAN
JANH002;11C11 11C13;11;non;SCLÉROSE 1KYSTE REIN INJ. TRANSCUT. GUID SCAN
JANH798;11C11 11C13;11;non;DESTRUC TUMEUR RÉNALE PAR RADIOFRÉQ, PAR VOIE
JANJ002;11C11 11C13 17C07;11 17;non;FRAGMT INTRARÉNALE CALCUL ONDES CHOC
JANM001;11K08;11;non;LITHOTRITIE EXTRACORPORELLE REIN GUID RADIO
JANM002;11K08;11;non;LITHOTRITIE EXTRACORPORELLE REIN +GUID ÉCHO
JAPA001;11C02 11C03 17C07;11 17;non;SECTION ISTHME 1REIN FER À CHEVAL AB. DIRECT
JAPC018;11C02 11C03 17C06;11 17;non;SECTION ISTHME 1REIN FER À CHEVAL COELIO
JASA001;11C02 11C03 17C06 21C05;11 17 21;non;HÉMOSTASE PLAIE/FRAC. REIN POSE FILET PÉRIRÉNAL AB.
JBCA001;11C02 11C03 17C07 21C05;11 17 21;non;PYÉLOSTOMIE CUT. AB. DIRECT
JBFA001;11C11 11C13 17C06;11 17;non;EXÉRÈSE T. PYÉLIQUE +/- CALICIELLE +NÉPHROSTOMIE
JBFA002;11C02 11C03 17C06;11 17;non;RÉSEC.ANAST BASSINET +JONCTION PYÉLO-URÉTÉRALE
JBFC001;11C02 11C03 17C07;11 17;non;RÉSEC.ANAST BASSINET +JONCTION PYÉLO-URÉTÉRALE
JBFE001;11C11 11C13;11;non;EXÉRÈSE T. PYÉLIQUE +/- CALICIELLE ENDOS.
JBHE001;11K05 11K06 12K02 12K03 13K04 13K05;11 12 13;non;BIOPSIE V. EXCRÉTRICE SUP. ENDOS. RÉTROGRADE
JBMA001;11C02 11C03 17C06 21C05;11 17 21;non;PLASTIE BASSINET +JONCTION PYÉLO-URÉTÉRALE AB.
JBMC001;11C02 11C03 17C06 21C05;11 17 21;non;PLASTIE BASSINET +JONCTION PYÉLO-URÉTÉRALE COELIO
JBNE004;11C11 11C13;11;non;DESTRUC. T. PYÉLIQUE +/- CALIC. LASER
JBPE001;11C11 11C13;11;non;URÉT.PYÉL.TOM/URÉT.TOMIE URÉT.SCOPIE RÉTROGRADE
JBPE002;11C11 11C13 17C07;11 17;non;URÉT.PYÉL.TOM/URÉT.TOMIE NÉPHROSCOPIE
JBPG001;11C11 11C13 17C07;11 17;non;URÉT.PYÉL.TOM/URÉT.TOMIE NÉPHROSCOPIE TRANSCUT.
JBPH001;11C02 11C03 21C05;11 21;non;URÉT.PYÉL.TOM/URÉT.TOMIE GUID RADIO
JBQE001;11K05 11K06 12K02 12K03 13K04 13K05;11 12 13;non;URÉTÉRO-PYÉLO-CALISCOPIE RÉTROGRADE V. UR.
JCAD001;11C11 11C13;11;non;DILAT. URET. 1NÉPHROSTOM
JCAE001;11C11 11C13;11;non;DILAT. URET. URÉT.SCOPIE RÉTROGRADE
JCAF001;11C11 11C13;11;non;DILAT. URET. TRANSCUT.
JCAH001;11C11 11C13;11;non;DILAT. URET. URÉTROCYSTOSCOPIE GUID RADIO
JCCA002;11C02 11C03 12C09 12C10 13C13 17C06 21C05;11 12 13 17 21;non;URÉT.STOM CUT. AB. DIRECT
JCCA003;11C02 11C03 17C07 21C05;11 17 21;non;SUTURE URET. AB. DIRECT
JCCA005;11C02 11C03 17C06;11 17;non;ANAST. URÉTÉROCALICIELLE AB. DIRECT
JCCA006;11C02 11C03 12C09 12C10 13C13 17C06 21C05;11 12 13 17 21;non;URÉT.STOM CUT. TRANSINTESTIN ANSE NON DÉTUBULÉE
JCCA007;11C02 11C03 17C07 21C05;11 17 21;non;DÉRIV. URIN. ANAST. URÉTÉRO-URÉTÉRALE HOMOLAT. AB.
JCCA008;11C02 11C03 17C06 21C05;11 17 21;non;DÉRIV. URIN. ANAST. URÉTÉRO-URÉTÉRALE CROISÉE AB.
JCCA009;11C02 11C03 17C06 21C05;11 17 21;non;DÉRIV. URINE CONDUIT RÉNOVÉSICAL PROTH. SSCUT
JCCA010;11C02 11C03 17C06;11 17;non;DÉRIV. URINE CONDUIT RÉNOVÉSICAL PROTH. SSCUT SANS
JCCA011;11C02 11C03 12C09 12C10 13C13 17C06 21C05;11 12 13 17 21;non;URÉT.STOM CUT. TRANSINTESTIN +NÉORÉSERVOIR
JCCA012;11C02 11C03 12C09 12C10 13C13 21C05;11 12 13 21;non;ANAST. URÉT.COL/URÉT.RECT +RÉSERVOIR DÉTUBULÉ AB.
JCCA013;11C02 11C03 12C09 12C10 13C13 17C06 21C05;11 12 13 17 21;non;ANAST. URÉT.COL/URÉT.RECT DIRECTE AB. DIRECT
JCCA014;11C02 11C03 12C09 12C10 13C13 17C07 21C05;11 12 13 17 21;non;URÉT.STOM CUT. +ANAST. URÉTÉRO-URÉTÉRALE CROISÉE
JCCB001;11C11 11C13 12C09 12C10 13C13 21C05;11 12 13 21;non;URÉT.STOM TRANSCUT.
JCCC001;11C02 11C03 12C09 12C10 13C13 17C06 21C05;11 12 13 17 21;non;URÉT.STOM CUT. COELIO
JCCC002;11C02 11C03 12C09 12C10 13C13 17C06 21C05;11 12 13 17 21;non;URÉT.STOM CUT. TRANSINTESTIN ANSE NON DÉTUBULÉE
JCCC003;11C02 11C03 17C06 21C05;11 17 21;non;SUTURE URET. COELIO
JCEA001;11C02 11C03 17C06;11 17;non;RÉIMPLANT. URÉT.VÉS BILAT. +ANTIREFLUX AB. DIRECT
JCEA002;11C02 11C03 17C06;11 17;non;RÉIMPLANT. URÉT.VÉS UNILAT. +ANTIREFLUX AB. DIRECT
JCEA003;11C02 11C03 17C06;11 17;non;RÉIMPLANT. URÉT.VÉS PLASTIE VÉSIC. (PSOÏQUE) AB.
JCEA004;11C02 11C03 17C07;11 17;non;RÉIMPLANT. VÉS. 1DUPLICITÉ URÉTÉRALE AB. DIRECT
JCEA005;11C02 11C03 17C06;11 17;non;RÉIMPLANT. URÉT.VÉS SANS ANTIREFLUX AB. DIRECT
JCEC006;11C02 11C03 17C07;11 17;non;RÉIMPLANT. URÉT.VÉS UNILAT. +ANTIREFLUX COELIO
JCEC011;11C02 11C03 17C07;11 17;non;RÉIMPLANT. URÉT.VÉS BILAT. +ANTIREFLUX COELIO
JCEE001;11C11 11C13;11;non;REFOULEMENT CALCUL URET. SONDE URÉTÉRALE ENDOS.
JCFA001;11C02 11C03 17C06;11 17;non;URÉTÉRECTOMIE TOT. AB. DIRECT
JCFA002;11C02 11C03 17C06 21C05;11 17 21;non;URÉTÉRECTOMIE SEGT LOMBO-ILIAQUE +ANAST. URET. AB.
JCFA003;11C02 11C03 17C06 21C05;11 17 21;non;URÉTÉRECTOMIE SEGT PELV. +ANAST. URET. AB. DIRECT
JCFA004;11C02 11C03 17C06 21C05;11 17 21;non;EXÉRÈSE URÉTÉROCÈLE +RÉIMPLANT. VÉS +1/2NÉPHRECT
JCFA005;11C02 11C03 17C06;11 17;non;RÉSEC. +PLASTIE MÉGA-URETÈRE +RÉIMPLANT.
JCFA006;11C02 11C03 17C06;11 17;non;EXÉRÈSE UNILAT. 1URÉTÉROCÈLE +RÉIMPLANT. URÉT.VÉS
JCFA007;11C02 11C03 17C07;11 17;non;EXÉRÈSE 1URÉTÉROCÈLE +RÉIMPLANT. URÉT.VÉS
JCFA008;11C02 11C03 17C06 21C05;11 17 21;non;URÉTÉRECTOMIE SEGT PELV+RÉIMPLANT
JCFA009;11C02 11C03 17C06 21C05;11 17 21;non;URÉTÉRECTOMIE SEGT PELV. +RÉIMPLANT. URÉT.VÉS AB.
JCFA010;11C02 11C03 17C06 21C05;11 17 21;non;URÉTÉRECTOMIE SEGT PELV. +RÉIMPLANT. URÉT.VÉS
JCFC001;11C02 11C03 17C07;11 17;non;URÉTÉRECTOMIE TOT. COELIO
JCFE001;11C11 11C13;11;non;EXÉRÈSE T. URET. LOMB. URÉT.SCOPIE RÉTROGRADE
JCFE002;11C11 11C13 17C07;11 17;non;EXÉRÈSE T. URET. PELV. URÉT.SCOPIE RÉTROGRADE
JCFE003;11C11 11C13;11;non;EXÉRÈSE T. URET. ILIAQ URÉT.SCOPIE RÉTROGRADE
JCFF001;11C11 11C13 17C07;11 17;non;EXÉRÈSE T. URET. LOMB. TRANSCUT.
JCGA001;11C02 11C03 17C07;11 17;non;ABL. CALCUL URET. PELV. AB. DIRECT
JCGA002;11C02 11C03 17C07;11 17;non;ABL. CALCUL URET. LOMB. AB. DIRECT
JCGA003;11C02 11C03 17C07;11 17;non;ABL. CALCUL URET. ILIAQ AB. DIRECT
JCGC001;11C02 11C03;11;non;ABL. CALCUL URET. PELV. COELIO
JCGC002;11C02 11C03 17C07;11 17;non;ABL. CALCUL URET. ILIAQ COELIO
JCGC003;11C02 11C03 17C07;11 17;non;ABL. CALCUL URET. LOMB. COELIO
JCGE001;11C11 11C13;11;non;ABL. +/- FRAGMT CALCUL URET. PELV. URÉT.SCOPIE
JCGE002;11C11 11C13;11;non;ABL. +/- FRAGMT CALCUL URET. URÉT.SCOPIE
JCGE003;11K03 11K04 12K02 12K03 13K02 13K03;11 12 13;non;ABL. 1SONDE URÉTÉRALE ENDOS. RÉTROGRADE
JCGE004;11K03 11K04 12K02 12K03 13K02 13K03;11 12 13;non;ABL. 1ENDOPROTH. URÉTÉRALE ENDOS. RÉTROGRADE
JCGE005;11C11 11C13;11;non;ABL. +/- FRAGMT CALCUL URET. ILIAQ URÉT.SCOPIE
JCGE006;11C11 11C13;11;non;ABL. +/- FRAGMT CALCUL URET. LOMB. URÉT.SCOPIE
JCGG001;11C11 11C13;11;non;ABL. +/- FRAGMT CALCUL URET. URÉT.SCOPIE
JCGH001;11C11 11C13;11;non;ABL. +/- FRAGMT CALCUL URET. TRANSCUT. +GUID ÉCHO
JCGH004;11C11 11C13;11;non;ABL. +/- FRAGMT CALCUL URET. URÉTROCYSTOSCOPIE +GUID
JCGH005;11C11 11C13;11;non;ABL. +/- FRAGMT CALCUL URET. 1NÉPHROSTOM +GUID ÉCHO
JCKA001;11C02 11C03 17C06 21C05;11 17 21;non;REMPLT PART. URET. 1SEGT DIG. AB. DIRECT
JCKA002;11C02 11C03 17C06 21C05;11 17 21;non;REMPLT TOT. URET. 1SEGT DIG. AB. DIRECT
JCKE001;11K03 11K04 12K02 12K03 13K02 13K03;11 12 13;non;CHANGT 1SONDE URÉTÉRALE ENDOS. RÉTROGRADE
JCKE002;11C11 11C13 21C05;11 21;non;CHANGT 1ENDOPROTH. URÉTÉRALE ENDOS. RÉTROGRADE
JCKH001;11C11 11C13 21C05;11 21;non;CHANGT 1ENDOPROTH. URÉTÉRALE 1NÉPHROSTOM GUID
JCLD001;11C11 11C13;11;non;POSE 1ENDOPROTH. URÉTÉRALE 1NÉPHROSTOM
JCLE001;11C11 11C13 17C07;11 17;non;POSE 1SONDE URÉTÉRALE THÉRAP. ENDOS. RÉTROGRADE
JCLE002;11C11 11C13 17C07;11 17;non;POSE 1ENDOPROTH. URÉTÉRALE ENDOS. RÉTROGRADE
JCLE003;11K03 11K04 12K02 12K03 13K02 13K03;11 12 13;non;POSE 1SONDE URÉTÉRALE DIAG. ENDOS. RÉTROGRADE
JCLE004;11C11 11C13;11;non;INJ. SSMUQ INTRA-URÉTÉRALE MAT. HÉTÉROLOGUE ENDOS.
JCMA001;11C02 11C03 12C09 12C10 13C13 17C07 21C05;11 12 13 17 21;non;TRANSFORM. 1URÉT.STOM CUT. ANAST. URÉT.COL
JCMA002;11C02 11C03 12C09 12C10 13C13 17C07 21C05;11 12 13 17 21;non;TRANSFORM. 1URÉT.STOM CUT. DÉRIV. INT. +RÉSERVOIR
JCMA003;11C02 11C03 12C09 12C10 13C13 17C06 21C05;11 12 13 17 21;non;TRANSFORM. 1URÉT.STOM CUT. DÉRIV. INT. RÉIMPLANT.
JCMA004;11C02 11C03 17C07;11 17;non;MONTAGE URÉT.VÉS ANTIREFLUX SANS RÉIMPLANT.
JCMA005;11C02 11C03 12C09 12C10 13C13 21C05;11 12 13 21;non;TRANSFORM. 1URÉT.STOM CUT. DÉRIV. INT. +NÉOVESSIE
JCNE001;11C11 11C13;11;non;DESTRUC. 1MOIGNON URET. URÉT.SCOPIE RÉTROGRADE
JCNE002;11C11 11C13;11;non;DESTRUC. T. URET. PELV. URÉT.SCOPIE RÉTROGRADE
JCNE003;11C11 11C13;11;non;DESTRUC. T. URET. ILIAQ URÉT.SCOPIE RÉTROGRADE
JCNE004;11C11 11C13;11;non;DESTRUC. T. URET. LOMB. URÉT.SCOPIE RÉTROGRADE
JCNF001;11C11 11C13;11;non;DESTRUC. T. URET. LOMB. TRANSCUT.
JCNM001;11K08;11;non;LITHOTRITIE EXTRACORPORELLE URET. +GUID ÉCHO
JCNM002;11K08;11;non;LITHOTRITIE EXTRACORPORELLE URET. GUID RADIO
JCPA001;11C02 11C03 17C06 21C05;11 17 21;non;LIBÉR. URET. +PÉRITONISATION AB. DIRECT
JCPA002;11C02 11C03 17C06 21C05;11 17 21;non;LIBÉR. URET. SIMPLE AB. DIRECT
JCPA003;11C02 11C03 17C06;11 17;non;SECTION-ANASTOMOSE 1URET. RÉTROCAVE AB. DIRECT
JCPC001;11C02 11C03 17C07 21C05;11 17 21;non;LIBÉR. URET. +PÉRITONISATION COELIO
JCPC002;11C02 11C03 17C07 21C05;11 17 21;non;LIBÉR. URET. SIMPLE COELIO
JCPD001;11C11 11C13;11;non;REPERMÉATION URET. FORAGE INTRALUMINAL
JCPE001;11C11 11C13;11;non;INCISION 1URÉTÉROCÈLE ENDOS.
JCPE002;11C11 11C13 21C05;11 21;non;INCISION MÉAT URÉTÉRAL ENDOS.
JCQE001;11K05 11K06 12K02 12K03 13K04 13K05;11 12 13;non;URÉT.SCOPIE 1URÉT.STOM CUT. DIRECTE
JCQE002;11K03 11K04 12K02 12K03 13K02 13K03;11 12 13;non;URÉT.SCOPIE 1URÉT.STOM
JCQE003;11K03 11K04 12K02 12K03 13K02 13K03;11 12 13;non;URÉT.SCOPIE RÉTROGRADE V. UR.
JCQE004;11K05 11K06 12K02 12K03 13K04 13K05;11 12 13;non;URÉT.SCOPIE 1URÉT.STOM CUT. TRANSINTESTIN
JCSA001;06C15 11C02 11C03 12C09 12C10 13C13 17C06 21C05;06 11 12 13 17 21;non;FERM. FISTULE URÉT.DIG ACQUISE AB. DIRECT
JCSA002;11C02 11C03 13C05 13C06 13C07 13C18 13C19 21C05;11 13 21;non;FERM. FISTULE URÉTÉRO-UTÉRINE ACQUISE AB. DIRECT
JCSA003;11C02 11C03 12C09 12C10 13C13 17C07 21C05;11 12 13 17 21;non;FERM. FISTULE URÉT.CUT ACQUISE AB. DIRECT
JCSA004;11C02 11C03 13C13 17C07 21C05;11 13 17 21;non;FERM. FISTULE URÉT.VAG ACQUISE AB. DIRECT
JCSA005;11C02 11C03 12C09 12C10 13C13 17C06 21C05;11 12 13 17 21;non;FERM. FISTULE URÉT.VÉS ACQUISE AB. DIRECT
JDCA001;11C04 11C10 12C09 12C10 13C13 17C06;11 12 13 17;non;CYSTOSTOM. CONTIN. SANS FERM. COL VÉS. LAPARO
JDCA002;11C04 11C10 12C09 12C10 13C13 17C07 21C05;11 12 13 17 21;non;CYSTOSTOMIE CUT. LAPARO
JDCA003;11C04 11C10 17C06 21C05;11 17 21;non;SUTURE VESSIE LAPARO
JDCA004;11C04 11C10 12C09 12C10 13C13 17C06;11 12 13 17;non;CYSTOSTOM. CONTIN. +FERM. COL VÉS. LAPARO
JDCC016;11C04 11C10 17C07 21C05;11 17 21;non;SUTURE VESSIE COELIO
JDDA002;11C04 11C10 13C17 17C07;11 13 17;non;CERVICOCYSTOPEXIE INDIRECTE AU LIG. PECTINÉAL
JDDA003;11C04 11C10 13C17;11 13;non;CERVICOCYSTOPEXIE BANDELETTE AB. VAG. +TRANSCUT.
JDDA004;11C04 11C10 13C17 17C07;11 13 17;non;CERVICOCYSTOPEXIE DIRECTE BANDELETTE
JDDA005;11C04 11C10 13C17;11 13;non;CERVICOCYSTOPEXIE DIRECTE BANDELETTE PROTH.
JDDA006;11C04 11C10 13C17;11 13;non;CERVICOCYSTOPEXIE DIRECTE BANDELETTE
JDDA007;11C04 11C10 13C17 17C07;11 13 17;non;CERVICOCYSTOPEXIE INDIRECTE BANDELETTE VAG. PÉD.
JDDA008;11C04 11C10 13C17;11 13;non;CERVICOCYSTOPEXIE INDIRECTE AB. VAG. +V. ABD. +GUID
JDDB005;11C04 11C10 13C17;11 13;non;SOUTÈNEMENT VÉS. BANDEL.  INFRA-URÉTR V.BASSE
JDDB007;11C04 11C10 13C17;11 13;non;SOUTÈNEMENT VÉS. BANDEL.  INFRA-URÉTR V.BASSE
JDDC002;13C17 17C07;13 17;non;CERVICOCYSTOPEXIE INDIRECTE AU LIG. PECTINÉAL COELIO.
JDFA001;11C02 11C03 12C11 12C12 13C13 17C06 21C05;11 12 13 17 21;non;CYSTECTOMIE TOT. +URÉT.STOM CUT. LAPARO
JDFA002;11C04 11C10 12C09 12C10 13C13 17C06;11 12 13 17;non;EXÉRÈSE DIVERTIC. VESSIE LAPARO
JDFA003;11C02 11C03 12C11 12C12 13C13 17C06 21C05;11 12 13 17 21;non;CYSTECTOMIE TOT. +URÉT.STOM TRANSINTESTIN DÉTUBULÉE
JDFA004;11C02 11C03 12C11 12C12 13C13 17C06;11 12 13 17;non;CYSTECTOMIE SUPRATRIGONALE +NÉOVESSIE LAPARO
JDFA005;11C02 11C03 12C11 12C12 13C13 17C06 21C05;11 12 13 17 21;non;CYSTECTOMIE TOT. LAPARO
JDFA006;11C02 11C03 12C11 12C12 13C13 17C06 21C05;11 12 13 17 21;non;CYSTECTOMIE TOT. +ANAST. URÉT.COL +RÉSERVOIR DÉTUBULÉ
JDFA007;11C04 11C10;11;non;RÉSEC. 1KYSTE/1FISTULE LIG. OMBILICAL MÉDIAN
JDFA008;11C02 11C03 12C11 12C12 13C13 17C06 21C05;11 12 13 17 21;non;CYSTECTOMIE TOT. +URÉT.STOM CUT. TRANSINTESTIN NON
JDFA009;11C02 11C03 12C11 12C12 13C13 17C06 21C05;11 12 13 17 21;non;CYSTECTOMIE TOT. +ANAST. URÉT.COL DIRECTE LAPARO
JDFA010;11C02 11C03 17C06;11 17;non;EXÉRÈSE PLAQUE 1EXSTROPHIE VÉS. +DÉRIV. URIN. +O.TOMIE
JDFA011;11C04 11C10 12C11 12C12 13C13 17C06;11 12 13 17;non;CYSTECTOMIE PART. LAPARO
JDFA012;11C02 11C03 17C06;11 17;non;EXÉRÈSE PLAQUE 1EXSTROPHIE VÉS. +DÉRIV. URIN. SANS
JDFA013;11C02 11C03;11;non;EXÉRÈSE PLAQUE EXSTROPHIE VÉS.+DÉRIV. URIN.+CURE  H ING
JDFA014;11C02 11C03 12C11 12C12 13C13 17C06;11 12 13 17;non;CYSTECTOMIE PART. +IMPLANT. PR CURITHÉR. VESSIE LAPARO
JDFA015;11C02 11C03 12C11 12C12 13C13 17C06 21C05;11 12 13 17 21;non;CYSTECTOMIE SUPRATRIGONALE +NÉOVESSIE +RÉIMPLANT.
JDFA016;11C02 11C03 12C11 12C12 13C13 17C06;11 12 13 17;non;CYSTECTOMIE TOT+ NÉOVESSIE ORTHOTOPIQUE DÉTUBULÉE
JDFA017;11C02 11C03 12C11 12C12 13C13 17C06 21C05;11 12 13 17 21;non;CYSTECTOMIE PART. +RÉIMPLANT. URÉT.VÉS LAPARO
JDFA018;11C04 11C10 21C05;11 21;non;RÉSEC/INCISION COL VÉS. AB. DIRECT
JDFA019;11C02 11C03 12C11 12C12 17C06 21C05;11 12 17 21;non;VÉSICULO-PROSTATO-CYSTECTOMIE TOT. +ANAST. URÉT.COL
JDFA020;11C02 11C03 12C11 12C12 17C06 21C05;11 12 17 21;non;VÉS-PROST-CYST.TOMIE TOT. +URÉT.STOM DÉTUBULÉE
JDFA021;11C02 11C03 12C11 12C12 17C06;11 12 17;non;VÉS-PROST-CYSTECT TOT. +NÉOVESSIE DÉTUBULÉE LAPARO
JDFA022;11C02 11C03 12C11 12C12 17C06 21C05;11 12 17 21;non;VÉS-PROST-CYSTECTOMIE TOT+ANAST. URÉT.COL +RÉSERVOIR
JDFA023;11C02 11C03 12C11 12C12 17C06 21C05;11 12 17 21;non;VÉSICULO-PROSTATO-CYSTECTOMIE TOT. +URÉT.STOM CUT.
JDFA024;11C02 11C03 12C11 12C12 17C06 21C05;11 12 17 21;non;VÉSICULO-PROSTATO-CYSTECTOMIE TOT. LAPARO
JDFA025;11C02 11C03 12C11 12C12 17C06 21C05;11 12 17 21;non;VÉS-PROST-CYSTECTOMIE TOT+URÉT.STOM TRANSINTESTIN
JDFC001;11C04 11C10 12C09 12C10 13C13 17C06;11 12 13 17;non;EXÉRÈSE DIVERTIC. VESSIE COELIO.
JDFC023;11C04 11C10 12C11 12C12 13C13 17C06;11 12 13 17;non;CYSTECTOMIE PART. COELIO
JDFE001;11C11 11C13;11;oui;RÉSEC. 4T. VESSIE ENDOS.
JDFE002;11C11 11C13;11;non;RÉSEC. 1À 3T. VESSIE ENDOS.
JDFE003;11C11 11C13 17C07;11 17;non;RÉSEC. COL VÉS. ENDOS.
JDGE001;11C11 11C13;11;non;ABL. CALCUL/C.E VESSIE ENDOS.
JDHE001;11K05 11K06 12K02 12K03 13K04 13K05;11 12 13;non;BIOPSIE VESSIE À ANSE COUPANTE ENDOS.
JDHE002;11K05 11K06 12K02 12K03 13K04 13K05;11 12 13;non;BIOPSIE VESSIE À PINCE ENDOS.
JDHE003;11K05 11K06 12K02 12K03 13K04 13K05;11 12 13;non;BIOPSIE RANDOMISÉE VESSIE ENDOS.
JDJE001;11C11 11C13 17C07;11 17;non;DÉCAILLOTAGE VESSIE ENDOS.
JDLA001;11C02 11C03 12C11 12C12 13C13 17C07;11 12 13 17;non;IMPLANT. VÉS. VECTEUR PR CURIETHÉR. INTERST. VESSIE
JDLD659;11K03 11K04 13K02 13K03;11 13;non;INST VÉSICALE AGENT PHARMACO. ANTIK + HYPERTH.
JDLE332;11C12;11;non;INJ. TOXINE BOTULIQUE DS MUSC. VÉS. URÉTROCYSTOSCOPIE
JDMA001;11C04 11C10 17C06 21C05;11 17 21;non;ENTÉROCYSTOPLASTIE AGRANDT ANSE DÉTUBULÉE
JDMA002;11C02 11C03 17C06 21C05;11 17 21;non;ENTÉROCYSTOPLASTIE AGRANDT +RÉIMPLANT. URÉT.VÉS
JDMA003;11C04 11C10 12C09 12C10 17C06;11 12 17;non;RECONSTR. COL VÉS. LAPARO
JDNE001;11C11 11C13;11;non;DESTRUC. LÉS. VESSIE ENDOS.
JDNM001;11K08;11;non;LITHOTRITIE EXTRACORPORELLE VESSIE
JDPA001;11C04 11C10 17C07 21C05;11 17 21;non;MYOTOMIE CORPS VESSIE PR AGRANDT LAPARO
JDPA002;11C04 11C10 17C06;11 17;non;CYSTOTOMIE THÉRAP. LAPARO
JDPE001;11C11 11C13;11;non;INCISION COLLET DIVERTIC. VESSIE URÉTROCYSTOSCOPIE
JDPE002;11C11 11C13 12C09 12C10;11 12;non;INCISION CERV/CERVICOPROSTATIQUE ENDOS.
JDQE001;11K05 11K06 12K02 12K03 13K04 13K05;11 12 13;non;FIBRO UR.VÉSIC
JDQE002;11K05 11K06 12K02 12K03 13K04 13K05;11 12 13;non;EXPLO. ENDOS. 1NÉOVESSIE INTEST.
JDQE003;11K05 11K06 12K02 12K03 13K04 13K05;11 12 13;non;URÉTROCYSTOSCOPIE À ENDOSCOPE RIGIDE
JDSA001;11C02 11C03 17C06;11 17;non;FERM. 1EXSTROPHIE VÉS. +ALLONGT UR. CHEZ FILLE +O.TOMIE
JDSA002;11C04 11C10 13C14 13C15 17C06 21C05;11 13 17 21;non;FERM. FISTULE VÉS.VAG ACQUISE LAPARO
JDSA003;11C02 11C03 17C06;11 17;non;FERM. 1EXSTROPHIE VÉS. +ALLONGT PÉNIS SANS O.TOMIE
JDSA004;11C02 11C03 17C06;11 17;non;FERM. 1EXSTROPHIE VÉS. +ALLONGT UR. CHEZ FILLE SANS
JDSA005;11C04 11C10 13C05 13C06 13C07 13C18 13C19 17C06 21C05;11 13 17 21;non;FERM. FISTULE VÉSICO-UTÉRINE ACQUISE LAPARO
JDSA006;11C04 11C10 13C14 13C15 17C07 21C05;11 13 17 21;non;FERM. FISTULE VÉS.VAG ACQUISE AB. VAG.
JDSA007;11C02 11C03 17C06;11 17;non;FERM. EXSTROPHIE VÉS. +ALLONGT PÉNIS +CURE  H ING. SANS
JDSA008;11C04 11C10 12C09 12C10 13C14 13C15 17C07 21C05;11 12 13 17 21;non;FERM. FISTULE VÉS.CUT ACQUISE AB. DIRECT
JDSA009;11C02 11C03 17C06;11 17;non;FERM. 1EXSTROPHIE VÉS. +ALLONGT PÉNIS +O.TOMIE BASSIN
JDSA010;11C04 11C10 13C04 17C07;11 13 17;non;FERM. COL VÉS. PR CYSTOSTOM. CONTIN.
JDSA011;06C04 11C04 11C10 12C09 12C10 13C14 13C15 17C06 21C05;06 11 12 13 17 21;non;FERM. FISTULE VÉSICODIGESTIVE ACQUISE LAPARO
JDSC024;11C04 11C10 13C14 13C15 17C06 21C05;11 13 17 21;non;FERM. FISTULE VÉS.VAG ACQUISE COELIO
JEAA001;11C06 11C07 17C06 21C05;11 17 21;non;ALLONGT INTRAVÉSICAL UR.
JECA001;11C06 11C07 13C13 17C07 21C05;11 13 17 21;non;URÉTROSTOMIE CUT.
JECA002;11C06 11C07 17C07 21C05;11 17 21;non;SUTURE UR. PÉRINÉAL
JECE001;11K03 11K04 12K02 12K03 13K02 13K03;11 12 13;non;OUV. DIVERTIC. UR. ENDOS.
JEEE001;11K03 11K04 12K02 12K03 13K02 13K03;11 12 13;non;ALIGNT RUPTURE TRAUMA UR. ENDOS.
JEFA001;11C06 11C07 12C09 12C10;11 12;non;RÉSEC. +MODELAGE 1URÉTROCÈLE APRÈS UR.PLAST
JEFA002;11C06 11C07;11;non;EXÉRÈSE DIVERTIC. UR. AB. DIRECT
JEFA003;11C06 11C07;11;non;EXÉRÈSE LÉS. MÉAT UR. CHEZ FEMME AB. DIRECT
JEFA004;11C06 11C07 12C03 17C07 21C05;11 12 17 21;non;UR.ECTOMIE PART. +URÉTROSTOMIE CUT.
JEFA005;11C06 11C07;11;non;EXÉRÈSE 1UR. SURNUMÉRAIRE
JEFA007;11C06 11C07 12C03 17C07 21C05;11 12 17 21;non;UR.ECTOMIE TOT.
JEFA008;11C06 11C07 12C09 12C10 17C07;11 12 17;non;RÉSEC.ANAST UR. ANT. AB. PÉNOSCROTAL
JEFA009;11C06 11C07 12C09 12C10 17C06;11 12 17;non;RÉSEC.ANAST UR. MBNX AB PÉRINÉ
JEFA010;11C06 11C07 12C09 12C10 17C06;11 12 17;non;RÉSEC.ANAST UR. POST. LAPARO SANS AB.
JEFA011;11C06 11C07 12C09 12C10 17C06;11 12 17;non;RÉSEC.ANAST UR. BULBAIRE AB PÉRINÉ
JEFA012;11C06 11C07 12C09 12C10 17C06;11 12 17;non;RÉSEC.ANAST UR. POST. LAPARO +AB.
JEFE001;11K03 11K04 12K02 12K03 13K02 13K03;11 12 13;non;RÉSEC. T. UR. ENDOS.
JEFE003;11K03 11K04 12K02 12K03 13K02 13K03;11 12 13;non;RÉSEC. SPHINCTER STRIÉ UR. ENDOS.
JEFE004;11K03 11K04 12K02 12K03 13K02 13K03;11 12 13;non;RÉSEC. STÉNOSE UR. À ANSE COUPANTE ENDOS.
JEFE005;11K03 11K04 12K02 12K03 13K02 13K03;11 12 13;non;RÉSEC. VALVE UR. ENDOS.
JEGA002;11C04 11C10 12C09 12C10 17C07 21C05;11 12 17 21;non;ABL. PROTH. SPHINCT. PÉRIURÉTRALE
JEGA003;11C06 11C07 13C13 21C05;11 13 21;oui;ABL. C.E UR. AB. DIRECT
JEGA004;11C04 11C10 12C09 12C10 17C07 21C05;11 12 17 21;non;ABL PROTH SPHINCT PÉRICERV/PÉRIPROST HOMME
JEGA005;11C04 11C10 13C04 17C07 21C05;11 13 17 21;non;ABL. 1PROTH. SPHINCT. URIN. PÉRICERVICALE CHEZ
JEGB005;11C04 11C10 12C09 12C10 21C05;11 12 21;non;ABL. PROTH. SPHINCT. AJUST.  PÉRIURÉTRALE HOMME
JEGE001;11K03 11K04 12K02 12K03 13K02 13K03;11 12 13;non;ABL. C.E UR. UR.SCOPIE
JEGE002;11K03 11K04 12K02 12K03 13K02 13K03;11 12 13;non;ABL. 1ENDOPROTH. TEMP. UR. ENDOS.
JEGE003;11K03 11K04 12K02 12K03 13K02 13K03;11 12 13;non;ÉPILATION UR. ENDOS.
JEGE004;11K03 11K04 12K02 12K03 13K02 13K03;11 12 13;non;ABL. 1ENDOPROTH. DÉFINITIVE UR. ENDOS.
JEHE001;11K05 11K06 12K02 12K03 13K04 13K05;11 12 13;non;BIOPSIE UR. À ANSE COUPANTE ENDOS.
JEHE002;11K05 11K06 12K02 12K03 13K04 13K05;11 12 13;non;BIOPSIE UR. À PINCE ENDOS.
JEKA002;11C04 11C10 12C09 12C10 17C07 21C05;11 12 17 21;non;CHANGT CPLT PROTH. PÉNIS AB. DIRECT
JEKA005;11C04 11C10 12C09 12C10 17C07 21C05;11 12 17 21;non;CHANGT MANCHON GONFLABLE 1PROTH. PÉNIS AB. DIRECT
JEKA006;11C04 11C10 13C04 17C07 21C05;11 13 17 21;non;CHANGT MANCHON GONFL PROTH SPHINCT PÉRICERV
JEKA007;11C04 11C10 12C09 12C10 17C07 21C05;11 12 17 21;non;CHANGT MANCHON GONFL PROTH SPHINCT
JEKA008;11C04 11C10 12C09 12C10 17C07 21C05;11 12 17 21;non;CHANGT CPLT PROTH SPHINCT PÉRICERV/PÉRIPROST
JEKA009;11C04 11C10 13C04 17C06 21C05;11 13 17 21;non;CHANGT CPLT 1PROTH. SPHINCT. URIN. PÉRICERVICALE
JEKA010;11C04 11C10 12C09 12C10 13C04 21C05;11 12 13 21;non;CHANGT ÉLMT/REPRESSURISATION 1PROTH. SPHINCT.
JEKB006;11C04 11C10 12C09 12C10 21C05;11 12 21;non;CHANGT PROTH. SPHINCT. AJUST.  PÉRIURÉTRALE HOMME
JEKE001;11K03 11K04 12K02 12K03 13K02 13K03;11 12 13;non;CHANGT 1ENDOPROTH. UR. ENDOS.
JELA001;11C04 11C10 13C04 17C07;11 13 17;non;POSE 1PROTH. SPHINCT. URIN. PÉRICERVICALE CHEZ
JELA002;11C04 11C10 12C09 12C10 17C07;11 12 17;non;POSE PROTH. SPHINCT. PÉRIURÉTRALE
JELA003;11C04 11C10 12C09 12C10 17C07;11 12 17;non;POSE 1PROTH. SPHINCT. URIN. PÉRIURÉTROPROSTATIQUE
JELA004;11C04 11C10 12C09 12C10 17C07;11 12 17;non;POSE PROTH. SPHINCT. PÉRICERVICALE +AB.
JELB003;11C04 11C10 12C09 12C10;11 12;non;POSE PROTH. SPHINCT. AJUST.  PÉRIURÉTRALE HOMME
JELD001;11K03 11K04 12K02 12K03 13K02 13K03;11 12 13;non;INJ. SSMUQ PÉRIURÉTROCERVICALE MAT. HÉTÉROLOGUE
JELE001;11K03 11K04 12K02 12K03 13K02 13K03;11 12 13;non;INJ. SSMUQ INTRA-URÉTRALE MAT. HÉTÉROLOGUE ENDOS.
JELE002;11K03 11K04 12K02 12K03 13K02 13K03;11 12 13;non;POSE 1ENDOPROTH. UR. ENDOS.
JELE003;11K03 11K04 12K02 12K03 13K02 13K03;11 12 13;non;POSE 1ENDOPROTH. UR. CERVICOPROSTATIQUE ENDOS.
JEMA001;11C04 11C10 21C05;11 21;non;UR.CERV.PLAST CONTINENCE +ENTÉROCYSTOPLASTIE
JEMA002;11C04 11C10 17C06 21C05;11 17 21;non;UR.CERV.PLAST CONTINENCE LAPARO
JEMA003;11C06 11C07 12C09 12C10;11 12;non;RETOUCHE CICATRICE CUT. APRÈS UR.PLAST
JEMA004;11C06 11C07 12C03 17C07 21C05;11 12 17 21;non;UR.PLAST PR MÉGA-URÈTRE CONG.
JEMA005;11C06 11C07 12C03 17C07 21C05;11 12 17 21;non;PLASTIE UR. POST. LAMBEAU PÉD.
JEMA006;11C06 11C07 12C03 17C06;11 12 17;non;UR.PLAST PR HYPOSPADIAS PÉRINÉOSCROTAL
JEMA007;11C06 11C07 12C03 17C07 21C05;11 12 17 21;non;PLASTIE UR. ANT. LAMBEAU PÉD.
JEMA009;11C06 11C07 21C05;11 21;non;UR.PLAST CHEZ FEMME
JEMA010;11C06 11C07 12C03 17C06 21C05;11 12 17 21;non;PLASTIE UR. ANT. LAMBEAU LIBRE
JEMA011;11C06 11C07 12C09 12C10;11 12;non;MÉATOPLASTIE UR. AB. DIRECT CHEZ GARÇON
JEMA012;11C06 11C07 12C03 21C05;11 12 21;non;UR.PLAST BALANIQUE/RÉTROMÉATIQUE
JEMA013;11C06 11C07;11;non;MÉATOPLASTIE UR. AB. DIRECT CHEZ FILLE
JEMA014;11C06 11C07 12C03;11 12;non;UR.PLAST PR HYPOSPADIAS BALANIQUE/PÉNIEN ANT.
JEMA015;11C06 11C07 12C03 17C07 21C05;11 12 17 21;non;RECONSTR. UR. ANT. APRÈS MISE À PLAT
JEMA016;11C06 11C07 12C09 12C10;11 12;non;MÉATOPLASTIE UR. +LAMBEAU PRÉPUTIAL/CUT. CHEZ ADULTE
JEMA017;11C06 11C07 12C09 12C10;11 12;non;MÉATOPLASTIE/MÉATOTOMIE UR. SANS LAMBEAU CHEZ ADULTE
JEMA018;11C02 11C03 17C06;11 17;non;UR.CERV.PLAST CONTINENCE +RÉIMPLANT. URÉT.VÉS
JEMA019;11C06 11C07 12C03 17C07;11 12 17;non;UR.PLAST PR HYPOSPADIAS PÉNIEN POST/MOY.
JEMA020;11C06 11C07 12C03 17C07;11 12 17;non;UR.PLAST PR HYPOSPADIAS PÉNIEN POST/MOY. SANS
JEMA021;11C06 11C07 12C03;11 12;non;UR.PLAST PR HYPOSPADIAS BALANIQUE/PÉNIEN ANT. SANS
JEMA022;11C06 11C07 12C03 17C06 21C05;11 12 17 21;non;RECONSTR. UR. POST. APRÈS MISE À PLAT
JEMA023;11C06 11C07 12C03 17C06 21C05;11 12 17 21;non;PLASTIE UR. POST. LAMBEAU LIBRE
JENE001;11K03 11K04 12K02 12K03 13K02 13K03;11 12 13;non;DESTRUC. LÉS. UR. ENDOS.
JEPA001;11C06 11C07 12C03 21C05;11 12 21;non;MISE À PLAT STÉNOSE UR. POST.
JEPA006;11C06 11C07 12C03 21C05;11 12 21;non;MISE À PLAT STÉNOSE UR. ANT.
JEPA007;11C06 11C07 17C07 21C05;11 17 21;non;LIBÉR. UR. AB. DIRECT
JEPD001;11C06 11C07 21C05;11 21;oui;URÉTROTOMIE INT. À AVEUGLE
JEPD002;11C06 11C07 21C05;11 21;oui;URÉTROTOMIE INT. MÉATIQUE/RÉTROMÉATIQUE À AVEUGLE
JEPE001;11K03 11K04 12K02 12K03 13K02 13K03;11 12 13;non;INCISION SPHINCTER STRIÉ UR. ENDOS.
JEPE002;11K03 11K04 12K02 12K03 13K02 13K03;11 12 13;non;URÉTROTOMIE ENDOS.
JEPE154;11K03 11K04 12K02 12K03 13K02 13K03;11 12 13;non;DÉCOMPRES URÈTRE PAR DISPOSITIF INTRAPROSTATIQUE,
JEPH001;11K03 11K04 12K02 12K03 13K02 13K03;11 12 13;non;INCISION VALVE UR. ENDOS. +CTRL RX
JESA001;11C06 11C07 12C03 17C06 21C05;11 12 17 21;non;FERM. FISTULE URÉTRO-PROSTATO-RECTALE AB PÉRINÉ
JESA003;11C06 11C07 12C03 13C13 21C05;11 12 13 21;non;FERM. FISTULE CUT. UR.
JESA004;11C06 11C07 12C03 17C06 21C05;11 12 17 21;non;FERM. FISTULE URÉTRO-PROSTATO-RECTALE LAPARO
JESA005;11C06 11C07 12C03 17C06 21C05;11 12 17 21;non;FERM. FISTULE URÉTRO-PROSTATO-RECTALE AB. ANAL
JFFA001;11C02 11C03 13C14 13C15 17C06 21C05;11 13 17 21;non;PELVECTOMIE ANT. +URÉT.STOM CUT. LAPARO
JFFA002;06C03 13C14 13C15 17C06 21C05;06 13 17 21;non;PELVECTOMIE POST. +ANAST. DIG. LAPARO
JFFA003;11C02 11C03 13C14 13C15 17C06 21C05;11 13 17 21;non;PELVECTOMIE ANT+URÉT.STOM CUT. TRANSINTESTIN NON
JFFA004;06C03 13C14 13C15 17C06 21C05;06 13 17 21;non;PELVECTOMIE POST. SANS RÉTABL. CONTINUITÉ DIG. LAPARO
JFFA005;06C03 13C14 13C15 17C06 21C05;06 13 17 21;non;PELVECTOMIE POST. SANS RÉTABL. CONTINUITÉ DIG. LAPARO
JFFA006;01C08 06C21 07C08 10C08 11C08 16C03 17C06;01 06 07 10 11 16 17;non;EXÉRÈSE LÉS. RÉTROPÉRIT. SF SURRÉNALE
JFFA007;06C21 07C08 10C08 11C08 13C13 16C03 17C07;06 07 10 11 13 16 17;non;EXÉRÈSE 1LIPOMATOSE PELV. LAPARO
JFFA008;06C03 11C02 11C03 13C14 13C15 17C06 21C05;06 11 13 17 21;non;PELVECTOMIE TOT. +URÉT.STOM CUT. LAPARO +AB PÉRINÉ
JFFA009;11C02 11C03 13C14 13C15 21C05;11 13 21;non;PELVECTOMIE ANT. +ANAST. URÉT.COL DIRECTE LAPARO
JFFA010;01C08 06C15 07C08 10C08 11C08 16C03 17C06;01 06 07 10 11 16 17;non;EXÉRÈSE LÉS. RÉTROPÉRIT.SF SURRÉNALE
JFFA011;06C03 11C02 11C03 13C14 13C15 17C06 21C05;06 11 13 17 21;non;PELVECTOMIE TOT+URÉT.STOM CU. TRANSINTESTIN NON
JFFA012;06C15 11C08 13C13;06 11 13;non;EXÉRÈSE LÉS. ENDOMÉTRIOSIQUE CLOISON RECT.VAG AB.
JFFA013;06C03 11C02 11C03 13C14 13C15 17C06 21C05;06 11 13 17 21;non;PELVECTOMIE TOT+URÉT.STOM TRANSINTESTIN CONTINENT
JFFA014;06C21 11C08 13C13 17C06;06 11 13 17;non;EXÉRÈSE LÉS. ENDOMÉTRIOSIQUE CLOISON RECT.VAG LAPARO
JFFA015;06C15 08C21 08C61 09C25 09C33 09C34 11C08 17C06;06 08 09 11 17;non;EXÉRÈSE 1TÉRATOME SACROCOCCYGIEN LAPARO +AB
JFFA016;11C02 11C03 13C14 13C15 17C06 21C05;11 13 17 21;non;PELVECTOMIE ANT +URÉT.STOM TRANSINTESTIN DÉTUBULÉE
JFFA017;06C15 08C21 08C61 09C25 09C33 09C34 11C08 17C06;06 08 09 11 17;non;EXÉRÈSE 1TÉRATOME SACROCOCCYGIEN +10CM
JFFA018;11C02 11C03 13C14 13C15 17C06 21C05;11 13 17 21;non;PELVECTOMIE ANT. LAPARO
JFFA019;11C02 11C03 13C14 13C15 17C06 21C05;11 13 17 21;non;PELVECTOMIE ANT. +ANAST. URÉT.COL +RÉSERVOIR DÉTUBULÉ
JFFA020;06C15 08C21 08C61 09C25 09C33 09C34 11C08 17C07;06 08 09 11 17;non;EXÉRÈSE 1TÉRATOME SACROCOCCYGIEN MOINS 10CM
JFFA021;01C08 06C15 07C08 10C08 11C08 16C03 17C06;01 06 07 10 11 16 17;non;EXÉRÈSE LÉS. RÉTROPÉRIT.SF SURRÉNALE +DISSECTION
JFFA022;11C02 11C03 13C14 13C15 17C06;11 13 17;non;PELVECTOMIE ANT. +NÉOVESSIE ORTHOTOPIQUE DÉTUBULÉE
JFFC001;06C15 11C08 13C13 17C07;06 11 13 17;non;EXÉRÈSE LÉS. ENDOMÉTRIOSIQUE CLOISON RECT.VAG
JFFC002;01C08 06C15 07C08 10C08 11C08 16C03 17C07;01 06 07 10 11 16 17;non;EXÉRÈSE LÉS. RÉTROPÉRIT. COELIO
JFJA001;06C15 07C08 10C08 11C08 17C07 21C05 22C03;06 07 10 11 17 21 22;non;ÉVAC. COLLECTION PÉRIRÉNALE AB. DIRECT
JFJC001;06C15 07C08 10C08 11C08 17C07 21C05 22C03;06 07 10 11 17 21 22;non;ÉVAC. COLLECTION PÉRIRÉNALE COELIO
JFQA001;05C18 06C15 07C06 07C07 09C25 09C33 09C34 10C08 11C08 13C13 16C03 17C06 21C05;05 06 07 09 10 11 13 16 17 21;non;EXPLO. RÉTROPÉRIT. +SON CONTENU LOMBOT.
JFQC001;06C15 07C06 07C07 09C25 09C33 09C34 10C08 11C08 13C09 16C03 21C05 22C03;06 07 09 10 11 13 16 21 22;non;EXPLO. RÉTROPÉRIT. +SON CONTENU
JGFA005;12C11 12C12 17C06;12 17;non;ADÉNOMECTOMIE TRANSVÉS. PROSTATE LAPARO
JGFA006;12C11 12C12 17C06;12 17;non;VÉSICULOPROSTATECTOMIE TOT. LAPARO
JGFA007;12C09 12C10 17C07;12 17;non;EXÉRÈSE RÉTROVÉSICALE/TRANSVÉS. UTRICULE PROSTATE
JGFA008;12C09 12C10 17C06;12 17;non;EXÉRÈSE DES VÉSICULES SÉMINALES LAPARO
JGFA009;12C11 12C12 17C06;12 17;non;ADÉNOMECTOMIE RÉTROPUBIENNE/TRANSCAPSULAIRE
JGFA011;12C11 12C12 17C06;12 17;non;VÉSICULOPROSTATECTOMIE TOT. AB PÉRINÉ
JGFA014;12C04 17C07;12 17;oui;RÉSEC. PALLIATIVE PROSTATE URÉTROCYSTOSCOPIE
JGFA016;11C11 11C13 12C09 12C10;11 12;non;RÉSEC COLLECTION PROSTATE/DIVERTIC. UR.
JGFC001;12C11 12C12 17C06;12 17;non;VÉSICULOPROSTATECTOMIE TOT. COELIO.
JGFC045;12C09 12C10 17C07;12 17;non;EXÉRÈSE DES VÉSICULES SÉMINALES COELIO
JGFE004;11C11 11C13 12C09 12C10;11 12;non;RÉSEC. +/- DÉSOBSTRUCTION DES CONDUITS ÉJACULATEURS
JGFE023;12C04 17C07;12 17;oui;RÉSECT 1HYPERTROPHIE PROSTATE SANS LASER
JGFE365;12C04 17C07;12 17;oui;RÉSECT 1 HYPERTROPHIE PROSTATE + LASER
JGFE631;12C04;;non;RÉSECT HYPERTRO BÉNIG PROSTATE JET EAU PULSÉ +ÉCHO
JGHB001;12K06;12;non;PONCTION-CYTOASPIRATION PROSTATE V.RECT/PÉRINÉE
JGHB002;12K06;12;non;BIOPSIE PROSTATE V. TRANSPÉRINÉALE +GUID AU DOIGT
JGHD001;12K06;12;non;BIOPSIE PROSTATE V. TRANSRECTALE +GUID AU DOIGT
JGHJ001;12K06;12;non;BIOPSIE PROSTATE V. TRANSRECTALE +GUID ÉCHO
JGHJ002;12K06;12;non;BIOPSIE PROSTATE V. TRANSPÉRINÉALE +GUID ÉCHO
JGNE003;12C04;12;non;DESTRUC ENDOS HYPERTROPHIE PROSTATE
JGNE171;12C04;12;non;DESTRUC 1 HYPERTROPHIE PROSTATE LASER
JGNE403;12C04;12;non;DESTRUC HBP PAR VAPEUR EAU À CONVECTION, + GUIDAGE
JGNJ900;12C04 17C07;12 17;non;DESTRUC. LÉS. PROSTATE ULTRASONS FOCALISÉS HTE
JGNL001;17K05 28Z10;17 28;non;CURIETHÉR. PROSTATE I125
JGQH003;11K05 11K06 12K02 12K03 13K04 13K05;11 12 13;non;DÉFÉRENTOVÉSICULOGRAPHIE CATHÉ. ENDOS. DES CONDUITS
JHAA001;11C06 11C07 12C03 17C06;11 12 17;non;ALLONGT PÉNIS +UR.PLAST PR ÉPISPADIAS
JHAA002;11C06 11C07 12C03;11 12;non;ALLONGT PÉNIS SANS UR.PLAST PR ÉPISPADIAS
JHAA003;12C03;12;non;ÉLARGT PÉNIS
JHAA004;11C06 11C07 12C03;11 12;non;ALLONGT PÉNIS SECTION LIG. SUSPENSEUR
JHAA005;11C06 11C07 12C03;11 12;non;ALLONGT PÉNIS PLASTIE DES CORPS CAV.
JHBA001;12C05 12C06 12C07;12;non;PLICATURE TUNIQUE VAG. TESTICULE AB. SCROTAL
JHCA001;12C03 17C07;12 17;non;ANAST. SPONGIOCAVERNEUSE AB. DIRECT
JHCA002;12C05 12C06 12C07;12;non;ANAST. DÉFÉRENTODÉFÉRENTIELLE AB. SCROTAL
JHCA004;12C03 21C05;12 21;non;SUTURE RUPTURE DES CORPS CAV. PÉNIS
JHCA005;12C05 12C06 12C07;12;non;ANAST. ÉPIDIDYMODÉFÉRENTIELLE AB. SCROTAL
JHCA006;12C05 12C06 12C07 21C05;12 21;non;SUTURE RUPTURE TESTICULE AB. SCROTAL
JHCA007;05C06 05C10 05C11 12C03 21C05;05 12 21;non;ARTÉRIALISATION DES CORPS CAV. PÉNIS AB. DIRECT
JHDA001;12C05 12C06 12C07;12;non;ORCHIDOPEXIE AB. SCROTAL
JHEA001;12C05 12C06 12C07;12;non;FIXATION ECTOPIE TESTIC AB. INGUINAL +AB. SCROTAL
JHEA002;12C05 12C06 12C07;12;non;ABAISST +FIXATION 1TESTICULE ECTOPIQUE PALPABLE AB.
JHEA003;12C08;12;oui;RÉDUC. CHIR. 1PARAPHIMOSIS
JHEA004;12C05 12C06 12C07;12;non;FIXATION ECTOPIE TESTIC COELIO. +AB. INGUINOSCROTAL
JHEA005;11C06 11C07 12C03 21C05;11 12 21;non;RÉIMPLANT. PÉNIS
JHEA006;12C03;12;non;REDRESSEMENT PÉNIS DISSECTION VENTRALE +PLICATURE
JHEA007;12C03;12;non;REDRESSEMENT PÉNIS PLICATURE-EXCISION DES CORPS CAV.
JHEA008;12C03;12;non;REDRESSMT PÉNIS +EXCISION PLAQUE SCLÉROSE ALBUGINÉE
JHEA009;12C05 12C06 12C07;12;non;DÉTORSION CORDON SPERM/EXÉRÈSE ANNEX TESTIC AB.
JHEA010;12C05 12C06 12C07;12;non;DÉTORSION CORDON SPERM. +ORCHIDOPEXIE AB. DIRECT
JHEA011;12C03;12;non;DÉROTATION CHIR. PÉNIS
JHEA012;12C05 12C06 12C07;12;non;GREF. TESTICULE
JHFA001;12C05 12C06 12C07;12;non;EXÉRÈSE 1KYSTE CORDON SPERM. CHEZ ADULTE AB.
JHFA002;12C05 12C06 12C07 21C05;12 21;non;RÉSEC. PLAST/EXÉRÈSE SCROTUM
JHFA003;12C05 12C06 12C07;12;non;ORCHIDECTOMIE PR CRYPTORCHIDIE ABD. LAPARO
JHFA004;12C05 12C06 12C07;12;non;EXÉRÈSE 1KYSTE ÉPIDIDYME AB. SCROTAL
JHFA005;12C05 12C06 12C07 21C05;12 21;non;ORCHIDECTOMIE AB. INGUINAL
JHFA006;12C05 12C06 12C07 21C05;12 21;non;ORCHIDECTOMIE +PROTH. TESTICULAIRE AB. INGUINAL
JHFA007;11C06 11C07 12C03;11 12;non;EXÉRÈSE LÉS. DES CORPS CAV. PÉNIS
JHFA008;12C05 12C06 12C07 21C05;12 21;non;ORCHIDECTOMIE ÉLARGIE AU CORDON SPERM. AB. INGUINAL
JHFA009;12C08;12;oui;POSTHECTOMIE
JHFA010;12C05 12C06 12C07 21C05;12 21;non;PULPECTOMIE TESTICULAIRE AB. SCROTAL
JHFA011;12C03 17C06;12 17;non;AMPUT. TOT. PÉNIS
JHFA012;12C05 12C06 12C07 21C05;12 21;non;EXÉRÈSE LÉS. TESTICULE AB. SCROTAL
JHFA013;12C05 12C06 12C07;12;non;RÉSEC. TUNIQUE VAG. TESTICULE AB. SCROTAL
JHFA014;12C05 12C06 12C07;12;non;ÉPIDIDYMECTOMIE AB. SCROTAL
JHFA016;12C03 17C07 22C03;12 17 22;non;AMPUT. PART. PÉNIS
JHFA017;12C05 12C06 12C07 21C05;12 21;non;ORCHIDECTOMIE AB. SCROTAL
JHFA018;11C06 11C07 12C03;11 12;non;EXÉRÈSE LÉS. PEAU PÉNIS GLAND +/- SILLON
JHFA019;12C05 12C06 12C07;12;non;RÉSEC. 1HYDROCÈLE ABD.SCROT LAPARO/AB. INGUINAL
JHFC001;12C05 12C06 12C07 21C05;12 21;non;ORCHIDECTOMIE PR CRYPTORCHIDIE ABD. COELIO.
JHGA001;12C03 17C07 21C05;12 17 21;non;ABL. 1PROTH. PÉNIENNE HYDRAULIQUE +COMPOSANT
JHGA002;12C05 12C06 12C07 21C05;12 21;non;ABL. 1PROTH. TESTICULE
JHGA003;12C03 17C07 21C05;12 17 21;non;ABL. 1PROTH. PÉNIENNE SANS COMPOSANT EXTRACAV.
JHJA001;12C05 12C06 12C07;12;non;ÉVAC/M.À.PLAT ABCÈS SCROTUM AB. DIRECT
JHKA002;09C09 09C25 12C05 12C06 12C07 21C05;09 12 21;non;CHANGT 1PROTH. TESTICULE AB. INGUINAL
JHKA003;12C03 17C07 21C05;12 17 21;non;CHANGT 1PROTH. PÉNIENNE HYDRAULIQUE SANS
JHKA004;12C03 17C07 21C05;12 17 21;non;CHANGT 1PROTH. PÉNIENNE HYDRAULIQUE +COMPOSANT
JHLA001;12C03 13C04;12 13;non;ARMATURE 1NÉOPÉNIS
JHLA002;12C03 17C07;12 17;non;POSE 1PROTH. PÉNIENNE HYDRAULIQUE SANS
JHLA003;12C03 17C07;12 17;non;POSE 1PROTH. PÉNIENNE RIGIDE/SEMIRIGIDE
JHLA004;12C03 17C07;12 17;non;POSE 1PROTH. PÉNIENNE HYDRAULIQUE +COMPOSANT
JHLA005;09C09 09C25 12C05 12C06 12C07;09 12;non;POSE 1PROTH. TESTICULE AB. INGUINAL
JHMA001;12C08;12;oui;PLASTIE PRÉPUCE PÉNIS
JHMA002;12C03;12;non;RECONSTR. PEAU PÉNIS GREF. CUT.
JHMA003;12C08;12;non;RECONSTR. PRÉPUCE PÉNIS
JHMA004;12C03 13C04;12 13;non;PHALLOPLASTIE LAMBEAU CUT. TUB. PÉNIEN
JHMA005;12C05 12C06 12C07;12;non;PLASTIE SCROTUM PR ÉLÉPHANTIASIS
JHMA006;12C05 12C06 12C07;12;non;CONFECTION 1SPERMATOCÈLE
JHMA007;12C03 13C04 17C07;12 13 17;non;PHALLOPLASTIE LAMBEAU LIBRE
JHMA008;12C03 13C04 17C07;12 13 17;non;PHALLOPLASTIE LAMBEAU INGUINAL PÉD.
JHMB001;12C03;12;non;CRÉATION FISTULE SPONGIOCAVERNEUSE TRANSCUT.
JHPA001;12C08;12;oui;SECTION/PLASTIE FREIN PRÉPUCE PÉNIS
JHPA002;11C06 11C07 12C03;11 12;non;DÉSENFOUISSEMENT PÉNIS FIXATION DES FASCIAS
JHPA003;12C08;12;oui;LIBÉR. ADHÉR. PRÉPUCE PÉNIS
JHQA001;12C05 12C06 12C07;12;non;EXPLO. CONTENU SCROTAL AB. INGUINAL
JHQA002;12C05 12C06 12C07;12;non;EXPLO. CONTENU SCROTAL SANS BIOPSIE AB. SCROTAL
JHQA003;12C05 12C06 12C07;12;non;EXPLO. CONTENU SCROTAL +BIOPSIE AB. SCROTAL
JHQP001;23K02;23;non;MESURE NOCTURNE TUMESCENCE +RIGIDITÉ PÉNIS
JHSA001;12C13;12;non;LIGATURE SECTION/RÉSEC. CONDUIT DÉFÉRENT AB.
JHSA002;12C03;12;non;FERM. FISTULE SPONGIOCAVERNEUSE PÉNIS
JHSB001;12C13;12;non;LIGATURE SECTION/RÉSEC. CONDUIT DÉFÉRENT TRANSCUT.
JJCA001;13C05 13C06 13C07 13C18 13C19 17C07;13 17;non;SALPINGONÉOSTOMIE/FIMBRIOPLASTIE LAPARO
JJCA002;13C04;13;non;SUTURE DÉCHIRURE LIG. LARGE LAPARO
JJCA003;13C05 13C06 13C07 13C18 13C19 17C07;13 17;non;ANAST TUBOTUBAIRE UNILAT OU BILAT LAPARO
JJCC001;13C05 13C06 13C07 13C18 13C19;13;non;SALPINGONÉOSTOMIE/FIMBRIOPLASTIE COELIO.
JJCC002;13C05 13C06 13C07 13C18 13C19;13;non;MICROPERFORAT UNILAT OU BILAT OVAIRE PÉLYCOSCOPIE
JJCC003;13C05 13C06 13C07 13C18 13C19;13;non;MICROPERFORAT UNILAT OU BILAT OVAIRE COELIO
JJCC004;13C05 13C06 13C07 13C18 13C19;13;non;ANAST TUBOTUBAIRE UNILAT OU BILAT COELIO
JJEA001;13C05 13C06 13C07 13C18 13C19 17C07;13 17;non;DÉTORSION ANNEXE LAPARO
JJEA002;10C08 13C05 13C06 13C07 13C18 13C19;10 13;non;TRANSPOSITION BILAT. OVAIRE LAPARO
JJEA003;10C08 13C05 13C06 13C07 13C18 13C19;10 13;non;TRANSPOSITION UNILAT. OVAIRE LAPARO
JJEC001;13C05 13C06 13C07 13C18 13C19;13;non;DÉTORSION ANNEXE COELIO.
JJEC002;10C08 13C05 13C06 13C07 13C18 13C19;10 13;non;TRANSPOSITION BILAT. OVAIRE COELIO.
JJEC003;10C08 13C05 13C06 13C07 13C18 13C19;10 13;non;TRANSPOSITION UNILAT. OVAIRE COELIO.
JJFA001;14C09 17C07;14 17;non;SALPINGECTOMIE PR G.E.U LAPARO
JJFA002;10C08 13C05 13C06 13C07 13C18 13C19 14C09 17C07;10 13 14 17;non;RÉSEC. PART. OVAIRE LAPARO
JJFA003;10C08 13C05 13C06 13C07 13C18 13C19 17C07;10 13 17;non;OVARIECTOMIE UNILAT. LAPARO
JJFA004;10C08 13C05 13C06 13C07 13C18 13C19 14C09 17C06;10 13 14 17;non;SALPINGOOVARIECTOMIE LAPARO
JJFA005;10C08 13C05 13C06 13C07 13C18 13C19 17C06;10 13 17;non;OVARIECTOMIE BILAT. LAPARO
JJFA006;06C21 10C08 11C08 12C09 12C10 13C13;06 10 11 12 13;non;EXÉRÈSE RELIQUAT EMBRYONNAIRE LIG. LARGE LAPARO
JJFA007;13C05 13C06 13C07 13C18 13C19 14C09 17C06;13 14 17;non;SALPINGECTOMIE TOT. LAPARO
JJFA008;10C08 13C05 13C06 13C07 13C18 13C19 17C07;10 13 17;non;KYSTECTOMIE OVARIENNE LAPARO
JJFA010;10C08 13C05 13C06 13C07 13C18 13C19 17C07;10 13 17;non;KYSTECTOMIE OVARIENNE TRANSPARIÉTALE LAPARO
JJFA050;13C05 13C06 13C07 13C18 13C19 14C09;13 14;non;SALPINGOOVARIECTOMIE AB. VAG
JJFC001;14C09;14;non;SALPINGECTOMIE PR G.E.U COELIO.
JJFC002;06C15 10C08 11C08 12C09 12C10 13C13;06 10 11 12 13;non;EXÉRÈSE RELIQUAT EMBRYONNAIRE LIG. LARGE COELIO.
JJFC003;10C08 13C05 13C06 13C07 13C18 13C19;10 13;non;KYSTECTOMIE OVARIENNE PÉRIT. COELIO.
JJFC004;10C08 13C05 13C06 13C07 13C18 13C19 14C09;10 13 14;non;RÉSEC. PART. OVAIRE COELIO.
JJFC006;13C05 13C06 13C07 13C18 13C19 14C09;13 14;non;SALPINGECTOMIE TOT. COELIO.
JJFC008;10C08 13C05 13C06 13C07 13C18 13C19;10 13;non;OVARIECTOMIE UNILAT. COELIO.
JJFC009;10C08 13C05 13C06 13C07 13C18 13C19;10 13;non;OVARIECTOMIE BILAT. COELIO.
JJFC010;10C08 13C05 13C06 13C07 13C18 13C19 14C09 17C07;10 13 14 17;non;SALPINGOOVARIECTOMIE COELIO.
JJFC011;13C05 13C06 13C07 13C16 13C18 13C19;13;non;PRÉLÈV. OVOCYTES SUR 1/2OVAIRES COELIO.
JJFJ001;13C05 13C06 13C07 13C18 13C19;13;non;PRÉLÈV. OVOCYTES SUR 1/2OVAIRES V.BASSE +GUID ÉCHO
JJJA001;13C05 13C06 13C07 13C18 13C19 14C09 17C06;13 14 17;non;ÉVAC. COLLECTION ANNEXE/LIG. LARGE LAPARO
JJJA002;14C09 17C07;14 17;non;EXPRESSION TUBAIRE G.E.U LAPARO
JJJC001;13C05 13C06 13C07 13C18 13C19 14C09 17C07;13 14 17;non;ÉVAC. COLLECTION ANNEXE/LIG. LARGE COELIO.
JJJC002;14C09;14;non;EXPRESSION TUBAIRE G.E.U COELIO.
JJLE001;11K03 11K04 12K02 12K03 13K02 13K03;11 12 13;non;CATHÉ. RÉTROGRADE TROMPE UT. HYSTÉROSCOPIE
JJPA001;14C09 17C07;14 17;non;SALPINGOTOMIE +ASPI. G.E.U LAPARO
JJPA002;13C05 13C06 13C07 13C18 13C19;13;non;OVARIOTOMIE EXPLO. LAPARO
JJPA003;13C05 13C06 13C07 13C18 13C19 17C07;13 17;non;INTERRUPTION PERMÉABILITÉ DES TROMPES LAPARO
JJPA004;13C05 13C06 13C07 13C18 13C19;13;non;INTERRUPTION PERMÉABILITÉ DES TROMPES AB. VAG.
JJPC001;14C09;14;non;SALPINGOTOMIE +ASPI. G.E.U COELIO.
JJPC002;13C09;13;non;OVARIOTOMIE EXPLO. COELIO.
JJPC003;13C10;13;non;INTERRUPTION PERMÉABILITÉ DES TROMPES COELIO. JJPC004      /0 INTERRUPTION PERMÉABILITÉ DES TROMPES PÉLYCOSCOPIE
JJPC004;;13;non;
JJPE001;11K03 11K04 13K02 13K03;11 13;non;DISPOSITIF INTRATUBAIRE INTERRUPTION PERMÉABILITÉ
JJQC001;13C09 14C09 21C05;13 14 21;non;EXPLO. ANTÉROGRADE TROMPE UT. COELIO.
JKBA001;13C08 21C05;13 21;non;CERCLAGE ISTHME UT. AB. VAG. SF GROSS
JKBA002;13C08 21C05;13 21;non;CERCLAGE ISTHME UT. LAPARO SF GROSS
JKCA001;13C05 13C06 13C07 13C18 13C19 17C07 21C05;13 17 21;non;HYSTÉRORRAPHIE LAPARO
JKCD001;13C08;13;non;SUTURE COL UT.
JKDA001;11C04 11C10 13C04 17C06;11 13 17;non;HYSTÉROPEXIE POST. +CERVICOCYSTOPEXIE DIRECTE AU LIG.
JKDA002;11C04 11C10 13C04 17C06;11 13 17;non;HYSTÉROPEXIE POST +CERVICOCYSTOPEXIE AU LIG.
JKDA003;13C04 17C06;13 17;non;HYSTÉROPEXIE POST. LAPARO
JKDA042;13C04 17C07;13 17;non;HYSTÉROPEXIE ANT LAPARO
JKDC001;13C04 17C07;13 17;non;HYSTÉROPEXIE POST. COELIO.
JKDC015;13C04;13;non;HYSTÉROPEXIE ANT COELIO
JKFA001;13C03 17C06;13 17;non;HYSTÉRECT. PART. +ANNEXECTOMIE +SUSPENSION POST.
JKFA002;13C03 17C07;13 17;non;HYSTÉRECT. TOT. +COLPOPÉRINÉORRAPHIES ANT. +POST.
JKFA003;13C05 13C06 13C07 13C18 13C19;13;non;EXÉRÈSE 1HÉMIUTÉRUS MALFORMÉ LAPARO
JKFA004;13C03 17C06;13 17;non;HYSTÉRECT. TOT. +ANNEXECTOMIE +SUSPENSION POST.
JKFA005;13C03 17C07;13 17;non;HYSTÉRECT. TOT. +ANNEXECTOMIE AB. VAG.
JKFA006;13C03 17C07;13 17;non;HYSTÉRECT. TOT. +ANNEXECTOMIE COELIO. +AB. VAG.
JKFA007;13C03 17C07;13 17;non;HYSTÉRECT. TOT+ANNEXECTOMIE
JKFA008;13C08;13;non;TRACHÉLECTOMIE AB. VAG.
JKFA009;13C08 17C06;13 17;non;TRACHÉLECTOMIE SUR COL RESTANT UT. LAPARO
JKFA011;13C08;13;non;TRACHÉLECTOMIE SUR COL RESTANT UT. AB. VAG.
JKFA012;11C04 11C10 13C03 17C06;11 13 17;non;HYSTÉRECT. PART. +SUSPENSION POST.+CERVICOCYSTOPEXIE
JKFA013;13C03 17C06;13 17;non;HYSTÉRECT. TOT. +SUSPENSION POST. DÔME VAG. LAPARO
JKFA014;13C03 17C06;13 17;non;HYSTÉRECT. PART. +SUSPENSION POST. COL UT. LAPARO
JKFA015;13C03 17C06;13 17;non;HYSTÉRECT. TOT. LAPARO
JKFA016;13C05 13C06 13C07 13C18 13C19 17C07;13 17;non;MYOMECTOMIE UNIQUE UT. LAPARO
JKFA018;13C03 17C07;13 17;non;HYSTÉRECT. TOT. COELIO. +AB. VAG.
JKFA019;13C08 17C06;13 17;non;COLPOTRACHÉLECTOMIE ÉLARGIE AUX PARAMÈTRES
JKFA020;13C14 13C15 17C07;13 17;non;COLPOHYSTÉRECTOMIE TOT. ÉLARGIE AUX PARAMÈTRES
JKFA021;13C03 17C07;13 17;non;HYSTÉRECT. TOT. +ANNEXECTOMIE +COLPOPÉRINÉORRAPHIE
JKFA022;13C05 13C06 13C07 13C18 13C19 17C06;13 17;non;MYOMECTOMIE MULT. UT. LAPARO
JKFA023;13C03 17C07;13 17;non;COLPOHYSTÉRECTOMIE TOT. ÉLARGIE AUX PARAMÈTRES AB.
JKFA024;13C03 17C06;13 17;non;HYSTÉRECT. PART. LAPARO
JKFA025;13C03 17C07;13 17;non;HYSTÉRECT. TOT. +COLPOPÉRINÉORRAPHIE ANT/POST. AB.
JKFA026;13C03 17C07;13 17;non;HYSTÉRECT. TOT. AB. VAG.
JKFA027;13C14 13C15 17C06;13 17;non;COLPOHYSTÉRECTOMIE TOT. ÉLARGIE AUX PARAMÈTRES
JKFA028;13C14 13C15 17C06;13 17;non;HYSTÉRECT. TOT. +ANNEXECTOMIE LAPARO
JKFA029;11C04 11C10 13C03 17C06;11 13 17;non;HYSTÉRECT. PART. +ANNEXECT. +SUSPENS POST.
JKFA030;13C08 17C07;13 17;non;COLPOTRACHÉLECTOMIE ÉLARGIE AUX PARAMÈTRES AB.
JKFA031;13C11 13C12;13;oui;CONISATION COL UT.
JKFA032;13C03 17C06;13 17;non;HYSTÉRECT. PART. +ANNEXECTOMIE LAPARO
JKFA033;13C05 13C06 13C07 13C18 13C19;13;non;MYOMECTOMIE UTÉRUS ABORD VAGINAL
JKFC001;13C05 13C06 13C07 13C18 13C19 17C07;13 17;non;MYOMECTOMIE UT. +HYSTÉROTOMIE COELIO.
JKFC002;13C03 17C07;13 17;non;HYSTÉRECT. PART. COELIO.
JKFC003;13C14 13C15 17C07;13 17;non;HYSTÉRECT. TOT. +ANNEXECTOMIE COELIO.
JKFC004;13C05 13C06 13C07 13C18 13C19 17C06;13 17;non;MYOMECTOMIE UT. SANS HYSTÉROTOMIE COELIO.
JKFC005;13C03 17C07;13 17;non;HYSTÉRECT. TOT. COELIO.
JKFC006;13C03 17C07;13 17;non;HYSTÉRECT. PART. +ANNEXECTOMIE COELIO.
JKFD001;13C05 13C06 13C07 13C18 13C19;13;non;EXÉRÈSE LÉS. PÉD. UT. ACCOUCHÉE COL V. VAG.
JKFD002;13C20;13;non;EXÉRÈSE LÉS. COL UT. V. VAG.
JKFE001;11K03 11K04 12K02 12K03 13K02 13K03;11 12 13;non;POLYPECTOM. UT. HYSTÉROSCOPIE
JKFE002;11K03 11K04 12K02 12K03 13K02 13K03;11 12 13;non;RÉSEC. MYOME UT. HYSTÉROSCOPIE
JKFE003;13C20;13;non;EXÉRÈSE LÉS. COL UT. COLPOSCOPIE
JKGA001;13C05 13C06 13C07 13C18 13C19 21C05;13 21;non;ABL. 1DIU LAPARO
JKGC001;13C13 21C05;13 21;non;ABL. 1DIU COELIO.
JKGD002;13C11 13C12;13;oui;CURETAGE CAV. UT. THÉRAP.
JKGD003;13C11 13C12;13;oui;CURETAGE CAV. UT. DIAG.
JKGE001;11K03 11K04 12K02 12K03 13K02 13K03;11 12 13;non;ABL. 1DIU HYSTÉROSCOPIE
JKGE002;11K03 11K04 12K02 12K03 13K02 13K03;11 12 13;non;ABL. C.E UT. HYSTÉROSCOPIE
JKHA001;13C08;13;oui;BIOPSIE/FROTTIS ENDOMÈTRE SANS HYSTÉROSCOPIE
JKHA002;13C08;13;oui;BIOPSIE COL UT.
JKMA001;13C05 13C06 13C07 13C18 13C19 17C07 21C05;13 17 21;non;HYSTÉROPLASTIE LAPARO
JKMD001;13C08;13;non;STOMATOPLASTIE COL UT.
JKND001;13C11 13C12;13;oui;DESTRUC. MUQ. UT. THERMOCONTACT V. VAG.
JKND002;13C20;13;oui;DESTRUC. LÉS. COL UT. VAG. VULVE PÉRINÉE +RÉGION
JKND003;13C20;13;oui;DESTRUC. LÉS. COL UT. COLPOSCOPIE LASER
JKND004;13C20;13;oui;DESTRUC. LÉS. COL UT. COLPOSCOPIE SANS LASER
JKNE001;11K03 11K04 12K02 12K03 13K02 13K03;11 12 13;non;ABRASION MUQ. UT. HYSTÉROSCOPIE
JKNL001;17K08 28Z10;17 28;non;CURIETHÉR. UT.VAG. À BAS DÉBIT +PROJECTEUR DOSI 3D
JKNL002;17K08 28Z10;17 28;non;CURIETHÉR. UT.VAG. À PULSÉ DOSI 3D SCAN. +/-IRM
JKNL003;17K08 28Z10;17 28;non;CURIETHÉR. UT.VAG. À BAS DÉBIT DOSI 2D RADIO
JKNL004;17K08 28Z10;17 28;non;CURIETHÉR. UT.VAG. À BAS DÉBIT +PROJECTEUR DOSI 2D
JKNL005;17K08 28Z10;17 28;non;CURIETHÉR. UT.VAG. À BAS DÉBIT DOSI 3D SCAN. +/-IRM
JKNL006;17K08 28Z10;17 28;non;CURIETHÉR. UT.VAG. À PULSÉ DOSI 2D RADIO
JKPC001;13C05 13C06 13C07 13C18 13C19;13;non;SECTION +/- DESTRUC. SYNÉCHIES UT. HYSTÉROSCOPIE
JKPD001;13C08 21C05;13 21;non;LIBÉR. 1STÉNOSE RÉCENTE +TOT. COL UT.
JKPD002;13C05 13C06 13C07 13C18 13C19;13;non;SECTION +/- DESTRUC. SYNÉCHIES UT. V. VAG.
JKPE001;11K03 11K04 12K02 12K03 13K02 13K03;11 12 13;non;SECTION/RÉSEC. CLOISON UT. HYSTÉROSCOPIE
JKPE002;11K03 11K04 12K02 12K03 13K02 13K03;11 12 13;non;SECTION +/- DESTRUC. SYNÉCHIES UT. HYSTÉROSCOPIE
JKPJ001;11K03 11K04 12K02 12K03 13K02 13K03;11 12 13;non;SECTION +/- DESTRUC. SYNÉCHIES UT. HYSTÉROSCOPIE
JKPJ002;13C05 13C06 13C07 13C18 13C19;13;non;SECTION/RÉSEC. CLOISON UT. V. VAG. +GUID ÉCHO
JKQE001;11K05 11K06 12K02 12K03 13K04 13K05;11 12 13;non;HYSTÉROSCOPIE +CURETAGE CAV. UT.
JKQE002;11K05 11K06 12K02 12K03 13K04 13K05;11 12 13;non;HYSTÉROSCOPIE
JLCA001;06C14 13C04 17C07;06 13 17;non;COLPOPÉRINÉORRAPHIE POST. +RÉFECTION CANAL +SPHINCT.
JLCA002;06C14 13C04;06 13;non;COLPOPÉRINÉORRAPHIE POST. +RÉFECTION SPHINCT. ANUS
JLCA003;06C15 11C04 11C10 13C04 17C07;06 11 13 17;non;COLPOPÉRINÉORRAPHIE ANT. +POST. +TRACHÉLECTOMIE
JLCA004;06C15 13C04 17C07;06 13 17;non;COLPOPÉRINÉORRAPHIE POST.
JLCA005;06C15 11C04 11C10 13C04 17C07;06 11 13 17;non;COLPOPÉRINÉORRAPHIE ANT. +POST.
JLCA006;13C08;13;non;ANAST. UT.VAG/VAG.VAG PR MALF. UT.VAG.
JLCA007;11C04 11C10 13C04;11 13;non;COLPOPÉRINÉORRAPHIE ANT.
JLCA008;13C08 21C05;13 21;non;SUTURE VAG.
JLCA009;06C15 13C04 17C07;06 13 17;non;COLPOPÉRINÉORRAPHIE POST. +RÉSEC. ÉLYTROCÈLE AB.
JLDA001;13C04 17C06;13 17;non;SUSPENSION DÔME VAG. LAPARO
JLDA002;13C04 17C07;13 17;non;SUSPENSION DÔME VAG. AB. VAG.
JLDA003;11C04 11C10 13C04 17C07;11 13 17;non;SUSPENSION DÔME VAG+CERVICOCYSTOPEXIE BANDELETTE
JLDA004;11C04 11C10 13C04 17C06;11 13 17;non;SUSPENSION DÔME VAG+CERVICOCYSTOPEXIE INDIRECTE
JLDC015;13C04 17C07;13 17;non;SUSPENSION DÔME VAG. COELIO
JLFA002;13C08;13;oui;EXÉRÈSE LÉS. VAG.
JLFA003;13C04 17C06;13 17;non;COLPECTOMIE PART/TOT. LAPARO
JLFA004;13C04 17C07;13 17;non;COLPECTOMIE PART/TOT. AB. VAG.
JLFD001;13C08;13;non;HYMÉNECTOMIE/HYMÉNOTOMIE
JLFD002;13C08;13;non;RÉSEC. CLOISON LONGITUDINALE VAG.
JLJA002;11C08 13C08;11 13;non;ÉVAC. COLLECTION PARAVAGINALE COLPOTOMIE LAT.
JLJD001;13C08;13;non;DRAINAGE 1HÉMATOCOLPOS/1HYDROCOLPOS
JLMA001;13C08 17C06;13 17;non;CRÉATION 1NÉOVAGIN CLIVAGE INTERVÉSICORECTAL
JLMA002;13C08 17C07;13 17;non;CRÉATION 1NÉOVAGIN CLIVAGE INTERVÉSICORECTAL AB
JLMA003;13C08 17C07;13 17;non;CRÉATION 1NÉOVAGIN CLIVAGE INTERVÉSICORECTAL COELIO.
JLMA004;13C08 17C06;13 17;non;CRÉATION 1NÉOVAGIN GREF. INTEST. LAPARO
JLMA005;13C08;13;non;CRÉATION 1NÉOVAGIN POSE DISPOSITIF TRACTION PROGR.
JLMC001;13C08 17C06;13 17;non;CRÉATION 1NÉOVAGIN POSE DISPOSITIF TRACTION PROGR.
JLMD001;13C08;13;non;RÉPAR. HYMEN
JLND001;13C08;13;oui;DESTRUC. LÉS. VAG. SANS LASER
JLND002;13C08;13;oui;DESTRUC. LÉS. VAG. LASER
JLNL001;17K08 28Z10;17 28;non;CURIETHÉR. VAG. À BAS DÉBIT DOSI 1D
JLNL002;17K08 28Z10 28Z22;17 28;non;CURIETHÉR. VAG. À HT DÉBIT DOSE +DOSI 2D
JLNL003;17K08 28Z10;17 28;non;CURIETHÉR. VAG. À BAS DÉBIT +PROJECTEUR DOSI 2D
JLNL004;17K08 28Z10;17 28;non;CURIETHÉR. VAG. À BAS DÉBIT +PROJECTEUR DOSI 1D
JLNL005;17K08 28Z10;17 28;non;CURIETHÉR. VAG. À BAS DÉBIT DOSI 2D RADIO
JLNL006;17K08 28Z10;17 28;non;CURIETHÉR. VAG. À PULSÉ DOSI 2D RADIO
JLNL007;17K08 28Z10;17 28;non;CURIETHÉR. VAG. À PULSÉ DOSI 1D
JLNL008;17K08 28Z10 28Z22;17 28;non;CURIETHÉR. VAG. À HT DÉBIT DOSE DOSI 1D
JLQE001;11K05 11K06 12K02 12K03 13K04 13K05;11 12 13;non;VAGINOSCOPIE
JLSD001;13C04 17C07;13 17;non;FERM. VAG.
JMBA001;11C04 11C10 13C17;11 13;non;PLICATURE INFRA-URÉTRALE AB. VAG.
JMCA001;17C07;17;non;SUTURE DÉCHIRURE OBST. PÉRINÉE +LÉS. RECTUM
JMCA003;17C07;17;non;SUTURE DÉCHIRURE OBST. PÉRINÉE +LÉS. SPHINCT. ANUS
JMCA004;17C07;17;non;SUTURE DÉCHIRURE OBST. PÉRINÉE +LÉS. VESSIE/UR.
JMCA005;13C08 21C05;13 21;non;SUTURE VULVE
JMCA006;06C14 09C08 09C13 09C25 13C08 17C07 21C05;06 09 13 17 21;oui;SUTURE VULVE +ANUS SANS SUTURE SPHINCT. ANUS
JMDA001;11C04 11C10 13C17;11 13;non;SOUTÈNEMENT VÉS. MYOPLASTIE INFRA-URÉTRALE AB. VAG.
JMEA001;13C08;13;non;TRANSPOSITION CLITORIS
JMEA002;13C08;13;non;LAMBEAU NEUROVASC. PÉD. CLITORIS
JMFA001;09C25 09C33 09C34 13C08;09 13;non;EXÉRÈSE GLDE BARTHOLIN
JMFA002;09C25 09C33 09C34 13C08;09 13;non;EXÉRÈSE LÉS. VULVOPÉRINÉALE
JMFA003;13C08;13;non;VULVECTOMIE PART. SANS CURAGE GGL.
JMFA004;13C14 13C15 17C06;13 17;non;VULVECTOMIE TOT. +CURAGE INGUINAL +ILIAQ BILAT.
JMFA005;13C14 13C15 17C06;13 17;non;VULVECTOMIE TOT. +CURAGE INGUINAL UNILAT.
JMFA006;13C08;13;non;AMPUT. CLITORIS
JMFA007;09C23 09C33 09C34 13C14 13C15 17C06;09 13 17;non;VULVECTOMIE TOT. SANS CURAGE GGL.
JMFA008;13C14 13C15 17C06;13 17;non;VULVECTOMIE PART. +CURAGE INGUINAL UNILAT.
JMFA009;13C14 13C15 17C06;13 17;non;VULVECTOMIE TOT. +CURAGE INGUINAL BILAT.
JMFA010;13C14 13C15 17C06;13 17;non;VULVECTOMIE TOT. +CURAGE INGUINAL +ILIAQ UNILAT.
JMMA001;13C08;13;non;VESTIBULOPLASTIE +ENFOUISSEMENT/RÉSEC. CLITORIS PR
JMMA002;13C08 21C05;13 21;non;VULVOPÉRINÉOPLASTIE
JMMA004;13C08;13;non;CLITORIDOPLASTIE RÉDUC.
JMMA005;09C25 09C33 09C34 13C08;09 13;non;NYMPHOPLASTIE RÉDUC.
JMPA001;13C08;13;non;INCISION GLDE BARTHOLIN
JMPA002;09C25 09C33 09C34 13C08;09 13;non;PÉRINÉOTOMIE MÉDIANE SANS LAMBEAU PÉRINÉAL PR ÉLARGT
JMPA003;13C08 21C05;13 21;non;LIBÉR. CHIR. ADHÉR. VULVE
JMPA004;09C25 09C33 09C34 13C08;09 13;non;PÉRINÉOTOMIE MÉDIANE +LAMBEAU PÉRINÉAL
JMPA005;13C08;13;non;INCISION COLLECTION VULVOPÉRINÉALE
JMPA006;;14;non;
JNCA001;17C07;17;non;SUTURE DÉCHIRURE OBST. COL UT.
JNCA002;17C06;17;non;SUTURE CORPS UT. PR RUPTURE OBST. LAPARO
JNED001;;14;non;
JNFA001;13C03 17C06;13 17;non;HYSTÉRECT. PR COMPLIC. OBST. LAPARO
JNJD001;14C05;14;non;ÉVAC. UT. GRAVIDE 2ÈME TRIM. GROSS
JNJD002;14C05;14;non;ÉVAC. UT. GRAVIDE ASPI. +/- CURETAGE 1ER TRIM.
JNMD001;14C05;14;non;RÉVISION CAV. UT. APRÈS AVORT.
JQED001;;14;non;
JQED002;;14;non;
JQGA001;14C09 17C07;14 17;non;EXTR. G.E.U ABD. >13SA LAPARO
JQGA002;14C03 14C06 14C07 14C08 14Z10 14Z11 14Z12 14Z13 14Z14 17C06;14 17;non;ACCOUCHT CÉSARIENNE PROGRAM. LAPARO
JQGA003;14C03 14C06 14C07 14C08 14Z10 14Z11 14Z12 14Z13 14Z14 17C06;14 17;non;ACCOUCHT CÉSARIENNE PDT TRAVAIL LAPARO
JQGA004;14C03 14C06 14C07 14C08 14Z10 14Z11 14Z12 14Z13 14Z14 17C06;14 17;non;ACCOUCHT CÉSARIENNE URGENCE SF TRAVAIL LAPARO
JQGA005;14C03 14C06 14C07 14C08 14Z10 14Z11 14Z12 14Z13 14Z14 17C06;14 17;non;ACCOUCHT CÉSARIENNE AB. VAG.
JQGD001;14C03 14C06 14C07 14C08 14Z10 14Z11 14Z12 14Z13 14Z14;14;non;SIÈGE CHEZ 1MULTIPARE
JQGD002;14C03 14C06 14C07 14C08 14Z10 14Z11 14Z12 14Z13 14Z14;14;non;ACCOUCHT MULT. V. NATURELLE CHEZ 1PRIMIPARE
JQGD003;14C03 14C06 14C07 14C08 14Z10 14Z11 14Z12 14Z13 14Z14;14;non;SIÈGE +PT EXTR. CHEZ 1PRIMIPARE
JQGD004;14C03 14C06 14C07 14C08 14Z10 14Z11 14Z12 14Z13 14Z14;14;non;SIÈGE CHEZ 1PRIMIPARE
JQGD005;14C03 14C06 14C07 14C08 14Z10 14Z11 14Z12 14Z13 14Z14;14;non;SIÈGE +GDE EXTR. CHEZ 1MULTIPARE
JQGD006;;14;non;
JQGD007;14C03 14C06 14C07 14C08 14Z10 14Z11 14Z12 14Z13 14Z14;14;non;ACCOUCHT MULT. V. NATURELLE CHEZ 1MULTIPARE
JQGD008;14C03 14C06 14C07 14C08 14Z10 14Z11 14Z12 14Z13 14Z14;14;non;SIÈGE +PT EXTR. CHEZ 1MULTIPARE
JQGD009;;14;non;
JQGD010;14C03 14C06 14C07 14C08 14Z10 14Z11 14Z12 14Z13 14Z14;14;non;ACCOUCHT CÉPHALIQUE UNIQUE V. NATURELLE CHEZ
JQGD011;;14;non;
JQGD012;14C03 14C06 14C07 14C08 14Z10 14Z11 14Z12 14Z13 14Z14;14;non;ACCOUCHT CÉPHALIQUE UNIQUE V. NATURELLE CHEZ
JQGD013;14C03 14C06 14C07 14C08 14Z10 14Z11 14Z12 14Z13 14Z14;14;non;SIÈGE +GDE EXTR. CHEZ 1PRIMIPARE
JQGD014;14C05;14;non;EXTR. SÉLECT. FOETUS PDT 1GROSS MULT.
JQHB001;;14;non;
JRGA001;11C04 11C10 13C17 21C05;11 13 21;non;ABL. 1BANDELETTE SYNTHÉTIQUE INFRA-URÉTRALE AB. VAG.
JRGA002;11C04 11C10 13C17 17C07 21C05;11 13 17 21;non;ABL. PART. 1BANDELETTE SYNTHÉTIQUE INFRA-URÉTRALE
JRGA003;11C04 11C10 13C17 17C07 21C05;11 13 17 21;non;ABL. TOT. 1BANDELETTE SYNTHÉTIQUE INFRA-URÉTRALE
JRGA004;11C04 11C10 13C17 17C07 21C05;11 13 17 21;non;ABL. TOT. 1BANDELETTE SYNTHÉTIQUE INFRA-URÉTRALE
JRGC001;11C04 11C10 13C17 17C07 21C05;11 13 17 21;non;ABL. PART. 1BANDELETTE SYNTHÉTIQUE INFRA-URÉTRALE
JRPA001;11C04 11C10 13C17 21C05;11 13 21;non;SECTION 1BANDELETTE SYNTHÉTIQUE INFRA-URÉTRALE AB.
JSEC001;13C05 13C06 13C07 13C18 13C19;13;non;TRANSFERT INTRATUBAIRE EMBRYON COELIO.
JVJB001;11K02;11;non;SÉANCE DIALYSE DP PR IRC
JVJB002;11K02;11;non;ÉPURATION EXTRARÉNALE DIALYSE PÉRIT. PR IRA/24H
JVJF002;11K02;11;non;HÉMODIALYSE H.FILTR DISCONT. PR IRA/24H
JVJF003;11K02;11;non;SÉANCE ÉPURATION EXTRARÉNALE HÉMOPERFUSION
JVJF004;11K02;11;non;SÉANCE HÉMODIALYSE PR IRC
JVJF005;11K02;11;non;HÉMODIALYSE H.FILTR CONT. PR IRA/24H
JVJF006;11K02;11;non;HÉMODIALYSE/HÉMOFILTRATION DISCONTINUE PR IRA CHEZ
JVJF007;11K02;11;non;HÉMODIALYSE/HÉMOFILTRATION CONTINUE PR IRA CHEZ
JVJF008;11K02;11;non;SÉANCE H.FILTR PR IRC
JVRP004;11K02 28Z03;11 28;non;SÉANCE ENTRAÎNEMENT À HÉMODIALYSE
JVRP007;11K02 28Z01;11 28;non;SÉANCE ENTRAÎNEMENT À DIALYSE PÉRIT. AUTOMATISÉE
JVRP008;11K02 28Z02;11 28;non;SÉANCE ENTRAÎNEMENT À DIALYSE PÉRIT. CONTINUE
JZMA001;12C03 17C06;12 17;non;PLASTIE DES ORG. GÉNITAUX EXT. PR TRANSSEXUALISME
JZMA002;13C08 17C06;13 17;non;FÉMINISATION UR.PLAST+VAG.PLAST+VESTIBULOPLASTIE
JZMA003;13C08 17C06;13 17;non;FÉMINISATION UR.PLAST +VESTIBULOPLASTIE
JZQE001;11K05 11K06 12K02 12K03 13K04 13K05;11 12 13;non;EXPLO. ENDOS. 1MALF. CLOACALE
KAFA001;01C03 01C04 01C11 01C12 08C21 10C02 17C06;01 08 10 17;non;EXÉRÈSE LÉS. LOGE HYPOPHYSAIRE AB.
KAFA002;01C03 01C04 01C11 01C12 08C21 10C02 17C06;01 08 10 17;non;EXÉRÈSE LÉS. LOGE HYPOPHYSAIRE CRANIOT.
KAFE900;01C03 01C04 01C11 01C12 08C21 08C61 10C02 17C06;01 08 10 17;non;EXÉRÈSE LÉS. LOGE HYPOPHYSAIRE VIDÉOCHIRURGIE
KANB001;01C03 01C04 01C11 01C12 10C02 17C06;01 10 17;non;HYPOPHYSIOLYSE FCT V. TRANSSPHÉNOÏDALE
KBFA001;01C03 01C04 01C11 01C12 10C02 17C06;01 10 17;non;EXÉRÈSE LÉS. RÉGION PINÉALE CRANIOT.
KCFA001;10C11 10C12 17C07;10 17;non;LOBECTOMIE UNILAT. GLD THYROÏDE CERV.TOMIE
KCFA002;10C11 10C12 17C07;10 17;non;THYROÏDECTOMIE TOT. +RÉSEC. PART. CART. LARYNX
KCFA003;10C11 10C12 17C07;10 17;non;THYROÏDECTOMIE TOT. +RÉSEC. NON INTERRUPTRICE
KCFA004;10C11 10C12;10;non;ISTHMECTOMIE GLD THYROÏDE CERV.TOMIE
KCFA005;10C11 10C12 17C07;10 17;non;THYROÏDECTOMIE TOT. CERV.TOMIE
KCFA006;10C11 10C12 17C07 21C05;10 17 21;non;THYROÏDECTOMIE TOT. +RÉSEC. INTERRUPTRICE +ANAST.
KCFA007;10C11 10C12 17C07;10 17;non;THYROÏDECTOMIE TOT. CERV.THOR.TOMIE
KCFA008;10C11 10C12 17C07;10 17;non;LOBO-ISTHMECTOMIE UNILAT. GLD THYROÏDE CERV.TOMIE
KCFA009;10C11 10C12 17C07;10 17;non;THYROÏDECTOMIE PART. CERV.THOR.TOMIE
KCFA010;10C11 10C12 17C07;10 17;non;THYROÏDECTOMIE PART. CERV.TOMIE
KCFA011;03C16 03C17 03C29 10C07;03 10;non;EXÉRÈSE 1KYSTE TRACTUS THYRÉOGLOSSE
KCGA001;10C11 10C12;10;non;ÉNUCLÉATION NODULE GLD THYROÏDE CERV.TOMIE
KCJA001;03C16 03C17 03C29 09C25 09C33 09C34 10C11 10C12 17C07 21C05;03 09 10 17 21;non;ÉVAC. COLLECTION LOGE THYROÏDIENNE CERV.TOMIE
KCMA001;10C11 10C12;10;non;TOTALISATION IIRE THYROÏDECTOMIE CERV.TOMIE
KCNL003;17K09;17 28;non;IRRAD. INT. GLD THYROÏDE INJ. I131À 1DOSE < 1GBQ
KCNL004;17K09;17 28;non;IRRAD. INT. GLD THYROÏDE INJ. I131À 1DOSE SUP. À 1GBQ
KDEA001;10C05 11C08;10 11;non;RÉIMPLANT. IIRE PARATHYROÏDE
KDFA001;10C05 11C08 17C07;10 11 17;non;PARATHYROÏDECTOMIE TOT. +RÉIMPLANT. IMMÉDIATE
KDFA002;10C05 11C08;10 11;non;PARATHYROÏDECTOMIE UNIQUE SANS EXPLO. AUTR
KDFA003;10C05 11C08;10 11;non;EXÉRÈSE TISSU PARATHYROÏDIEN PRÉALABLEMENT
KDFC001;10C05 11C08;10 11;non;PARATHYROÏDECTOMIE UNIQUE SANS EXPLO. AUTR
KDQA001;10C05 11C08;10 11;non;EXPLO. DES SITES PARATHYROÏDIENS CERV. CERV.TOMIE
KDQA002;10C05 11C08 17C07;10 11 17;non;EXPLO. DES SITES PARATHYROÏDIENS MÉDIAST. THOR.TOMIE
KDQA003;10C05 11C08;10 11;non;EXPLO. PARATHYR. CERV.THOR.TOMIE
KDQC002;10C05 11C08 17C07;10 11 17;non;EXPLO. DES SITES PARATHYROÏDIENS MÉDIAST.
KDQC900;10C05 11C08;10 11;non;EXPLO. DES SITES PARATHYROÏDIENS CERV. CERV.SCOPIE
KEFA001;10C03 17C06;10 17;non;SURRÉNALECTOMIE TOT. PR PHÉOCHR. AB. DIRECT
KEFA002;10C03 17C06;10 17;non;SURRÉNALECTOMIE AB. DIRECT
KEFC001;10C03 17C06;10 17;non;SURRÉNALECTOMIE TOT. PR PHÉOCHR. COELIO
KEFC002;10C03 17C07;10 17;non;SURRÉNALECTOMIE COELIO
KFFA001;01C08 03C16 03C17 03C29 08C21 17C07;01 03 08 17;non;EXÉRÈSE T. PARAPHARYNGIENNE CERV.TOMIE
KZFA001;10C08 17C06;10 17;non;EXÉRÈSE T. ENDOCR. ABDO. ECTOPIQUE LAPARO
KZFC001;10C08 17C07;10 17;non;EXÉRÈSE T. ENDOCR. ABDO. ECTOPIQUE COELIO.
LABA001;03C19 08C28 17C07 21C05;03 08 17 21;non;APPOSITION MODELANTE ÉTAGE SUP. FACE AB. CORONAL
LABA002;03K02;03;non;DÉSÉPAISSISSEMENT DES TISSUS RECOUVREMENT 1SITE
LABA003;03C19 08C28 21C05;03 08 21;non;APPOSITION MODELANTE ÉTAGE SUP. FACE AB. FACIAL
LABA004;03C19 08C28 21C05;03 08 21;non;APPOSITION MODELANTE ÉTAGE MOY. FACE AB. DIRECT
LACA001;02C03 03C16 03C17 03C29 08C28 21C05;02 03 08 21;non;O.S FRAC. BORD INFRAORBITAIRE À FOYER OUV.
LACA002;03C16 03C17 03C29 08C28 21C05;03 08 21;non;O.S FRAC. OS ZYG. À FOYER OUV.
LACA003;02C03 03C16 03C17 03C29 08C28 08C61 17C07 21C05;02 03 08 17 21;non;O.S FRAC. OS ZYG. +RÉFECTION PLANCHER ORBITE AB. DIRECT
LACA004;01C08 03C06 03C07 08C28 08C61 17C07 21C05;01 03 08 17 21;non;O.S FRAC. ANT. SINUS FRONTAL AB. CORONAL
LACA005;01C03 01C04 01C11 01C12 02C03 03C16 03C17 03C29 08C28 08C61 17C06 21C05;01 02 03 08 17 21;non;O.S FRAC. NASO-ETHMOÏDO-MAXILLO-FRONTO-ORBITAIRE AB.
LACA006;03C16 03C17 03C29 08C28 17C07 21C05;03 08 17 21;non;O.S FRAC. FRONTONASALE À FOYER OUV. AB. CORONAL
LACA007;03C16 03C17 03C29 08C28 08C61 17C07 21C05;03 08 17 21;non;O.S FRAC. LAT.FAC MULT. À FOYER OUV. AB. FACIAL
LACA008;02C03 03C16 03C17 03C29 08C28 17C07 21C05;02 03 08 17 21;non;O.S FRAC. LAT.FAC MULT. À FOYER OUV. AB. CORONAL
LACA009;01C03 01C04 01C11 01C12 03C16 03C17 03C29 08C28 17C07 21C05;01 03 08 17 21;non;O.S FRAC. FRONT-N-MAXIL AB. FACIAL +CANTHOPEXIE
LACA010;03C16 03C17 03C29 08C28 17C07 21C05;03 08 17 21;non;O.S FRAC. FRONTONASALE À FOYER OUV. AB. FACIAL
LACA011;03C16 03C17 03C29 08C28 08C61 17C06 21C05;03 08 17 21;non;O.S FRAC. FRONT-N-MAXIL AB. CORONAL
LACA012;01C03 01C04 01C11 01C12 08C28 08C61 17C06 21C05;01 08 17 21;non;O.S 1EMBARRURE CRÂNE
LACA013;03C16 03C17 03C29 08C28 17C07 21C05;03 08 17 21;non;O.S FRAC. FRONT-N-MAXIL AB. FACIAL
LACA014;01C08 03C06 03C07 08C28 17C07 21C05;01 03 08 17 21;non;O.S FRAC. BILAT. ANT. SINUS FRONTAL AB. CORONAL
LACA015;01C08 03C06 03C07 08C28 08C61 17C07 21C05;01 03 08 17 21;non;O.S FRAC. BILAT. ANT. SINUS FRONTAL AB. FACIAL
LACA016;01C03 01C04 01C11 01C12 02C03 08C28 08C61 17C07 21C05;01 02 08 17 21;non;O.S FRAC. CRANIOORBITAIRE
LACA017;01C03 01C04 01C11 01C12 02C03 08C28 17C06 21C05;01 02 08 17 21;non;O.S FRAC. CRANIOORBITAIRE +FERM. BRÈCHE OSTÉODURALE
LACA018;03C16 03C17 03C29 08C28 17C07 21C05;03 08 17 21;non;O.S FRAC. FRONT-N-MAXIL AB. CORONAL +CANTHOPEXIE
LACA019;01C08 03C06 03C07 08C28 08C61 17C07 21C05;01 03 08 17 21;non;O.S FRAC. ANT. SINUS FRONTAL AB. FACIAL
LACA020;01C03 01C04 01C11 01C12 03C16 03C17 03C29 08C28 08C61 17C06 21C05;01 03 08 17 21;non;O.S FRAC. CRANIOFAC.
LACB001;03C16 03C17 03C29 08C28 08C61 21C05;03 08 21;non;O.S FRAC. MAXIL.NAS À FOYER FERMÉ
LACB002;03C16 03C17 03C29 08C28 21C05;03 08 21;non;O.S FRAC. MALAIRE À FOYER FERMÉ
LACB003;03C16 03C17 03C29 08C28 08C61 17C07 21C05;03 08 17 21;non;O.S FRAC. PANFACIALE INSTABLE APP. À ANCRAGE
LAEA001;02C03 03C16 03C17 03C29 08C28 21C05;02 03 08 21;non;RÉDUC. FRAC. BORD SUPRAORBITAIRE SANS INTERPOSITION
LAEA002;01C03 01C04 01C11 01C12 08C28 17C06;01 08 17;non;AVANCT FRONTOORBITAIRE SANS REMODELAGE FRONTAL
LAEA003;02C03 03C16 03C17 03C29 08C28 17C07 21C05;02 03 08 17 21;non;RÉDUC. FRAC. BORD SUPRAORBITAIRE +MAT. +/- GREF. AB.
LAEA004;01C03 01C04 01C11 01C12 08C28;01 08;non;AVANCT COMBINÉ FRONT +FACE SANS POSE DISTRACTEUR
LAEA006;01C03 01C04 01C11 01C12 08C28 08C61 17C06;01 08 17;non;AVANCT FRONTOORBITAIRE +REMODELAGE FRONTAL CRANIOT.
LAEA007;03C16 03C17 03C29 08C28 21C05;03 08 21;non;RÉDUC. FRAC. OS NASAL AB. DIRECT
LAEA009;01C03 01C04 01C11 01C12 08C28 08C61 17C06;01 08 17;non;AVANCT COMBINÉ FRONT +FACE +POSE DISTRACTEUR
LAEB001;02C03 03C16 03C17 03C29 08C28 21C05;02 03 08 21;non;RÉDUC. BALLONNET INTRASINUS FRAC. PLANCHER ORBITE
LAFA001;03C06 03C07 17C07;03 17;non;RÉSEC. FRONTO-ETHMOÏDO-SPHÉNOÏDO-MAXILLAIRE AB.
LAFA003;01C03 01C04 01C11 01C12 03C06 03C07;01 03;non;RÉSEC. FR-ETHM-SPHÉN-MAXILL AB. LAT.NASAL+INFRAFRONTAL
LAFA004;01C03 01C04 01C11 01C12 08C28 08C61 17C07;01 08 17;non;EXÉRÈSE T. CRÂNE +CRANIOPLASTIE
LAFA005;01C03 01C04 01C11 01C12 03C16 03C17 03C29 17C07;01 03 17;non;PÉTRECTOMIE TOT.
LAFA006;03C06 03C07 17C06;03 17;non;RÉSEC. FRONTO-ETHM-SPHÉNO-MAXIL +LAME CRIBLÉE
LAFA011;01C03 01C04 01C11 01C12 08C28;01 08;non;EXÉRÈSE T. CRÂNE SANS CRANIOPLASTIE
LAFA012;03C17 08C28 21C05;03 08 21;non;RÉSEC. MODELANTE ÉTAGE MOY. FACE AB. BUCC.
LAFA013;03C16 03C17 03C29 08C28 08C61 21C05;03 08 21;non;EXÉRÈSE PART. 1OS FACE CONTINUITÉ CONSERVÉE AB. DIRECT
LAFA014;03C06 03C07 17C07;03 17;non;MASTOÏDECTOMIE/ATTICOMASTOÏDECTOMIE TOT.
LAFA015;03C06 03C07 08C21 21C05;03 08 21;non;ETHMOÏDECTOMIE TOT. UNILAT. +SEPTOPLASTIE NEZ
LAFA016;03C06 03C07 08C21 21C05;03 08 21;non;ETHMOÏDECTOMIE TOT. UNILAT. +SEPTOPLASTIE NASALE
LAFA017;03C06 03C07;03;non;ETHMOÏDECTOMIE TOT. UNILAT. +SPHÉNOÏDOTOMIE ENDOS.
LAFA018;03C06 03C07;03;non;ETHMOÏDECTOMIE TOT. BILAT. +SPHÉNOÏDOTOMIE ENDOS.
LAFA019;03C06 03C07 08C21 08C61 21C05;03 08 21;non;ETHMOÏDECTOMIE TOT. BILAT. +SEPTOPLASTIE NASALE
LAFA020;03C06 03C07 08C21 21C05;03 08 21;non;ETHMOÏDECTOMIE TOT. BILAT. +SEPTOPLASTIE NASALE ENDOS.
LAFA021;03C06 03C07;03;non;ETHMOÏDECTOMIE ANT. ENDOS.
LAFA022;03C06 03C07;03;non;ETHMOÏDECTOMIE TOT. BILAT. ENDOS.
LAFA023;03C06 03C07 08C21 21C05;03 08 21;non;ETHMOÏDECTOMIE ANT. UNILAT. +SEPTOPLASTIE NASALE
LAFA024;03C06 03C07;03;non;ETHMOÏDECTOMIE TOT. UNILAT. ENDOS.
LAFA900;01C03 01C04 01C11 01C12 08C28 08C61 17C06;01 08 17;non;CRANIECTOMIE DÉCOMPRESSIVE
LAGA001;03C16 03C17 03C29 08C14 21C05;03 08 21;oui;ABL. IMPLANTS CRÂNIENS +/- FACIAUX SANS RÉSEC. OS. AB.
LAGA002;03C16 03C17 03C29 08C14 21C05;03 08 21;oui;AMO FACE SUR 3SITES AB. DIRECT
LAGA003;03C16 03C17 03C29 08C14 21C05;03 08 21;oui;AMO FACE SUR 1SITE AB. DIRECT
LAGA004;03C16 03C17 03C29 08C14 21C05;03 08 21;oui;AMO CRÂNE +/- FACE
LAGA005;03C16 03C17 03C29 08C14 21C05;03 08 21;oui;AMO FACE SUR 2SITES AB. DIRECT
LAGA006;03C16 03C17 03C29 08C14 21C05;03 08 21;oui;ABL. IMPLANT CRÂNIEN/FACIAL SANS RÉSEC. OS. AB. DIRECT
LAGA007;01C03 01C04 01C11 01C12 08C28 08C61 17C07 21C05;01 08 17 21;non;ABL. MAT. CRANIOPLASTIE VOÛTE
LAGA008;03C06 03C07;03;non;ÉVIDEMENT PÉTROMASTOÏDIEN
LAGA381;03C16 03C17 03C29 08C14 21C05;03 08 21;non;ABLAT APPAREIL AUDITIF À CONDUCTION OS IMPLANTÉ DANS
LAHA001;01C08 08C12 10C08 11C08 12C09 12C10;01 08 10 11 12;oui;BIOPSIE CRÂNE AB. DIRECT
LAHA002;03C16 03C17 03C29 08C12 10C08 11C08 12C09 12C10;03 08 10 11 12;oui;BIOPSIE 1OS FACE AB. DIRECT
LALA001;02C07 02C08 02C13 03C16 03C17 03C29 21C05;02 03 21;non;IMPLANTS CRÂNIENS +/- FACIAUX PR FIXATION ÉPITHÈSE
LALA002;02C07 02C08 02C13 03C16 03C17 03C29 21C05;02 03 21;non;IMPLANT CRÂNIEN/FACIAL PR FIXATION ÉPITHÈSE/APP.
LALA469;03C16 03C17 03C29 21C05;03 21;non;APPAREILLAGE AUDITIF À CONDUCTION OSSEUSE DANS OS
LAMA001;01C03 01C04 01C11 01C12 03C16 03C17 03C29 08C28 08C61 17C07;01 03 08 17;non;RECONSTR. 1/3LAT. FACE PR MALF. AB. FACIAL +AB. CORONAL
LAMA002;01C03 01C04 01C11 01C12 02C03 03C16 03C17 03C29 08C28 17C07;01 02 03 08 17;non;RÉPAR. 1FENTE CRANIOFAC. IMPLIQUANT ORBITE +AB. ÉTAGE
LAMA003;02C03 03C16 03C17 03C29 08C28 21C05;02 03 08 21;non;RÉFECTION PAROI MÉDIALE ORBITE AB. FACIAL
LAMA004;03C16 03C17 03C29 08C28 21C05;03 08 21;non;REMODELAGE REBORD ORBITE SANS GREF. AB. DIRECT
LAMA005;02C03 03C16 03C17 03C29 08C28 08C61 17C07 21C05;02 03 08 17 21;non;RÉFECTION PAROI MÉDIALE ORBITE AB. CORONAL
LAMA006;01C03 01C04 01C11 01C12 08C28 08C61 09C09 09C25 17C07 21C05;01 08 09 17 21;non;REMODELAGE PÔLE POST. CRÂNE AB. DIRECT
LAMA007;02C03 03C16 03C17 03C29 08C28 21C05;02 03 08 21;non;RÉFECTION PLANCHER ORBITE AB. DIRECT
LAMA008;02C03 03C16 03C17 03C29 08C21 08C61 21C05;02 03 08 21;non;RÉFECTION PAROI ORBITE +RÉPAR. DÉLABREMENT
LAMA009;01C03 01C04 01C11 01C12 08C28 08C61 09C09 09C25 17C06 21C05;01 08 09 17 21;non;CRANIOPLASTIE VOÛTE
LAMA010;03C16 03C17 03C29 08C28 08C61 17C07 21C05;03 08 17 21;non;REMODELAGE REBORD ORBITE +GREF. OS. AB. DIRECT
LAMA011;01C03 01C04 01C11 01C12 02C03 03C16 03C17 03C29 08C28 17C07;01 02 03 08 17;non;RÉPAR. 1FENTE CRANIOFAC. IMPLIQUANT ORBITE SANS AB.
LAMA012;03C16 03C17 03C29 08C28 21C05;03 08 21;non;COMBLT 1DÉPRES. ORBITO-FAC SANS EXENTÉRATION ORBITE
LANC001;01C08 08C28 09C09 09C25 21C05;01 08 09 21;non;MEULAGE EXTRACRÂN. CRÂNE VIDÉOCHIRURGIE
LAPA001;01C08 03C16 03C17 03C29 08C29 08C42 08C61 09C25 09C33 09C34 17C07 21C05;01 03 08 09 17 21;oui;TRAITT INFECT. CRÂNE
LAPA002;03C19 08C28 21C05;03 08 21;non;O.TOMIE OS ZYG. AB. FACIAL
LAPA003;02C03 17C07 21C05;02 17 21;non;DÉCOMPR. ORBITE EFFONDREMENT 3PAROIS AB. DIRECT
LAPA004;02C03 03C19 08C28 08C61 21C05;02 03 08 21;non;O.TOMIE CPLX NASO-ETHMOÏD-MAXIL-FR-ORBIT CAL
LAPA005;01C03 01C04 01C11 01C12 08C28 08C61 17C06;01 08 17;non;VOLET OS CRÂNIEN SF ORBITES SANS REMODELAGE PÔLE
LAPA006;01C03 01C04 01C11 01C12 08C28 08C61 17C07;01 08 17;non;VOLET OS CRÂNIEN INTÉRESSANT LES ORBITES
LAPA007;02C03 03C19 08C28 08C61 21C05;02 03 08 21;non;O.TOMIE CADRE ORBITE PR DYSTOPIE POSTTRAUMA AB.
LAPA008;01C03 01C04 01C11 01C12 08C28 08C61 17C06;01 08 17;non;TAILLE VOLET CRÂNIEN SANS TRANSPOSITION
LAPA009;03C19 08C28 17C06 21C05;03 08 17 21;non;O.TOMIE LEFORT III AB. BUCC. +AB. CORONAL
LAPA010;03C19 08C28 08C61 17C07 21C05;03 08 17 21;non;O.TOMIE 1/3LAT. FACE AB. CORONAL
LAPA011;02C03 17C07 21C05;02 17 21;non;O.TOMIE AGRANDT CADRE ORBITE AB. FACIAL
LAPA012;02C03 21C05;02 21;non;DÉCOMPR. ORBITE EFFONDREMENT PAROI INF. +/- PAROI
LAPA013;02C03 17C07 21C05;02 17 21;non;O.TOMIE AGRANDT CADRE ORBITE AB. CORONAL
LAPA014;03C19 08C28 08C61 17C06 21C05;03 08 17 21;non;O.TOMIE LEFORT III +BIPARTITION FACIALE AB. BUCC. +AB.
LAPA015;01C08 03C16 03C17 03C29 08C29 08C42 08C61 09C25 09C33 09C34 17C06 21C05;01 03 08 09 17 21;oui;TRAITT INFECT. POSTOP CRÂNE REPRISE AB. PRÉCÉDENT
LAPA016;01C03 01C04 01C11 01C12 08C28 08C61 17C07;01 08 17;non;VOLET OS CRÂNIEN SF ORBITES +REMODELAGE PÔLE POST.
LAPB001;03K02;03;non;DÉGAGEMENT +ACTIVATION 4IMPLANTS INTRAOSSEUX
LAPB002;03K02;03;non;DÉGAGEMENT +ACTIVATION 1IMPLANT INTRAOSSEUX
LAPB003;03K02;03;non;DÉGAGEMENT +ACTIVATION 3IMPLANTS INTRAOSSEUX
LAPB004;03K02;03;non;DÉGAGEMENT +ACTIVATION 2IMPLANTS INTRAOSSEUX
LAPB005;03K02;03;non;DÉGAGEMENT +ACTIVATION 5IMPLANTS INTRAOSSEUX
LAPB006;03K02;03;non;DÉGAGEMENT +ACTIVATION 6IMPLANTS INTRAOSSEUX
LAPB007;03K02;03;non;DÉGAGEMENT +ACTIVATION 7IMPLANTS INTRAOSSEUX
LAPB030;03K02;03;non;DÉGAGEMENT & ACTIVAT 9 IMPLANTS INTRAOS
LAPB047;03K02;03;non;DÉGAGEMENT & ACTIVAT 8 IMPLANTS INTRAOS
LAPB122;03K02;03;non;DÉGAGEMENT & ACTIVAT 10 IMPLANTS INTRAOS
LAPB288;03K02;03;non;DÉGAGEMENT & ACTIVATION 11 IMPLANTS INTRAOSSEUX
LAPB311;03K02;03;non;DÉGAGEMENT & ACTIVAT 2 IMPLANTS INTRAOS
LAPB408;03K02;03;non;DÉGAGEMENT & ACTIVAT 4 IMPLANTS INTRAOS
LAPB451;03K02;03;non;DÉGAGEMENT & ACTIVAT D 1 IMPLANT INTRAOS
LAPB459;03K02;03;non;DÉGAGEMENT & ACTIVAT 3 IMPLANTS INTRAOS INTRABUCCA,
LARA001;02C03 03C19 08C28 17C07;02 03 08 17;non;MOBIL. PART. CADRES ORBITE HORIZ/BIPARTITION FACIALE
LARA002;02C03 03C19 08C28 08C61 17C07;02 03 08 17;non;MOBIL. PART. 1CADRE ORBITE AB. EXTRACRÂN.
LARA003;01C03 01C04 01C11 01C12 08C28 17C06;01 08 17;non;MOBIL. TOT. DES CADRES ORBITE HORIZ/BIPARTITION FACIALE
LARA004;01C03 01C04 01C11 01C12 08C28 08C61 17C06;01 08 17;non;MOBIL. TOT. 1CADRE ORBITE CRANIOT.
LBAA001;03C19 08C28 08C61;03 08;non;ALLONGT OS. PROGR. MAXIL/MANDIB. DISTRACTEUR AB.
LBBA003;03C19 08C28 21C05;03 08 21;non;APPOSITION MODELANTE MANDIB. AB. BUCC/FACIAL
LBBA004;03C16 03C17 03C29 08C28 08C61 17C07 21C05;03 08 17 21;non;COMBLT  MANDIB. INTERROMPUE SEGT LAT. SF ARTIC. AB.
LBBA005;03C19 08C28 21C05;03 08 21;non;APPOSITION MODELANTE MENTON AB. BUCC.
LBBA006;03C16 03C17 03C29 08C28 08C61 17C07 21C05;03 08 17 21;non;COMBLT INTERRUPTION MANDIB. SEGT ANT. LIMITÉE CORPS AB.
LBCA001;03C16 03C17 03C29 08C28 08C61 21C05;03 08 21;non;O.S FRAC. BIFOCAL MANDIB. À FOYER OUV.
LBCA002;03C16 03C17 03C29 08C28 08C61 17C07 21C05;03 08 17 21;non;O.S FRAC. COMPLEX. MANDIB. À FOYER OUV.
LBCA003;03C16 03C17 03C29 08C28 08C61 17C07 21C05;03 08 17 21;non;O.S +/- SUSPENSION FACIALE PR FRAC. OCCL.FAC TYPE FORT I
LBCA004;03C16 03C17 03C29 08C28 17C07 21C05;03 08 17 21;non;O.S FRAC. CONDYL. MANDIB. À FOYER OUV. SANS DISSECTION
LBCA005;03C16 03C17 03C29 08C28 17C06 21C05;03 08 17 21;non;O.S +/- SUSPENSION FACIALE PR FRAC. OCCL.FAC TYPE FORT III
LBCA006;03C16 03C17 03C29 08C28 08C61 21C05;03 08 21;non;O.S FRAC. UNIQ. MANDIB. À FOYER OUV.
LBCA007;03C16 03C17 03C29 08C28 17C07 21C05;03 08 17 21;non;O.S FRAC. CONDYL. MANDIB. À FOYER OUV. +DISSECTION NF
LBCA008;03C16 03C17 03C29 08C28 17C06 21C05;03 08 17 21;non;O.S FRAC. COMMINUTIVE MANDIB. +PARAGE DÉLABREMENT
LBCA009;03C16 03C17 03C29 08C28 08C61 17C07 21C05;03 08 17 21;non;O.S +/- SUSPENSION FACIALE PR FRAC. OCCL.FAC TYPE FORT II
LBCA010;03C16 03C17 03C29 08C28 21C05;03 08 21;non;O.S DISJONCTION INTERMAXILLAIRE/FRAC. PALAIS AB. BUCC.
LBCB001;03C16 03C17 03C29 08C28 17C07 21C05;03 08 17 21;non;O.S FRAC. COMPLEX. MANDIB. À FOYER FERMÉ
LBCB002;03C16 03C17 03C29 08C28 08C61 21C05;03 08 21;non;O.S FRAC. UNIQ. MANDIB. À FOYER FERMÉ
LBDA001;03C16 03C17 03C29 08C28 21C05;03 08 21;non;DISCOPEXIE TEMPOROMANDIBULAIRE ARTHROTOMIE
LBDD001;03C16 03C17 03C29 08C28 08C61 21C05;03 08 21;non;BLOCAGE MAXILO.MANDIB +AMO PR TRAITT PSEUDARTHROSE
LBEA001;03C16 03C17 03C29 08C28 21C05;03 08 21;non;RÉDUC. 1LUX. TEMPOROMANDIBULAIRE AB. DIRECT
LBFA001;03C17;03;non;EXÉRÈSE TOT. VOÛTE PALATINE AB. DIRECT
LBFA002;03C17 08C28;03 08;non;EXÉRÈSE LÉS. MAXIL. +/- MANDIB. >4CM AB. BUCC.
LBFA003;03C16 03C17 03C29 08C28 21C05;03 08 21;non;RÉSEC. PART. TÊTE CONDYL. MANDIB. AB. FACIAL
LBFA004;03C16 03C17 03C29 08C28 08C61 21C05;03 08 21;non;RÉSEC. MANDIB. PR PSEUDARTHROSE +COMBLT GREF. OS. AB.
LBFA005;03C26 08C28 08C61 17C06 21C05;03 08 17 21;non;MAXILLECTOMIE TOT. SANS RECONSTR.
LBFA006;03C26 08C28 17C07 21C05;03 08 17 21;non;MAXILLECTOMIE SUP. SANS RECONSTR.
LBFA007;03C26 08C28 17C06 21C05;03 08 17 21;non;MAXILLECTOMIE TOT. +RECONSTR. PLANCHER ORBITE
LBFA008;03C16 03C17 03C29 08C28;03 08;non;RÉSEC. NON INTERRUPTRICE EXTRACONDYLAIRE MANDIB. AB.
LBFA009;03C16 03C17 03C29 08C28 17C07;03 08 17;non;RÉSEC. INTERRUPTRICE SEGT ANT. MANDIB. +COMBLT AB.
LBFA010;03C19 08C28 21C05;03 08 21;non;RÉSEC. MODELANTE MENTON AB. BUCC.
LBFA011;03C26 08C28 08C61 17C07 21C05;03 08 17 21;non;MAXILLECTOMIE SUP. +RECONSTR. PLANCHER ORBITE
LBFA012;03C16 03C17 03C29 08C28 08C61 21C05;03 08 21;non;RÉSEC. 1BLOC ANKYLOSE ATM CPLT +RECONSTR. CONDYL
LBFA013;03C16 03C17 03C29 08C28 21C05;03 08 21;non;DISCECTOMIE TEMPOROMANDIBULAIRE ARTHROTOMIE
LBFA014;03C17;03;non;EXÉRÈSE 1HÉMIVOÛTE PALATINE AB. DIRECT
LBFA015;03C17;03;non;EXÉRÈSE LÉS. RAMUS MANDIB. AB. BUCC.
LBFA016;03C16 03C17 03C29 08C28 08C61 17C07 21C05;03 08 17 21;non;RÉSEC 1BLOC ANKYLOSE ATM CPLT +ARTHROPLASTIE PROTH.
LBFA017;03C16 03C17 03C29 08C28 17C06;03 08 17;non;RÉSEC. INTERRUPTRICE EXTRACONDYL SEGT LAT.
LBFA018;03C19 08C28 21C05;03 08 21;non;RÉSEC. MODELANTE MANDIB. AB. BUCC.
LBFA019;03C16 03C17 03C29 08C28 08C61 17C07 21C05;03 08 17 21;non;RÉSEC. BLOC ANKYLOSE TEMPOROMANDIBULAIRE LAT. AB.
LBFA020;03C16 03C17 03C29 08C28 17C07;03 08 17;non;RÉSEC. INTERRUPTRICE SEGT ANT. MANDIB+CONTENTION
LBFA022;03C16 03C17 03C29 08C21;03 08;non;RÉSEC. INTERRUPTRICE CONDYLE AB. DIRECT +DISPOSITIF
LBFA023;03K02;03;non;EXÉRÈSE LÉS. MAXIL. +/- MANDIB. <2CM AB. BUCC.
LBFA024;03C26 08C21 08C61 17C07 21C05;03 08 17 21;non;MAXILLECTOMIE INF.
LBFA025;03C16 03C17 03C29 08C21 21C05;03 08 21;non;CORONOÏDECTOMIE MANDIB. AB. BUCC.
LBFA026;03C16 03C17 03C29 08C28 17C07;03 08 17;non;RÉSEC. INTERRUPTRICE CONDYLE MANDIB. AB. DIRECT
LBFA027;03C16 03C17 03C29 08C28 17C06;03 08 17;non;RÉSEC. INTERRUPTRICE EXTRACONDYL SEGT LAT.
LBFA028;03C17;03;non;EXÉRÈSE 1QUADRANT VOÛTE PALATINE AB. DIRECT
LBFA029;03C16 03C17 03C29 08C28;03 08;non;RÉSEC. INTERRUPTRICE SEGT ANT. MANDIB. AB. DIRECT
LBFA030;03C17 08C28;03 08;non;EXÉRÈSE LÉS. MAXIL. +/- MANDIB. 2-4CM AB. BUCC.
LBFA031;03C17 08C28;03 08;non;RÉSEC. HYPERTROPHIE OS. BUCC.
LBFA032;03C16 03C17 03C29 08C28 21C05;03 08 21;non;ÉMINENCECTOMIE/CRÉATION BUTÉE
LBFA033;03C26 08C28 21C05;03 08 21;non;MAXILLECTOMIE MOY.
LBFA034;03C16 03C17 03C29 08C28 17C06;03 08 17;non;RÉSEC. INTERRUPTRICE LAT.TERM MANDIB. SANS
LBFA035;03C16 03C17 03C29 08C28 08C61 17C07 21C05;03 08 17 21;non;RÉSEC. 1BLOC ANKYLOSE TEMPOROMANDIBULAIRE CPLT
LBFA036;03C16 03C17 03C29 08C28 17C07;03 08 17;non;RÉSEC. INTERRUPTRICE EXTRACONDYL SEGT LAT. MANDIB.
LBFA037;03C16 03C17 03C29 08C28 17C06;03 08 17;non;RÉSEC. INTERRUPTRICE LAT.TERM MANDIB.+ DISPOSITIF
LBFA038;03C16 03C17 03C29 08C28 08C61;03 08;non;RÉSEC. INTERRUPTRICE CONDYLE MANDIB. +COMBLT
LBFA039;03C16 03C17 03C29 08C28 17C07;03 08 17;non;RÉSEC INTERRUPTRICE LAT.TERM MANDIB AB DIRECT
LBGA001;03C16 03C17 03C29 08C28 21C05;03 08 21;non;ABL. C.E ARTIC. TEMPOROMANDIBULAIRE ARTHROTOMIE
LBGA002;03C17 21C05;03 21;non;ABL. 3IMPLANTS INTRABUCCAUX +RÉSEC. OS.
LBGA003;03C17 21C05;03 21;non;ABL. 2IMPLANTS INTRABUCCAUX/1IMPLANT-LAME +RÉSEC. OS.
LBGA004;03C17 21C05;03 21;non;ABL. IMPLANT BUCC. +RÉSEC. OS.
LBGA005;03C16 03C17 03C29 08C28 21C05;03 08 21;non;ÉVIDEMENT MANDIB. AB. BUCC.
LBGA006;03C17 21C05;03 21;non;ABL. 4IMPLANTS INTRAOSSEUX INTRABUCCAUX +RÉSEC. OS.
LBGA007;03C17 21C05;03 21;non;ABL. 5IMPLANTS INTRAOSSEUX INTRABUCCAUX +RÉSEC. OS.
LBGA008;03C17 21C05;03 21;non;ABL. 6IMPLANTS INTRAOSSEUX INTRABUCCAUX +RÉSEC. OS.
LBGA009;03C17 21C05;03 21;non;ABL. 7IMPLANTS INTRAOSSEUX INTRABUCCAUX +RÉSEC. OS.
LBGA049;03C17 21C05;03 21;non;ABLAT 4 IMPLANTS INTRAOS INTRABUCCA + RÉSECT OS, CHEZ
LBGA052;03C17 21C05;03 21;non;ABLAT 9 IMPLANTS INTRAOS INTRABUCCA + RÉSECT OS, CHEZ
LBGA113;03C17 21C05;03 21;non;ABLAT 11 IMPLANTS INTRAOS INTRABUCCA / PLUS, + RÉSECT OS
LBGA139;03C17 21C05;03 21;non;ABLAT 8 IMPLANTS INTRAOS INTRABUCCA + RÉSECT OS, CHEZ
LBGA168;03C17 21C05;03 21;non;ABLAT 10 IMPLANTS INTRAOS INTRABUCCA + RÉSECT OS, CHEZ
LBGA280;03C17 21C05;03 21;non;ABLAT D 1 IMPLANT INTRAOS INTRABUCCAL + RÉSECT OS, CHEZ
LBGA354;03C17 21C05;03 21;non;ABLAT 3 IMPLANTS INTRAOS INTRABUCCA + RÉSECT OS, CHEZ
LBGA441;03C17 21C05;03 21;non;ABLAT 2 IMPLANTS INTRAOS INTRABUCCA + RÉSECT OS, CHEZ
LBLD004;03K02;03;non;POSE 4IMPLANTS INTRAOSSEUX INTRABUCCAUX
LBLD010;03K02;03;non;POSE 2IMPLANTS INTRAOSSEUX INTRABUCCAUX
LBLD013;03K02;03;non;POSE 3IMPLANTS INTRAOSSEUX INTRABUCCAUX
LBLD015;03K02;03;non;IMPLANT BUCC.
LBLD019;03K02;03;non;POSE MOY. LIAISON SUR IMPLANTS INTRABUCCAUX
LBLD020;03K02;03;non;POSE 5IMPLANTS INTRAOSSEUX INTRABUCCAUX
LBLD025;03K02;03;non;POSE 6IMPLANTS INTRAOSSEUX INTRABUCCAUX
LBLD026;03K02;03;non;POSE 7IMPLANTS INTRAOSSEUX INTRABUCCAUX
LBLD034;03K02;03;non;POSE BARRE CONJONCT ENTRE 2 IMPLANTS INTRABUCCAUX
LBLD038;03K02;03;non;POSE 8 IMPLANTS INTRAOSSEUX INTRABUCCAUX, CHEZ ADULTE
LBLD057;03K02;03;non;POSE BARRE CONJONCT ENTRE 3 IMPLANTS INTRABUCCAUX OU
LBLD066;03K02;03;non;POSE 2 IMPLANTS INTRAOSSEUX INTRABUCCAUX CHEZ ENFANT
LBLD073;03K02;03;non;POSE MOYEN LIAISON SUR 2 IMPLANTS PRÉPROTHÉTIQUES
LBLD075;03K02;03;non;POSE D 1 IMPLANT INTRAOSSEUX INTRABUCCAL, CHEZ ENFANT
LBLD086;03K02;03;non;POSE MOYEN LIAISON SUR 3 IMPLANTS PRÉPROTHÉTIQUES
LBLD117;03K02;03;non;POSE 4 IMPLANTS INTRAOSSEUX INTRABUCCAUX CHEZ ENFANT
LBLD143;03K02;03;non;POSE MOYEN LIAISON SUR 7 IMPLANTS PRÉPROTHÉTIQUES
LBLD193;03K02;03;non;POSE MOYEN LIAISON SUR 4 IMPLANTS PRÉPROTHÉTIQUES
LBLD200;03K02;03;non;POSE 9 IMPLANTS INTRAOSSEUX INTRABUCCAUX, CHEZ ADULTE
LBLD214;03K02;03;non;POSE MOYEN LIAISON SUR 10 IMPLANTS PRÉPROTHÉTIQUES
LBLD235;03K02;03;non;POSE MOYEN LIAISON SUR 8 IMPLANTS PRÉPROTHÉTIQUES
LBLD261;03K02;03;non;POSE 11 IMPLANTS INTRAOSSEUX INTRABUCCAUX / PLUS
LBLD270;03K02;03;non;POSE MOYEN LIAISON SUR 6 IMPLANTS PRÉPROTHÉTIQUES
LBLD281;03K02;03;non;POSE 3 IMPLANTS INTRAOSSEUX INTRABUCCAUX CHEZ ENFANT
LBLD294;03K02;03;non;POSE 10 IMPLANTS INTRAOSSEUX INTRABUCCAUX, CHEZ
LBLD311;03K02;03;non;POSE MOYEN LIAISON SUR 9 IMPLANTS PRÉPROTHÉTIQUES
LBLD420;03K02;03;non;POSE LIAISON SUR 11 IMPLANTS PRÉPROTHÉTIQ INTRAOS
LBLD447;03K02;03;non;POSE MOYEN LIAISON SUR 5 IMPLANTS PRÉPROTHÉTIQUES
LBMA001;03C16 03C17 03C29 08C28 08C61 17C07 21C05;03 08 17 21;non;ARTHROPLASTIE TEMPOROMANDIBULAIRE PROTH.
LBMA002;03C16 03C17 03C29 08C28 21C05;03 08 21;non;RECONSTR. RAMUS MANDIB. GREF. OS PR MALF. AB.
LBMA003;03C16 03C17 03C29 08C28 08C61 21C05;03 08 21;non;RECONSTR. DISCALE TEMPOROMANDIBULAIRE
LBMA004;03C16 03C17 03C29 08C28 08C61 17C07 21C05;03 08 17 21;non;RECONSTR. CONDYL. MANDIB. GREF. O.CHONDRAL
LBMA006;03C16 03C17 03C29 08C28 08C61 21C05;03 08 21;non;CONDYLOPLASTIE MANDIB. ARTHROTOMIE
LBPA001;03C19 08C28 21C05;03 08 21;non;O.TOMIE ANTÉPOSITIONNEMENT DES ÉPINES
LBPA002;03C19 08C28 17C07 21C05;03 08 17 21;non;O.TOMIE SAGITTALE MANDIB. AB. BUCC.
LBPA003;03C16 03C17 03C29 08C28 21C05;03 08 21;non;DÉCORTICATION MANDIB. AB. BUCC.
LBPA004;03C19 08C28 08C61 17C07 21C05;03 08 17 21;non;O.TOMIE BILAT. MANDIBUL+MAXIL. AVANCÉE FORT I NON
LBPA005;03C19 08C28 21C05;03 08 21;non;O.TOMIE INTERRUPTRICE MANDIB. AV. TROU MENTONNIER
LBPA006;03C19 08C28 08C61 17C07 21C05;03 08 17 21;non;O.TOMIE LEFORT I SEGMENTÉE 3FRAGMT AB. BUCC.
LBPA007;03C19 08C28 17C07 21C05;03 08 17 21;non;O.TOMIE VERT. RÉTROLINGULAIRE RAMUS MANDIB. AB.
LBPA008;03C19 08C28 21C05;03 08 21;non;O.TOMIE MAXIL. SEGT POST. BILAT. AB. BUCC.
LBPA009;03C19 08C28 21C05;03 08 21;non;O.TOMIE MAXIL. SEGT POST. UNILAT. AB. BUCC.
LBPA010;03C19 08C28 21C05;03 08 21;non;O.TOMIE MAXIL.ZYG SANS MOBIL. PYRAMIDE NASALE AB.
LBPA011;03C19 08C28 17C07 21C05;03 08 17 21;non;O.TOMIE BILAT. BR. MANDIBUL. +LE_FORT I 2FRAGMT
LBPA012;03C19 08C28 21C05;03 08 21;non;O.TOMIE MAXIL. INTERALVÉOLAIRE UNIQUE/MULT. AB.
LBPA013;03C19 08C28 21C05;03 08 21;non;O.TOMIE TRANSPOSITION MENTON OS. AB. BUCC.
LBPA014;03C19 08C28 08C61 17C07 21C05;03 08 17 21;non;O.TOMIE INTERRUPTRICE MANDIB. ARR. TROU MENTONNIER AB.
LBPA015;03C19 08C28 08C61 17C07 21C05;03 08 17 21;non;O.TOMIE LEFORT I NON SEGMENTÉE +RECUL/DÉPLACT VERT.
LBPA016;03C19 08C28 08C61 21C05;03 08 21;non;O.TOMIE ALV. MANDIB. ARR. TROU MENTONNIER AB. BUCC.
LBPA017;03C19 08C28 21C05;03 08 21;non;O.TOMIE MAXIL. ÉLÉVATION SANS MOBIL. PALAIS AB. BUCC.
LBPA018;03C19 08C28 21C05;03 08 21;non;O.TOMIE SOUSALVÉOLAIRE TOT. MANDIB. AB. BUCC.
LBPA019;03C19 08C28 17C07 21C05;03 08 17 21;non;O.TOMIE BILAT BR MANDIBUL+ALV. MANDIB. AV. TROUS
LBPA020;03C19 08C28 17C07 21C05;03 08 17 21;non;O.TOMIE BILAT. BR. MANDIBUL+LE_FORT I 3FRAGMT AB. BUCC
LBPA021;03C19 08C28 21C05;03 08 21;non;O.TOMIE SAGITTALE UNILAT. RAMUS MANDIB. AB. BUCC.
LBPA022;03C19 08C28 21C05;03 08 21;non;O.TOMIE MAXIL. TYPE HÉMI-LE FORT I AB. BUCC.
LBPA023;03C19 08C28 17C07 21C05;03 08 17 21;non;O.TOMIE BILAT. BR.MANDIBUL+O.TOMIE LE_FORT I 2FRAGMT AB.
LBPA024;03C16 03C17 03C29 08C28 21C05;03 08 21;non;O.TOMIE 1SEGT MAXIL. PR 1MALPOSITION FRAGT SÉQUEL
LBPA025;03C19 08C28 21C05;03 08 21;non;O.TOMIE MANDIB. PR CAL VICIEUX AB. DIRECT
LBPA026;03C19 08C28 21C05;03 08 21;non;O.TOMIE ALV. MANDIB. AV. DES TROUS MENTONNIERS AB. BUCC.
LBPA027;03C19 08C28 21C05;03 08 21;non;O.TOMIE MAXIL. TOT. BASSE PRÉIMPLANT/PRÉPROTH
LBPA028;03C16 03C17 03C29 08C28 17C07 21C05;03 08 17 21;non;O.TOMIE LEFORT I PR SÉQUEL. 1FENTE OROF. AB. BUCC.
LBPA029;03C19 08C28 08C61 17C07 21C05;03 08 17 21;non;O.TOMIE LEFORT I NON SEGMENTÉE +AVANCÉE AB. BUCC.
LBPA030;03C19 08C28 21C05;03 08 21;non;O.TOMIE VERT. RÉTROLINGULAIRE RAMUS MANDIB. AB. BUCC.
LBPA031;03C19 08C28 21C05;03 08 21;non;O.TOMIE MAXIL. SEGT ANT. AB. BUCC.
LBPA032;03C19 08C28 21C05;03 08 21;non;O.TOMIE SAGITTALE INTERMAXILLAIRE SANS POSE
LBPA033;03C19 08C28 17C07 21C05;03 08 17 21;non;O.TOMIE BILAT. BR. MANDIBUL. +LE_FORT I 3FRAGMT +MENTON
LBPA034;03C19;03;non;O.TOMIE ANT PRÉIMPLANT MANDIBUL. +INTERPOSITION AB.
LBPA035;03C19 08C28 08C61 21C05;03 08 21;non;O.TOMIE LEFORT I SEGMENTÉE 2FRAGMT AB. BUCC.
LBPA036;03C19 08C28 17C07 21C05;03 08 17 21;non;O.TOMIE ALV. MANDIB. ANT+O.TOMIE MAXIL. SEGT ANT. AB.
LBPA037;03C19 08C28 21C05;03 08 21;non;O.TOMIE INTERRUPTRICE SYMPHYSE MANDIB. AB. BUCC.
LBPA038;03C19 08C28 17C07 21C05;03 08 17 21;non;O.TOMIE MAXIL.NAS TYPE FORT II AB. DIRECT
LBPA039;03C19 08C28 21C05;03 08 21;non;O.TOMIE ALV. MANDIB. ANT+O.TOMIE TRANSPOSITION MENTON
LBPA040;03C19 08C28 17C07 21C05;03 08 17 21;non;O.TOMIE BILAT. BR. MANDIBUL. +AVANCÉE LEFORT I +OS
LBPA041;03C19 08C28 21C05;03 08 21;non;O.TOMIE ANGULAIRE/PRÉANGULAIRE MANDIB. AB. FACIAL
LBPA042;03C19 08C28 08C61 17C07 21C05;03 08 17 21;non;O.TOMIE BILAT. BR. MANDIBUL. AB. BUCC.
LBPA043;03C19 08C28 21C05;03 08 21;non;O.TOMIE SAGITTALE INTERMAXILLAIRE +POSE 1DISJONCTEUR
LCFA001;01C08 08C29 08C42 09C09 09C25 21C05;01 08 09 21;oui;EXCISION NASOGÉNIENNE +MYOTOMIE PR TRAITT PF
LCFA002;01C08 08C29 08C42 09C09 09C25 21C05;01 08 09 21;oui;EXCISION MUSC. FRONTAL CONTR.LAT SAIN PR TRAITT PF
LCFA003;03C16 03C17 03C29 09C25 09C27 09C28 09C29 09C30 09C31;03 09;non;EXÉRÈSE 1FISTULE/1KYSTE 1RE FENTE BRANCHIALE SANS
LCFA004;03C16 03C17 03C29 09C25 09C27 09C28 09C29 09C30 09C31;03 09;non;EXÉRÈSE 1KYSTE CONG. MÉDIAN COU
LCFA005;03C16 03C17 03C29 09C25 09C27 09C28 09C29 09C30 09C31;03 09;non;EXÉRÈSE 1FISTULE/1KYSTE 1RE FENTE BRANCHIALE
LCFA006;03C16 03C17 03C29 09C25 09C27 09C28 09C29 09C30 09C31;03 09;non;EXÉRÈSE 1FISTULE/1KYSTE 3E/4E FENTE BRANCHIALE
LCFA007;08C29 08C46 09C25 09C27 09C28 09C29 09C30 09C31 21C05;08 09 21;oui;EXÉRÈSE 1FISTULE CUT. FACIALE ACQUISE
LCFA008;03C16 03C17 03C29 09C25 09C27 09C28 09C29 09C30 09C31;03 09;non;EXÉRÈSE 1FISTULE/1KYSTE 2E FENTE BRANCHIALE
LCFA009;03C16 03C17 03C29 09C25 09C27 09C28 09C29 09C30 09C31;03 09;non;EXÉRÈSE LÉS. CONG. 1ER ARC BRANCHIAL
LCFA010;03C16 03C17 03C29 09C25 09C27 09C28 09C29 09C30 09C31;03 09;non;EXÉRÈSE 1FISTULE MENTOSTERNALE
LCFA011;03C16 03C17 03C29 10C08;03 10;non;EXÉRÈSE 1LIPOMATOSE CERV.
LCFA012;03C16 03C17 03C29 09C25 09C27 09C28 09C29 09C30 09C31;03 09 10;non;EXÉRÈSE 1RÉCIDIVE 1FIST/KYSTE CONG CERV.
LCGA002;03C17 21C05;03 21;non;ABL. C.E PROJETÉ DS LES TISSUS MOUS BUCCOFACIAUX AB.
LCJA002;03C16 03C17 03C29;03;non;ÉVAC. COLLECTION RÉGION DES MUSC. MASTICATEURS AB.
LCJA003;03C16 03C17 03C29;03;non;ÉVAC. COLLECTION PÉRIMAXILLAIRE/PÉRIMANDIBULAIRE
LCJA004;03C16 03C17 03C29;03;non;ÉVAC. COLLECTION RÉGION DES MUSC. MASTICATEURS AB.
LCLB001;01K04;01;non;SÉANCE INJ. TOXINE BOTULIQUE NIV. FACE
LCMA001;01C08 08C29 08C42 09C09 09C25 17C07 21C05;01 08 09 17 21;oui;RÉANIMATION HÉMIFACE PARALYSÉE LAMBEAU MUSC.
LCPA001;03C16 03C17 03C29 08C28 21C05;03 08 21;non;LIBÉR. 1RÉTRACTION DES TISSUS MOUS RÉGION
LCPA002;01C08 08C29 08C42;01 08;non;TÉNOTOMIE MUSC. STERNO-CLÉIDO-MASTOÏDIEN PR
LDAA001;01C05 08C27 08C61 17C06 21C05;01 08 17 21;non;RECALIBRAGE BILAT. CERV. AB. POST.
LDAA002;01C05 08C27 08C61 17C07 21C05;01 08 17 21;non;RECALIBRAGE UNILAT. CERV. AB. POST.
LDCA001;01C05 08C51 08C52 08C61 17C06 21C05;01 08 17 21;non;O.S TRANSARTIC BILAT. C1-C2 CERV.TOMIE ANT/CERV.TOMIE
LDCA002;01C05 08C51 08C52 08C61 17C06 21C05;01 08 17 21;non;O.S +/- ARTHRODÈSE POST. OCCIP.CERV SANS EXPLO. CANAL
LDCA003;01C05 08C51 08C52 08C61 17C06 21C05;01 08 17 21;non;O.S POST. OCCIP.CERV +EXPLO. CANAL AB. POST.
LDCA004;01C05 08C51 08C52 08C61 17C06 21C05;01 08 17 21;non;O.S DENT AXIS CERV.TOMIE ANT/ANT.LAT
LDCA005;01C05 08C51 08C52 08C61 17C06 21C05;01 08 17 21;non;O.S INTERLAMAIRE ATLAS +AXIS AB. POST.
LDCA006;01C05 08C51 08C52 08C61 17C06 21C05;01 08 17 21;non;O.S TRANSARTICULAIRE +/- TRANSPÉD. ATLAS +AXIS AB. POST.
LDCA007;01C05 08C51 08C52 08C61 17C07 21C05;01 08 17 21;non;O.S CERV. AB. ANT. +MANDIBULOTOMIE
LDCA008;01C05 08C51 08C52 08C61 17C07 21C05;01 08 17 21;non;O.S DENT AXIS AB. BUCC.
LDCA009;01C05 08C51 08C52 08C61 17C06 21C05;01 08 17 21;non;O.S TRANSPÉD. AXIS AB. POST.
LDCA010;01C05 08C51 08C52 08C61 17C06 21C05;01 08 17 21;non;O.S INTERLAMAIRE ENTRE 2VERTÈB. CERV. C2À C7AB. POST.
LDCA011;01C05 08C51 08C52 08C61 17C06 21C05;01 08 17 21;non;O.S+/-ARTHRODÈSE ANT. VERTÉB. SANS EXPLO. CANAL
LDCA012;01C05 08C51 08C52 08C61 17C06 21C05;01 08 17 21;non;O.S VERTÉB. +EXPLO. CANAL CERV.TOMIE ANT/ANT.LAT +AB.
LDCA013;01C05 08C51 08C52 08C61 17C07 21C05;01 08 17 21;non;O.S VERTÉB. +EXPLO. CANAL CERV.TOMIE ANT/CERV.TOMIE
LDDA001;01C05 08C51 08C52 08C61 17C06 21C05;01 08 17 21;non;ARTHRODÈSE ANT. OCCIP.CERV AB. BUCC/CERV.TOMIE ANT.LAT
LDEP003;08K03;08;non;RÉDUC. PROGR LÉS. TRAUMA CERV. TRACTION CONTINUE
LDFA001;01C05 08C27 08C61 17C07 21C05;01 08 17 21;non;EXÉRÈSE 1H DISC. CERV. AB. POST/POST.LAT
LDFA002;01C05 08C27 08C61 17C07 21C05;01 08 17 21;non;UNCECTOMIE/FORAMINOTOMIE UNILAT. 1VERTÈB. CERV.TOMIE
LDFA003;01C05 08C27 08C61 17C06 21C05;01 08 17 21;non;LAMINARTHRECTOMIE CERV. TOT. BILAT. AB. POST.
LDFA004;01C05 08C27 08C61 17C06 21C05;01 08 17 21;non;LAMINARTHRECTOMIE CERV. TOT. UNILAT. +O.S AB. POST.
LDFA005;01C05 08C27 08C61 17C06 21C05;01 08 17 21;non;LAMINARTHRECTOMIE CERV. TOT. UNILAT. SANS O.S AB. POST.
LDFA006;01C05 08C27 08C61 17C07 21C05;01 08 17 21;non;EXÉRÈSE PLUS. H DISC. VERTÉB. CERV.TOMIE ANT/ANT.LAT
LDFA007;01C05 08C27 08C61 17C07 21C05;01 08 17 21;non;EXÉRÈSE PLUS. H DISC. +O.S+/-ARTHRODÈSE CERV.TOMIE
LDFA008;01C05 08C27 08C61 17C07 21C05;01 08 17 21;non;EXÉRÈSE 1H DISC. VERTÉB. +O.S +/- ARTHRODÈSE CERV.TOMIE
LDFA009;01C05 08C51 08C52 08C61 17C06 21C05;01 08 17 21;non;CORPORECTOMIE VERTÉB. PART. CERV.TOMIE ANT/ANT.LAT
LDFA010;01C05 08C51 08C52 08C61 17C06 21C05;01 08 17 21;non;SPONDYLECTOMIE TOT. CERV.TOMIE ANT/ANT.LAT +AB. POST.
LDFA011;01C05 08C27 08C61 17C07 21C05;01 08 17 21;non;EXÉRÈSE 1H DISC. VERTÉB. CERV.TOMIE ANT/ANT.LAT
LDFA012;01C05 08C51 08C52 08C61 17C06 21C05;01 08 17 21;non;CORPORECTOMIE VERTÉB. TOT. CERV.TOMIE ANT/ANT.LAT
LDGA001;01C05 08C27 17C06 21C05;01 08 17 21;non;AMO ATLAS +/- AXIS CERV.TOMIE
LDGA002;01C05 08C27 08C61 17C07 21C05;01 08 17 21;non;AMO VERTÉB. CERV.TOMIE ANT/ANT.LAT
LDHA001;01C05 08C27 17C06;01 08 17;non;BIOPSIE OS. +/- ARTIC. ATLAS +/- AXIS AB. BUCC/AB.
LDHA002;01C05 08C27 08C61 17C06;01 08 17;non;BIOPSIE OS. +/- DISCALE VERTÉB. CERV.TOMIE ANT.LAT
LDKA426;01C05 08C27 08C61 17C06 21C05;01 08 17 21;non;REMPLA 1 DISQ INTERVERTÉB CERVICAL PAR PROTH TOTALE,
LDKA767;01C05 08C27 08C61 17C06 21C05;01 08 17 21;non;REMPLA 2 DISQ INTERVERTÉB CERVIC PAR PROTHS TOTALES,
LDPA001;01C05 08C27 08C61 17C06;01 08 17;non;DÉCOMPR. MÉDUL. PR MALF. OCCIP.CERV +OUV. DURALE AB.
LDPA002;01C05 08C27 17C07;01 08 17;non;DÉCOMPR. MÉDUL. PR MALF. OCCIP.CERV CERV.TOMIE ANT.LAT
LDPA003;01C05 08C27 08C61 17C06;01 08 17;non;DÉCOMPR. MÉDUL. PR MALF. OCCIP.CERV SANS OUV. DURALE
LDPA004;01C05 08C27 08C61 17C06;01 08 17;non;DÉCOMPR. MÉDUL. PR MALF. OCCIP.CERV +O.S AB. POST.
LDPA005;01C05 08C27 08C61 17C06;01 08 17;non;DÉCOMPR. MÉDUL. PR MALF. OCCIP.CERV AB. BUCC.
LDPA006;01C05 08C27 08C61 17C06 21C05;01 08 17 21;non;CORPOROTOMIE 1VERTÈB. PR DÉCOMPR. MÉDUL. CERV.TOMIE
LDPA007;01C05 08C27 08C61 17C06 21C05;01 08 17 21;non;DÉCOMPR. CORPOROTOMIE 1VERTÈB+ARTHRODÈSE+/-O.S
LDPA008;01C05 08C51 08C52 08C61 17C07 21C05;01 08 17 21;non;CHIR OS SCOLIOSE FIXÉE +ARTHRODÈSE +PLAQUE CERV.TOMIE
LDPA009;01C05 08C51 08C52 17C07 21C05;01 08 17 21;non;CHIR OS SCOLIOSE FIXÉE +ARTHRODÈSE +PLAQUE
LDPA010;01C05 08C51 08C52 08C61 17C06;01 08 17;non;O.TOMIE OCC.AXOÏD PR DÉFORM.+ARTHRODÈSE +PLAQUE AB.
LECA001;01C05 08C51 08C52 08C61 17C06 21C05;01 08 17 21;non;O.S VERTÉB. +EXPLO. CANAL THOR.PHRÉNO.LAPARO
LECA002;01C05 08C51 08C52 08C61 17C06 21C05;01 08 17 21;non;O.S VERTÉB. +EXPLO. CANAL THOR.TOMIE +AB. POST.
LECA003;01C05 08C51 08C52 08C61 17C06 21C05;01 08 17 21;non;O.TOMIE ANT/ÉPIPHYSIODÈSE VERTÉB. SANS EXPLO. CANAL
LECA004;01C05 08C51 08C52 08C61 17C06 21C05;01 08 17 21;non;O.S VERTÉB. +EXPLO. CANAL THOR.PHRÉNO.LAPARO +AB. POST.
LECA005;01C05 08C51 08C52 08C61 17C06 21C05;01 08 17 21;non;O.S VERTÉB. +EXPLO. CANAL THOR.TOMIE
LECA006;01C05 08C51 08C52 08C61 17C06 21C05;01 08 17 21;non;O.S +/- ARTHRODÈSE ANT. VERTÉB. SANS EXPLO. CANAL
LECC001;01C05 08C51 08C52 08C61 17C06 21C05;01 08 17 21;non;O.S +/- ARTHRODÈSE ANT/ÉPIPHYSIODÈSE VERTÉB.
LEFA001;01C05 08C51 08C52 08C61 17C06 21C05;01 08 17 21;non;SPONDYLECTOMIE THOR. TOT. AB. POST.
LEFA002;01C05 08C27 08C61 17C06 21C05;01 08 17 21;non;EXÉRÈSE 1H DISC. THOR. AB. POST/POST.LAT
LEFA003;01C05 08C27 08C61 17C06 21C05;01 08 17 21;non;EXÉRÈSE 1H DISC. THOR. +O.S +/- ARTHRODÈSE AB.
LEFA004;01C05 08C51 08C52 08C61 17C06 21C05;01 08 17 21;non;CORPORECTOMIE VERTÉB. TOT. THOR.PHRÉNO.LAPARO
LEFA005;01C05 08C51 08C52 08C61 17C06 21C05;01 08 17 21;non;SPONDYLECTOMIE TOT. THOR.TOMIE +AB. POST.
LEFA006;01C05 08C51 08C52 08C61 17C06 21C05;01 08 17 21;non;CORPORECTOMIE VERTÉB. TOT. THOR.TOMIE
LEFA007;01C05 08C51 08C52 08C61 17C06 21C05;01 08 17 21;non;CORPORECTOMIE VERTÉB. PART. THOR.PHRÉNO.LAPARO
LEFA008;01C05 08C51 08C52 17C06;01 08 17;non;CORPORECTOMIE 1VERTÈB. MALF. THOR.PHRÉNO.LAPARO
LEFA009;01C05 08C51 08C52 08C61 17C06 21C05;01 08 17 21;non;SPONDYLECTOMIE TOT. THOR.PHRÉNO.LAPARO +AB. POST.
LEFA010;01C05 08C51 08C52 08C61 17C06 21C05;01 08 17 21;non;CORPORECTOMIE VERTÉB. PART. THOR.TOMIE
LEFA011;01C05 08C27 08C61 17C06 21C05;01 08 17 21;non;EXÉRÈSE 1H DISC. VERTÉB. +O.S +/- ARTHRODÈSE
LEFA012;01C05 08C51 08C52 08C61 17C06;01 08 17;non;CORPORECTOMIE 1VERTÈB. MALF. THOR.TOMIE
LEFA013;01C05 08C27 08C61 17C06 21C05;01 08 17 21;non;EXÉRÈSE 1H DISC. VERTÉB. THOR.TOMIE
LEFA014;01C05 08C51 08C52 17C06 21C05;01 08 17 21;non;CORPORECTOMIE VERTÉB. THOR.SCOPIE/THOR.TOMIE
LEFC002;01C05 08C27 08C61 17C06 21C05;01 08 17 21;non;EXÉRÈSE 1H DISC. VERTÉB. THOR.SCOPIE
LEGA001;01C05 08C27 08C61 21C05;01 08 21;non;AMO VERTÉB. THOR.PHRÉNO.LAPARO
LEGA002;01C05 08C27 17C06 21C05;01 08 17 21;non;AMO VERTÉB. THOR.TOMIE
LEHA001;01C05 08C27;01 08;non;BIOPSIE OS. +/- DISCALE VERTÉB. THOR.PHRÉNO.LAPARO
LEHA002;01C05 08C27 08C61 17C07;01 08 17;non;BIOPSIE OS. +/- DISCALE VERTÉB.
LEHA003;01C05 08C27;01 08;non;BIOPSIE OS. +/- DISCALE VERTÉB. THOR.TOMIE
LEHC001;01C05 08C27 17C06;01 08 17;non;BIOPSIE OS. +/- DISCALE VERTÉB. THOR.SCOPIE
LEMA001;01C05 08C51 08C52 08C61 17C06 21C05;01 08 17 21;non;PLAQUE 1SCOLIOSE +ARTHRODÈSE 6VERTÈB.
LEMA002;01C05 08C51 08C52 08C61 17C06 21C05;01 08 17 21;non;PLAQUE 1SCOLIOSE +ARTHRODÈSE 3À 5VERTÈB.
LEMA003;01C05 08C51 08C52 08C61 17C06 21C05;01 08 17 21;non;PLAQUE 1SCOLIOSE +ARTHRODÈSE 3À 5VERTÈB.
LEMA004;01C05 08C51 08C52 08C61 17C06 21C05;01 08 17 21;non;PLAQUE 1SCOLIOSE +ARTHRODÈSE 6VERTÈB. THOR.TOMIE
LEPA001;01C05 08C51 08C52 08C61 17C06 21C05;01 08 17 21;non;CHIR OS SCOLIOSE FIXÉE +ARTHRODÈSE SUR 1À 3VERTÈB.
LEPA002;01C05 08C51 08C52 08C61 17C06 21C05;01 08 17 21;non;CHIR OS SCOLIOSE FIXÉE +ARTHRODÈSE SUR 1À 3VERTÈB.
LEPA003;01C05 08C51 08C52 08C61 17C06 21C05;01 08 17 21;non;CHIR OS SCOLIOSE FIXÉE +ARTHRODÈSE +PLAQUE SUR 1À
LEPA004;01C05 08C51 08C52 08C61 17C06 21C05;01 08 17 21;non;O.TOMIE ANT DÉFORM+ARTHRODÈSE+PLAQUE 4VERTÈB
LEPA005;01C05 08C51 08C52 17C06 21C05;01 08 17 21;non;CHIR OS SCOLIOSE FIXÉE +ARTHRODÈSE SUR 4VERTÈB.
LEPA006;01C05 08C51 08C52 08C61 17C06 21C05;01 08 17 21;non;CHIR OS SCOLIOSE FIXÉE +ARTHRODÈSE SUR 4VERTÈB.
LEPA007;01C05 08C51 08C52 08C61 17C06 21C05;01 08 17 21;non;CHIR OS SCOLIOSE FIXÉE +ARTHRODÈSE +PLAQUE SUR
LEPA008;01C05 08C51 08C52 08C61 17C06 21C05;01 08 17 21;non;O.TOMIE ANT DÉFORM+ARTHRODÈSE+PLAQUE 1À
LEPA009;01C05 08C51 08C52 08C61 17C06 21C05;01 08 17 21;non;CHIR OS SCOLIOSE FIXÉE +ARTHRODÈSE SUR 1À 3VERTÈB.
LFAA001;01C05 08C27 08C61 17C07 21C05;01 08 17 21;non;RECALIBRAGE UNILAT. LOMB/LOMBO.S AB. POST.
LFAA002;01C05 08C27 08C61 17C06 21C05;01 08 17 21;non;RECALIBRAGE BILAT. LOMB/LOMBO.S AB. POST.
LFCA001;01C05 08C51 08C52 08C61 17C06 21C05;01 08 17 21;non;O.S LOMBO.S. +EXPLO. CANAL AB. POST.
LFCA002;01C05 08C51 08C52 08C61 17C06 21C05;01 08 17 21;non;O.S LOMBO.S. SANS EXPLO. CANAL AB. POST.
LFCA003;01C05 08C51 08C52 08C61 17C06 21C05;01 08 17 21;non;O.S VERTÉB. +EXPLO. CANAL LAPARO/LOMBOT. +AB. POST.
LFCA004;01C05 08C51 08C52 08C61 17C06 21C05;01 08 17 21;non;O.S VERTÉB. +EXPLO. CANAL LAPARO/LOMBOT.
LFCA005;01C05 08C51 08C52 08C61 17C06 21C05;01 08 17 21;non;O.S +/- ARTHRODÈSE ANT. VERTÉB. SANS EXPLO. CANAL
LFCC001;01C05 08C51 08C52 08C61 17C06 21C05;01 08 17 21;non;O.S +/- ARTHRODÈSE ANT. VERTÉB. COELIO
LFDA001;01C05 08C51 08C52 08C61 17C06 21C05;01 08 17 21;non;ARTHRODÈSE POST/POST.LAT SP.LISTHESIS LOMB+LIBÉR.
LFDA002;01C05 08C51 08C52 08C61 17C06 21C05;01 08 17 21;non;ARTHRODÈSE ANT. SP.LISTHESIS LOMB. GD DÉPLACT
LFDA003;01C05 08C51 08C52 08C61 17C06 21C05;01 08 17 21;non;ARTHRODÈSE POST/POST.LAT 1SP.LISTHESIS LOMB.
LFDA004;01C05 08C51 08C52 08C61 17C06 21C05;01 08 17 21;non;ARTHRODÈSE INTERCORPORÉALE LOMB/LOMBO.S
LFDA005;01C05 08C51 08C52 08C61 17C07 21C05;01 08 17 21;non;ARTHRODÈSE POST/POST.LAT SP.LISTHESIS LOMB. SANS
LFDA006;01C05 08C51 08C52 08C61 17C06 21C05;01 08 17 21;non;ARTHRODÈSE POST/POST.LAT SP.LISTHESIS LOMB. GD
LFDA007;01C05 08C51 08C52 08C61 17C06 21C05;01 08 17 21;non;ARTHRODÈSE POST/POST.LAT +O.S SP.LISTHESIS LOMB
LFDA008;01C05 08C51 08C52 08C61 17C06 21C05;01 08 17 21;non;ARTHRODÈSE SP.LISTHESIS LOMB. GD DÉPLACT
LFDA009;01C05 08C51 08C52 08C61 17C06 21C05;01 08 17 21;non;ARTHRODÈSE INTERCORPORÉALE SP.LISTHESIS LOMB. GD
LFDA010;01C05 08C51 08C52 08C61 17C06 21C05;01 08 17 21;non;ARTHRODÈSE 1SP.LISTHESIS LOMB. À GD DÉPLACT
LFDA011;01C05 08C51 08C52 08C61 17C06 21C05;01 08 17 21;non;ARTHRODÈSE 1SP.LISTHESIS LOMB. SANS RÉDUC. LAPARO
LFDA012;01C05 08C51 08C52 08C61 17C06 21C05;01 08 17 21;non;ARTHRODÈSE INTERCORPORÉALE/ÉPIPHYSIODÈSE
LFDA013;01C05 08C51 08C52 08C61 17C06 21C05;01 08 17 21;non;ARTHRODÈSE 1SP.LISTHESIS LOMB. SANS RÉDUC. LAPARO
LFDA014;01C05 08C51 08C52 08C61 17C06 21C05;01 08 17 21;non;ARTHRODÈSE INTERCORP SP.LISTHESIS LOMB GD DÉPLACT
LFFA001;01C05 08C27 08C61 17C06 21C05;01 08 17 21;non;LAMINARTHRECTOMIE LOMB/LOMBOSACRALE TOT. BILAT. AB.
LFFA002;01C05 08C27 08C61 17C07 21C05;01 08 17 21;non;EXÉRÈSE 1H DISC. LOMB. AB. POST/POST.LAT
LFFA003;01C05 08C27 08C61 17C07 21C05;01 08 17 21;non;EXÉRÈSE PLUS. H DISC. LOMB. AB. POST/POST.LAT
LFFA004;01C05 08C27 08C61 17C07 21C05;01 08 17 21;non;EXÉRÈSE 1RÉCIDIVE 1H DISC. LOMB. DÉJÀ OPÉRÉE AB. DIRECT
LFFA005;01C05 08C27 08C61 17C06 21C05;01 08 17 21;non;LAMIN.ARTHR LOMB. UNILAT +O.S AB. POST.
LFFA006;01C05 08C27 08C61 17C07 21C05;01 08 17 21;non;LAMIN.ARTHR LOMB. UNILAT SANS O.S AB. POST.
LFFA007;01C05 08C27 08C61 17C06 21C05;01 08 17 21;non;EXÉRÈSE RÉCIDIVE H DISC. LOMB. OPÉRÉE+O.S+/-ARTHRODÈSE
LFFA008;01C05 08C51 08C52 08C61 17C06;01 08 17;non;CORPORECTOMIE 1VERTÈB. MALF. LAPARO/LOMBOT.
LFFA009;01C05 08C51 08C52 08C61 17C06 21C05;01 08 17 21;non;CORPORECTOMIE VERTÉB. PART. LAPARO/LOMBOT.
LFFA010;01C05 08C27 08C61 17C06 21C05;01 08 17 21;non;EXÉRÈSE 1H DISC. VERTÉB. +O.S +/- ARTHRODÈSE
LFFA011;01C05 08C27 08C61 17C06 21C05;01 08 17 21;non;EXÉRÈSE 1H DISC. VERTÉB. LAPARO/LOMBOT.
LFFA012;01C05 08C51 08C52 08C61 17C06 21C05;01 08 17 21;non;SPONDYLECTOMIE TOT. LAPARO/LOMBOT. +AB. POST.
LFFA013;01C05 08C51 08C52 08C61 17C06 21C05;01 08 17 21;non;CORPORECTOMIE VERTÉB. TOT. LAPARO/LOMBOT.
LFFA014;01C05 08C51 08C52 08C61 17C06 21C05;01 08 17 21;non;CORPORECTOMIE VERTÉB. AB. DIRECT +PRÉPA. COELIO
LFFC002;01C05 08C27 17C06 21C05;01 08 17 21;non;EXÉRÈSE 1H DISC. VERTÉB. RÉTROPÉRITONÉOSCOPIE
LFGA001;01C05 08C27 08C61 17C07 21C05;01 08 17 21;non;AMO VERTÉB. LAPARO/LOMBOT.
LFHA001;01C05 08C27 08C61 17C07;01 08 17;non;BIOPSIE OS. +/- DISCALE VERTÉB. LAPARO/LOMBOT.
LFHC001;01C05 08C27 17C07;01 08 17;non;BIOPSIE OS. +/- DISCALE VERTÉB. COELIO
LFKA001;01C05 08C27 08C61 21C05;01 08 21;non;REMPLT DISQUE INTERVERTÉB LOMBAL PROTH.
LFMA001;01C05 08C51 08C52 08C61 17C06 21C05;01 08 17 21;non;PLAQUE 1SCOLIOSE +ARTHRODÈSE 3À 5VERTÈB. LOMBOT.
LFPA001;01C05 08C51 08C52 08C61 17C06 21C05;01 08 17 21;non;O.TOMIE ANT+ARTHRODÈSE +PLAQUE 1À 3VERTÈB. DÉFORM
LFPA002;01C05 08C51 08C52 08C61 17C06 21C05;01 08 17 21;non;CHIR OS SCOLIOSE FIXÉE +ARTHRODÈSE +PLAQUE  4VERTÈB.
LFPA003;01C05 08C51 08C52 08C61 17C06 21C05;01 08 17 21;non;CHIR OS SCOLIOSE FIXÉE +ARTHRODÈSE SUR 4VERTÈB.
LGCA001;01C05 08C51 08C52 08C61 17C06 21C05;01 08 17 21;non;O.S FRAC. SACRUM AB. POST.
LGFA001;01C05 08C27 08C61 17C07 21C05;01 08 17 21;non;EXÉRÈSE DIST. SACRUM AB. POST.
LGFA002;01C05 08C27 08C61 17C06 21C05;01 08 17 21;non;EXÉRÈSE PROX. SACRUM AB. ANT/AB. POST.
LGFA003;01C05 08C27 17C06 21C05;01 08 17 21;non;EXÉRÈSE DIST. SACRUM AB. ANT. +AB. POST.
LGFA004;01C05 08C27 17C06 21C05;01 08 17 21;non;EXÉRÈSE SACRUM AB. ANT. +AB. POST.
LGFA005;01C08 08C21 08C61 17C07 21C05;01 08 17 21;non;EXÉRÈSE COCCYX
LGFA006;01C05 08C27 08C61 17C06 21C05;01 08 17 21;non;EXÉRÈSE PROX. SACRUM AB. ANT. +AB. POST.
LHCA001;01C05 08C51 08C52 08C61 17C06 21C05;01 08 17 21;non;O.S VERTÉB. SANS EXPLO. CANAL AB. ANT. +AB. POST.
LHCA002;01C05 08C51 08C52 08C61 17C06 21C05;01 08 17 21;non;O.S POST. VERTÉB. SANS EXPLO. CANAL AB. POST.
LHCA010;01C05 08C51 08C52 17C06 21C05;01 08 17 21;non;O.S POST. VERTÉB. +EXPLO. CANAL AB. POST.
LHCA011;01C05 08C51 08C52 08C61 17C06 21C05;01 08 17 21;non;O.S VERTÉB. FIXATEUR EXT.
LHCA016;01C05 08C51 08C52 08C61 17C06 21C05;01 08 17 21;non;O.S POST. VERTÉB. SANS EXPLO. CANAL +ARTHRODÈSE AB.
LHDA001;01C05 08C51 08C52 08C61 17C06 21C05;01 08 17 21;non;ARTHRODÈSE POST/ÉPIPHYSIODÈSE VERTÉB. SANS EXPLO.
LHDA002;01C05 08C51 08C52 08C61 17C06 21C05;01 08 17 21;non;ARTHRODÈSE INTERCORPORÉALE VERTÉB. +ARTHRODÈSE
LHEB001;08K03;08;non;RÉDUC. PROGR SCOLIOSE TRACTION CONTINUE VERTÉB.
LHEB002;08K03;08;non;RÉDUC. PROGR SCOLIOSE TRACTION BIPOLAIRE HALO
LHEP004;08K03;08;non;TRACTION CONTINUE BIPOLAIRE VERTÉB. SANGLES
LHEP005;08K03;08;non;TRACTION CONTINUE UNIPOLAIRE VERTÉB.
LHFA001;01C05 08C51 08C52 08C61 17C06 21C05;01 08 17 21;non;O.TOMIE POST +ARTHRODÈSE +PLAQUE 3À 5VERTÈB. DÉFORM
LHFA003;01C05 08C51 08C52 08C61 17C06 21C05;01 08 17 21;non;O.TOMIE POST+ARTHRODÈSE+PLAQUE 10VERTÈB.
LHFA013;01C05 08C51 08C52 08C61 17C06 21C05;01 08 17 21;non;O.TOMIE POST +ARTHRODÈSE +O.TOMIE ANT. TRANSPÉD.  6À
LHFA016;01C05 08C27 08C61 17C06 21C05;01 08 17 21;non;LAMINECT. SANS EXPLO. INTRADURAL AB. POST/POST.LAT
LHFA019;01C05 08C27 08C61 17C06 21C05;01 08 17 21;non;LAMINECT. +EXPLO. INTRADURAL +PLASTIE DM AB.
LHFA024;01C05 08C27 08C61 17C06 21C05;01 08 17 21;non;LAMINECT. +EXPLO. INTRADURAL SANS PLASTIE DM AB.
LHFA025;01C05 08C51 08C52 08C61 17C06 21C05;01 08 17 21;non;O.TOMIE POST +ARTHRODÈSE +O.TOMIE ANT. TRANSPÉD.
LHFA027;01C05 08C51 08C52 08C61 17C06 21C05;01 08 17 21;non;O.TOMIE POST +ARTHRODÈSE +O.TOMIE ANT. TRANSPÉD. 3À
LHFA028;01C05 08C51 08C52 08C61 17C06 21C05;01 08 17 21;non;O.TOMIE POST +ARTHRODÈSE +PLAQUE 10VERTÈB. AB. POST.
LHFA029;01C05 08C51 08C52 08C61 17C06 21C05;01 08 17 21;non;O.TOMIE POST +ARTHRODÈSE +PLAQUE 6À 9VERTÈB. DÉFORM
LHFA031;01C05 08C51 08C52 08C61 17C07 21C05;01 08 17 21;non;EXÉRÈSE ARC VERTÉB. AB. POST.
LHFH001;08K06;08;non;TUMORECTOMIE OS. VERTÉB. TRANSCUT. GUID SCAN
LHGA004;01C05 08C27 08C61 17C06 21C05;01 08 17 21;non;AMO VERTÉB. SUR 10VERTÈB. AB. POST.
LHGA006;01C05 08C27 08C61 17C07 21C05;01 08 17 21;non;AMO VERTÉB. SUR 6À 9VERTÈB. AB. POST.
LHGA007;01C05 08C27 08C61 17C07 21C05;01 08 17 21;non;AMO VERTÉB. SUR 2À 5VERTÈB. AB. POST.
LHHA006;01C05 08C27 08C61 17C07;01 08 17;non;BIOPSIE ARC VERTÉB. AB. POST.
LHHA007;01C05 08C27 08C61;01 08;non;BIOPSIE CORPS VERTÉB. +/- DISQUE AB. POST/TRANSPÉD.
LHHH002;08K06;08;non;BIOPSIE OS. +/- DISCALE VERTÉB. TRANSCUT. GUID SCAN
LHHH003;08K06;08;non;BIOPSIE OS. +/- DISCALE VERTÉB. TRANSCUT. GUID RADIO
LHMA003;01C05 08C51 08C52 08C61 17C06 21C05;01 08 17 21;non;PLAQUE 1SCOLIOSE +ARTHRODÈSE 6À 9VERTÈB. AB. POST.
LHMA004;01C05 08C51 08C52 08C61 17C06 21C05;01 08 17 21;non;PLAQUE 1SCOLIOSE +ARTHRODÈSE 6À 9VERTÈB. AB. POST.LAT
LHMA006;01C05 08C51 08C52 08C61 17C06 21C05;01 08 17 21;non;PLAQUE 1SCOLIOSE +ARTHRODÈSE 3À 5VERTÈB. AB. POST.
LHMA007;01C05 08C27 08C61 17C06 21C05;01 08 17 21;non;LAMINOPLASTIE VERTÉB. SANS EXPLO. INTRADURAL AB.
LHMA008;01C05 08C27 08C61 17C06 21C05;01 08 17 21;non;RECONSTR. ISTHME INTERARTICULAIRE 1VERTÈB. AB. POST.
LHMA011;01C05 08C27 08C61 17C06 21C05;01 08 17 21;non;PLAQUE 1SCOLIOSE SANS ARTHRODÈSE AB. POST.
LHMA013;01C05 08C51 08C52 08C61 17C06 21C05;01 08 17 21;non;PLAQUE 1SCOLIOSE +ARTHRODÈSE 6À 9VERTÈB. AB. POST.
LHMA014;01C05 08C51 08C52 08C61 17C06 21C05;01 08 17 21;non;PLAQUE 1SCOLIOSE +ARTHRODÈSE 10VERTÈB. AB. POST.
LHMA015;01C05 08C51 08C52 08C61 17C06 21C05;01 08 17 21;non;PLAQUE 1SCOLIOSE +ARTHRODÈSE 10VERTÈB. AB. POST.
LHMA016;01C05 08C27 17C06 21C05;01 08 17 21;non;LAMINOPLASTIE VERTÉB+EXPLO. INTRADURAL +PLASTIE
LHMH002;08K05;08;non;SPONDYLOPLASTIE 1 VERTÈBRE TRANSCUT + GUID RADIO
LHMH005;08K05;08;non;SPONDYLOPLASTIE 1 VERTÈBRE TRANSCUT + GUID SCAN
LHMH027;08K05;08;non;CYPHOPLASTIE 1 VERTÈBRE TRANSCUT + GUID SCAN
LHMH140;08K05;08;non;CYPHOPLASTIE 2 OU 3 VERTÈBRES TRANSCUT + GUID
LHMH182;08K05;08;non;SPONDYLOPLASTIE 2 OU 3 VERTÈBRES TRANSCUT + GUID
LHMH197;08K05;08;non;SPONDYLOP 1 VERT IMPLANT INTRACORPO VOIE
LHMH228;08K05;08;non;CYPHOPLASTIE 1 VERTÈBRE TRANSCUT + GUID RADIO
LHMH238;08K05;08;non;SPONDYLOP 1 VERT IMPLANT INTRACORPO VOIE TRANSCUT, +
LHMH391;08K05;08;non;SPONDYLOP 2 VERT IMPLANT INTRACORPO VOIE TRANSCUT, +
LHMH444;08K05;08;non;SPONDYLOPLASTIE  2 OU 3 VERTÈBRES TRANSCUT + GUID
LHMH454;08K05;08;non;CYPHOPLASTIE 2 OU 3 VERTÈBRES TRANSCUT + GUID SCAN
LHMH648;08K05;08;non;SPONDYLOP 2 VERT IMPLANT INTRACORPO VOIE TRANSCUT, +
LHMH705;08K05;08;non;SPONDYLOP +2 VERT IMPLANT INTRACORPO VOIE TRANSCUT, +
LHMH780;08K05;08;non;SPONDYLOP +2 VERT IMPLANT INTRACORPO VOIE TRANSCUT, +
LHNH001;08K06;08;non;THERMOCOAG FACETTES ARTIC. VERTÈB. TRANSCUT. GUID
LHPA003;01C05 08C27 08C61 17C07 21C05;01 08 17 21;non;LAMINOT. SANS EXPLO. INTRADURAL AB. POST/AB.
LHPA004;01C05 08C27 08C61 17C06 21C05;01 08 17 21;non;MISE À PLAT 1LÉS. VERTÉB. INFECT/OSSIFLUENTE AB.
LHPA006;01C05 08C27 17C06 21C05;01 08 17 21;non;LAMINOT. +EXPLO. INTRADURAL +PLASTIE DM AB. POST/AB.
LHPA010;01C05 08C27 08C61 17C06 21C05;01 08 17 21;non;LAMINOT. +EXPLO. INTRADURAL SANS PLASTIE DM AB.
LJCA001;04C03 08C21 08C61 17C06 21C05;04 08 17 21;non;O.S FRAC. STERNUM
LJCA002;04C03 08C21 08C61 17C06 21C05;04 08 17 21;non;O.S 1VOLET THOR.
LJFA001;04C03 17C07;04 17;non;GIBBECTOMIE AB. DIRECT
LJFA002;01C08 04C03 05C06 05C10 05C11 08C21 08C61 17C07 21C05;01 04 05 08 17 21;non;RÉSEC. 1RE CÔTE AB. SUSCLAV/AB. AXIL.
LJFA003;01C08 04C03 05C18 08C21 08C61 17C07 21C05;01 04 05 08 17 21;non;RÉSEC. 1CÔTE CERV. AB. SUSCLAV.
LJFA004;04C03 08C21 08C61 17C07;04 08 17;non;RÉSEC. PAROI THOR. SANS PROTH.
LJFA006;01C08 04C03 08C21 08C61 17C07 21C05;01 04 08 17 21;non;RÉSEC. 1CÔTE
LJFA007;01C08 04C03 05C18 08C21 08C61 17C07 21C05;01 04 05 08 17 21;non;RÉSEC. 1RE CÔTE +1CÔTE CERV. AB. SUSCLAV.
LJFA008;04C03 08C21 08C61 17C06;04 08 17;non;RÉSEC. PAROI THOR. +PROTH.
LJFA009;04C03 08C21 08C61 17C07;04 08 17;non;RÉSEC. STERNUM
LJFA010;01C08 04C03 08C21 08C61 17C07 21C05;01 04 08 17 21;non;EXÉRÈSE PART. CÔTE +/- STERNUM AB. DIRECT
LJGA001;04C03 08C14 21C05;04 08 21;oui;ABL. FILS O.S STERNUM
LJGA002;04C03 08C14 21C05;04 08 21;oui;AMO STERNUM +/- DES CÔTES
LJHA001;04C03 08C12 09C23 09C33 09C34 10C08 11C08 12C09 12C10;04 08 09 10 11 12;oui;BIOPSIE OS. STERNUM +/- DES CÔTES AB. DIRECT
LJJA001;04C03 08C21;04 08;non;ÉVAC. COLLECTION SUPPURÉE PAROI THOR. AB. DIRECT
LJJA002;04C03 05C18 08C21 08C61 17C06 21C05;04 05 08 17 21;non;ÉVAC. COLLECTION SUPPURÉE PAROI THOR. ÉTENDUE AU
LJMA001;04C02 17C06;04 17;non;THORACOPLASTIE 6CÔTES
LJMA002;04C03 08C21 08C61 17C07;04 08 17;non;PLASTIE MALF. THOR. SANS MALF. STERNUM SANS O.S
LJMA003;04C02 17C06;04 17;non;THORACOPLASTIE 2À 5CÔTES
LJMA004;04C03 08C21 08C61 17C06 21C05;04 08 17 21;non;PLASTIE MALF. THOR. SANS MALF. STERNUM +O.S
LJMA005;04C03 08C21 08C61 17C07;04 08 17;non;PLASTIE MALF. STERN.COST SANS O.S
LJMA006;04C03 08C21 08C61 17C06 21C05;04 08 17 21;non;PLASTIE MALF. STERN.COST +O.S
LJSA001;04C03 08C29 08C46 09C25 09C33 09C34 17C07 21C05 22C03;04 08 09 17 21 22;oui;FERM. 1DÉSUNION PARIÉTALE THOR.TOMIE LAT.
LJSA002;05C18 17C06;05 17;non;FERM. IIRE PAROI THOR. APRÈS CHIR. CARD.VASC CHEZ N-NÉ
LLCA001;04C02 06C05 06C16 06C20 06C22 15C02 17C06;04 06 17;non;SUTURE 1COUPOLE DIAPHRAGME PR HERNIE CONG.
LLCA002;04C02 06C05 06C16 06C20 06C22 15C02 17C06;04 06 17;non;SUTURE 1COUPOLE DIAPHRAGME PR HERNIE CONG.
LLCA003;04C02 17C06 21C05;04 17 21;non;SUTURE RÉCENTE 1COUPOLE DIAPHRAGME THOR.TOMIE
LLCA005;04C02 17C06 21C05;04 17 21;non;SUTURE RÉCENTE COUPOLE DIAPHRAGME LAPARO
LLCC001;04C04 17C06 21C05;04 17 21;non;SUTURE RÉCENTE 1COUPOLE DIAPHRAGME THOR.SCOPIE
LLCC003;04C02 17C07 21C05;04 17 21;non;SUTURE RÉCENTE COUPOLE DIAPHRAGME COELIO.
LLFA003;04C02 06C05 06C16 06C20 06C22 17C06 21C05;04 06 17 21;non;EXÉRÈSE PART. DIAPHRAGME SANS PROTH. THOR.TOMIE
LLFA013;04C02 06C05 06C16 06C20 06C22 17C06 21C05;04 06 17 21;non;EXÉRÈSE PART. DIAPHRAGME +PROTH. THOR.TOMIE
LLMA001;04C02 06C05 06C16 06C20 06C22 17C06 21C05;04 06 17 21;non;CURE 1HERNIE ACQUISE COUPOLE GCHE DIAPHRAGME
LLMA002;04C02 06C05 06C16 06C20 06C22 17C06;04 06 17;non;CURE 1H HIATALE CONG. +AGÉNÉSIE DES PILIERS
LLMA003;04C02 06C10 06C12 06C24 06C25 17C06;04 06 17;non;PLASTIE 1COUPOLE DIAPHRAGME PR ÉVENTRATION
LLMA004;04C02 06C05 06C16 06C20 06C22 15C02 17C06;04 06 17;non;PLASTIE 1COUPOLE DIAPHRAGME PR HERNIE CONG.
LLMA005;04C02 06C05 06C16 06C20 06C22 17C06 21C05;04 06 17 21;non;CURE 1HERNIE ACQUISE COUPOLE DTE DIAPHRAGME AB.
LLMA006;04C02 06C05 06C16 06C20 06C22 17C06 21C05;04 06 17 21;non;CURE 1H HIATALE SANS PROTH. LAPARO
LLMA007;04C02 06C05 06C16 06C20 06C22 17C07 21C05;04 06 17 21;non;CURE 1HERNIE RÉTROCOSTOXIPHOÏDIENNE LAPARO
LLMA008;04C02 06C10 06C12 06C24 06C25 17C06;04 06 17;non;PLASTIE 1COUPOLE DIAPHRAGME PR ÉVENTRATION
LLMA009;04C02 06C05 06C16 06C20 06C22 15C02 17C06;04 06 17;non;PLASTIE 1COUPOLE DIAPHRAGME PR HERNIE CONG.
LLMA010;04C02 06C05 06C16 06C20 06C22 17C06 21C05;04 06 17 21;non;CURE 1H HIATALE +PROTH. LAPARO
LLMC001;04C02 06C05 06C16 06C20 06C22 17C07 21C05;04 06 17 21;non;CURE 1HERNIE RÉTROCOSTOXIPHOÏDIENNE COELIO.
LLMC003;04C04 06C10 06C12 06C24 06C25 17C06;04 06 17;non;PLASTIE 1COUPOLE DIAPHRAGME PR ÉVENTRATION
LLMC004;04C02 06C05 06C16 06C20 06C22 17C07 21C05;04 06 17 21;non;CURE 1H HIATALE SANS PROTH. COELIO.
LLMC005;04C04 06C05 06C16 06C20 06C22 17C06 21C05;04 06 17 21;non;CURE 1HERNIE ACQUISE COUPOLE DIAPHRAGME THOR.SCOPIE
LLMC019;04C02 06C10 06C12 06C24 06C25 17C07;04 06 17;non;PLASTIE 1COUPOLE DIAPHRAGME PR ÉVENTRATION
LMFA001;06C15 07C08 08C29 08C42 09C23 09C33 09C34 10C08 11C08 13C13;06 07 08 09 10 11 13;non;EXÉRÈSE T. ANT. +FERM. SUTURE AB. DIRECT
LMFA002;06C15 07C08 08C29 08C42 08C61 09C23 09C33 09C34 10C08 11C08 13C13 17C06;06 07 08 09 10 11 13 17;non;EXÉRÈSE T. ANT. +FERM. PROTH. AB. DIRECT
LMFA003;09C25 09C33 09C34;09;non;EXÉRÈSE 1BOURGEON OMBILICAL
LMGA001;06C15 09C25 09C33 09C34 21C05;06 09 21;non;ABL. 1PROTH. PAROI ABD. AB. DIRECT
LMMA001;06C10 06C12 06C24 06C25;06;non;CURE BILAT. 1H ING. +PROTH. AB. INGUINAL
LMMA002;06C10 06C12 06C24 06C25;06;non;CURE BILAT. H ING. +PROTH. AB. PRÉPÉRITONÉAL UNIQUE
LMMA003;06C10 06C12 06C24 06C25;06;non;RÉFECTION PAROI LOMB. SANS PROTH.
LMMA004;06C10 06C12 06C24 06C25 17C07 21C05;06 17 21;non;CURE ÉVENTRATION POSTOP ANT. +PROTH. AB. DIRECT
LMMA005;06C15 07C08 09C23 09C33 09C34 17C07 21C05 22C03;06 07 09 17 21 22;non;RÉPAR. TRANSFIXIANTE PAROI ABD. LAMBEAU LIBRE
LMMA006;06C10 06C12 06C24 06C25;06;non;CURE H OMBIL. >16ANS +PROTH. AB. DIRECT
LMMA007;06C10 06C12 06C24 06C25 17C07;06 17;non;RÉFECTION PAROI LOMB. +PROTH.
LMMA008;06C10 06C12 06C24 06C25;06;non;CURE UNILAT. 1H ING. +PROTH. AB. PRÉPÉRITONÉAL
LMMA009;06C10 06C12 06C24 06C25;06;non;CURE H OMBIL. >16ANS SANS PROTH. AB. DIRECT
LMMA010;06C10 06C12 06C24 06C25 17C07 21C05;06 17 21;non;CURE ÉVENTRATION POSTOP ANT. SANS PROTH. AB.
LMMA011;06C10 06C12 06C24 06C25;06;non;CURE 1HERNIE FÉM. AB. INGUINOFÉMORAL
LMMA012;06C10 06C12 06C24 06C25;06;non;CURE UNILAT. 1H ING. +PROTH. AB. INGUINAL
LMMA014;06C10 06C12 06C24 06C25;06;non;CURE H OMBIL. AV. ÂGE 16ANS AB. DIRECT
LMMA016;06C10 06C12 06C24 06C25 13C05 13C06 13C07 13C18 13C19;06 13;non;CURE UNILAT. 1H ING. SANS PROTH. SOUS ANEST. LOC. AB.
LMMA017;06C10 06C12 06C24 06C25 13C05 13C06 13C07 13C18 13C19;06 13;non;CURE UNILAT. 1H ING. SANS PROTH. +AG/ALR AB. INGUINAL
LMMA018;06C10 06C12 06C24 06C25;06;non;CURE BILAT. 1H ING. SANS PROTH. +AG/ALR AB. INGUINAL
LMMA019;06C10 06C12 06C24 06C25;06;non;CURE BILAT. 1H ING. SANS PROTH. SOUS ANEST. LOC. AB.
LMMC001;06C10 06C12 06C24 06C25;06;oui;CURE BILAT. 1H ING. +PROTH. VIDÉOCHIRURGIE
LMMC002;06C10 06C12 06C24 06C25;06;oui;CURE UNILAT. 1H ING. +PROTH. VIDÉOCHIRURGIE
LMMC003;06C10 06C12 06C24 06C25 13C05 13C06 13C07 13C18 13C19;06 13;oui;CURE UNILAT. 1H ING. SANS PROTH. VIDÉOCHIRURGIE
LMMC004;06C10 06C12 06C24 06C25;06;oui;CURE BILAT. 1H ING. SANS PROTH. VIDÉOCHIRURGIE
LMMC015;06C10 06C12 06C24 06C25 21C05;06 21;non;CURE ÉVENTRATION POSTOP ANT. +PROTH.  COELIO
LMMC020;06C10 06C12 06C24 06C25;06;oui;CURE H OMBIL. >16ANS +PROTH. COELIO
LMSA001;06C10 06C12 06C24 06C25 15C02 17C06;06 17;non;FERM. 1OMPHALOCÈLE/1LAPAROSCHISIS 1TEMPS
LMSA002;06C10 06C12 06C24 06C25 17C07 21C05;06 17 21;non;FERM. 1ÉVISCÉRATION ABD. AB. DIRECT
LMSA003;06C10 06C12 06C24 06C25 15C02 17C06;06 17;non;FERM. PROGR. 1OMPHALOCÈLE/1LAPAROSCHISIS
LMSA004;06C15 07C08 17C06 21C05 22C03;06 07 17 21 22;non;FERM. 1LAPAROSTOMIE
LMSA005;06C10 06C12 06C24 06C25 17C07;06 17;non;FERM. ANT. HYPOPLASIQUE/APLASIQUE PLASTIE
LZGA001;03C16 03C17 03C29 08C14 21C05;03 08 21;oui;ABL. BIOMATÉRIAU FACE +/- COU AB. DIRECT
MACA001;04C03 08C21 21C05;04 08 21;non;O.S FRAC. CLAV. À FOYER OUV.
MACA002;04C03 08C21 08C61 17C07 21C05;04 08 17 21;non;O.S FRAC. COL +/- GLÈNE SCAPULA À FOYER OUV.
MACA003;04C03 08C21 08C61 17C07 21C05;04 08 17 21;non;O.S FRAC. SCAPULA À FOYER OUV.
MACA004;04C03 08C21 21C05;04 08 21;non;O.S FRAC. CLAV. FIXATEUR EXT.
MACB001;04C03 08C21 21C05;04 08 21;non;O.S FRAC. CLAV. BROCHE À FOYER FERMÉ
MACB002;04C03 08C21 17C07 21C05;04 08 17 21;non;O.S FRAC. SCAPULA À FOYER FERMÉ
MAFA001;04C03 08C21 08C61 17C06 21C05;04 08 17 21;non;SCAPULECTOMIE PART. EMPORTANT
MAFA002;04C03 05C18 08C21 21C05;04 05 08 21;non;RÉSEC. MOINS 11/3CLAV.
MAFA003;04C03 08C21 08C61 17C07 21C05;04 08 17 21;non;SCAPULECTOMIE PART. RESPECTANT GLÈNE AB. DIRECT
MAFA004;04C03 05C18 08C21 08C61 21C05;04 05 08 21;non;RÉSEC. 11/3CLAV.
MAFA005;04C03 08C21 08C61 17C07 21C05;04 08 17 21;non;RÉSEC. SEGT CLAV. +O.S +GREF. PR PSEUDARTHROSE
MAFA006;04C03 08C35 21C05;04 08 21;non;EXÉRÈSE PART. SCAPULA CONTINUITÉ CONSERVÉE AB.
MAGA001;04C03 08C14 21C05;04 08 21;oui;AMO SCAPULA AB. DIRECT
MAGA002;04C03 08C14 08C61 21C05;04 08 21;non;ÉVIDEMENT SCAPULA +COMBLT AB. DIRECT
MAGA003;04C03 08C14 08C61 21C05;04 08 21;non;ÉVIDEMENT SCAPULA SANS COMBLT AB. DIRECT
MAPA001;04C03 08C21 08C61 17C07 21C05;04 08 17 21;non;O.TOMIE GLÈNE SCAPULA AB. DIRECT
MAPA002;04C03 08C21 21C05;04 08 21;non;O.TOMIE CLAV. AB. DIRECT
MAPA003;04C03 08C21 08C61 21C05;04 08 21;non;O.TOMIE ACROMION +/- ÉPINE SCAPULA AB. DIRECT
MBAA002;08C21 08C61 17C07;08 17;non;ALLONGT OS. PROGR. AU BRAS/À AV.B SYST. EXT.
MBCA001;08C35 08C61 17C07 21C05;08 17 21;non;O.S FRAC. EXTRAARTIC. INFRATUBÉROSITAIRE HUMÉRUS
MBCA002;08C35 08C61 17C07 21C05;08 17 21;non;O.S HUMÉRUS PR LYSE OS À FOYER OUV.
MBCA003;08C35 08C61 21C05;08 21;non;O.S 1FRAC. SUPRACONDYLAIRE HUMÉRUS À FOYER OUV.
MBCA004;08C35 08C61 17C07 21C05;08 17 21;non;O.S FRAC. TUBERC. MAJEUR +/- TUBERC. MINEUR À FOYER
MBCA005;08C35 08C61 17C07 21C05;08 17 21;non;O.S FRAC. CÉPHALOTUBÉROSITAIRE HUMÉRUS
MBCA006;08C35 08C61 17C07 21C05;08 17 21;non;O.S 1FRAC. CONDYL. CPLX HUMÉRUS À FOYER OUV.
MBCA007;08C35 08C61 17C06 21C05;08 17 21;non;O.S FRAC. DIAPHYS. HUMÉRUS FIXATEUR EXT.
MBCA008;08C35 21C05;08 21;non;O.S 1FRAC. CONDYL. SIMPLE HUMÉRUS À FOYER OUV.
MBCA009;08C35 08C61 17C07 21C05;08 17 21;non;O.S FRACTURE-LUXATION PROX. HUMÉRUS À FOYER OUV.
MBCA010;08C35 08C61 21C05;08 21;non;O.S 1FRAC. ÉPICONDYLE MÉDIAL/ÉPICONDYLE LAT.
MBCA011;08C35 08C61 17C07 21C05;08 17 21;non;O.S FRAC. DIAPHYS. HUMÉRUS À FOYER OUV.
MBCA012;08C35 08C61 21C05;08 21;non;O.S FRAC. INTRACAPS DIST. HUMÉRUS À FOYER OUV.
MBCB001;08C35 21C05;08 21;non;O.S 1FRAC. SUPRACONDYLAIRE HUMÉRUS À FOYER FERMÉ
MBCB002;08C35 08C61 17C07 21C05;08 17 21;non;O.S FRAC. DIAPHYS. HUMÉRUS MAT. CENTROMÉD. À FOYER
MBCB003;08C35 21C05;08 21;non;O.S 1FRAC. ÉPICONDYLE MÉDIAL/ÉPICONDYLE LAT.
MBCB004;08C35 21C05;08 21;non;O.S 1FRAC. CONDYLE MÉDIAL/CONDYLE LAT. HUMÉRUS À
MBCB005;08C35 21C05;08 21;non;O.S HUMÉRUS PR LYSE OS À FOYER FERMÉ
MBEB001;08K03;08;non;RÉDUC. PROGR FRAC. HUMÉRUS TRACTION CONTINUE SQLT
MBEP003;08K03;08;non;RÉDUC. PROGR FRAC. HUMÉRUS TRACTION CONTINUE NON
MBFA001;08C35 08C61 17C07 21C05;08 17 21;non;"RÉSEC. """"EN BLOC"""" 1EXTRÉMITÉ +/- DIAPHYS. HUMÉRUS"
MBFA002;08C35 08C61 21C05;08 21;non;RÉSEC. 1EXTRÉMITÉ +/- DIAPHYS. HUMÉRUS CONTINUITÉ
MBGA001;08C14 08C61 17C07 21C05;08 17 21;non;ÉVIDEMT ÉPIPH. PROX. HUMÉRUS CART. ÉPIPH. ACTIF +COMBLT
MBGA002;08C14 21C05;08 21;non;ÉVIDEMENT ÉPIPH PROX HUMÉRUS CART. ÉPIPH. ACTIF SANS
MBMA001;08C35 08C61 17C07 21C05;08 17 21;non;RECONSTR. 1EXTRÉMITÉ +/- DIAPHYS. HUMÉRUS GREF.
MBMA002;08C35 08C61 17C07 21C05;08 17 21;non;RECONSTR. 1EXTRÉMITÉ +/- DIAPHYS. HUMÉRUS APRÈS
MBPA001;08C35 08C61 17C07 21C05;08 17 21;non;DÉCORTICATION HUMÉRUS +O.S PR PSEUDARTHROSE
MBPA002;08C35 08C61 17C07 21C05;08 17 21;non;O.TOMIE ARTIC. PROX. HUMÉRUS
MBPA003;08C35 08C61 21C05;08 21;non;O.TOMIE CPLX DIAPHYS/DIST. HUMÉRUS
MBPA004;08C35 08C61 21C05;08 21;non;O.TOMIE SIMPLE DIAPHYS. HUMÉRUS
MBPA005;08C35 08C61 21C05;08 21;non;O.TOMIE EXTRAARTIC. PROX. HUMÉRUS
MBPA006;08C14 08C61 17C07 21C05;08 17 21;non;DÉCORTICATION HUMÉRUS PR PSEUDARTHROSE
MCAA001;08C39 08C61 21C05;08 21;non;ALLONGT EXTEMPORANÉ DIAPHYS. 1OS AV.B +GREF. OS.
MCCA001;08C39 08C61 21C05;08 21;non;O.S FRAC. PROX. 1OS AV.B À FOYER OUV.
MCCA002;08C39 21C05;08 21;non;O.S 1OS AV.B PR LYSE OS À FOYER OUV.
MCCA003;08C39 08C61 21C05;08 21;non;O.S FRAC DIAPHYS 1OS AV.B+RÉDUC. 1LUX AUTRE OS
MCCA004;08C39 08C61 21C05;08 21;non;O.S FRAC. DIAPHYS. 1OS AV.B À FOYER OUV.
MCCA005;08C39 08C61 21C05;08 21;non;O.S FRAC. DIST. 1OS AV.B À FOYER OUV.
MCCA006;08C39 21C05;08 21;non;O.S DES 2OS AV.B PR LYSE OS À FOYER OUV.
MCCA007;08C39 08C61 17C07 21C05;08 17 21;non;O.S FRAC. DIAPHYS 2OS AV.B+RÉDUC LUX COUDE/POIGNET
MCCA008;08C39 08C61 17C07 21C05;08 17 21;non;O.S FRAC. DIAPHYS. DES 2OS AV.B À FOYER OUV.
MCCA009;08C39 08C61 17C07 21C05;08 17 21;non;O.S FRAC. PROX. DES 2OS AV.B À FOYER OUV.
MCCA010;08C39 08C61 21C05;08 21;non;O.S FRAC. DIST. DES 2OS AV.B À FOYER OUV.
MCCA011;08C39 08C61 21C05;08 21;non;O.S FRAC. CPLX PROX. 1OS AV.B À FOYER OUV.
MCCB001;08C39 21C05;08 21;non;O.S FRAC. PROX. 1OS AV.B À FOYER FERMÉ
MCCB002;08C39 08C61 21C05;08 21;non;O.S FRAC. DIST. OS AV-B FIXATEUR EXT. À FOYER FERMÉ
MCCB003;08C39 21C05;08 21;non;O.S FRAC. DIAPHYS. 1OS AV.B À FOYER FERMÉ
MCCB004;08C39 08C61 21C05;08 21;non;O.S FRAC. DIST. 1OS AV.B BROCHE À FOYER FERMÉ
MCCB005;08C39 21C05;08 21;non;O.S FRAC. PROX. DES 2OS AV.B À FOYER FERMÉ
MCCB006;08C39 17C07 21C05;08 17 21;non;O.S DES 2OS AV.B PR LYSE OS À FOYER FERMÉ
MCCB007;08C39 21C05;08 21;non;O.S FRAC. DIAPHYS. DES 2OS AV.B À FOYER FERMÉ
MCCB008;08C39 21C05;08 21;non;O.S FRAC DIAPHYS 1OS AV.B+RÉDUC LUX AUTRE OS
MCCB009;08C39 21C05;08 21;non;O.S 1OS AV.B PR LYSE OS À FOYER FERMÉ
MCFA001;08C39 21C05;08 21;non;RÉSEC. SYNOSTOSE RADIO-ULNAIRE ACQUISE
MCFA002;08C39 21C05;08 21;non;RÉSEC. DIST. 1OS AV.B
MCFA003;08C35 21C05;08 21;non;RÉSEC. OLÉCRÂNE ARTHROTOMIE
MCFA004;08C35 21C05;08 21;non;RÉSEC. TÊTE RADIUS ARTHROTOMIE
MCFA005;08C39 21C05;08 21;non;RÉSEC. 1EXTRÉMITÉ +/- DIAPHYS. 1OS AV.B CONTINUITÉ
MCFA006;08C39 08C61;08;non;"RÉSEC. """"EN BLOC"""" 1EXTRÉMITÉ +/- DIAPHYS. 1OS AV.B"
MCKA002;08C25 08C61 17C07 21C05;08 17 21;non;REMPLT TÊTE RADIALE PROTH. AB. DIRECT
MCMA001;08C39 08C61 17C07 21C05;08 17 21;non;RECONSTR. GREF. 1EXTRÉM+/-DIAPHYS. 1OS AV.B APRÈS
MCMA002;08C39 08C61 17C07 21C05;08 17 21;non;RECONSTR. 1EXTRÉMITÉ +/- DIAPHYS. 1OS AV.B GREF. APRÈS
MCPA001;08C39 08C61 17C07;08 17;non;O.TOMIE AV.B PR SYNOSTOSE RADIO-ULNAIRE CONG.
MCPA002;08C39 08C61 21C05;08 21;non;O.TOMIE DIST. RADIUS
MCPA003;08C39 08C61 21C05;08 21;non;O.TOMIE DIST. DES 2OS AV.B
MCPA004;08C39 08C61 21C05;08 21;non;O.TOMIE CPLX DIAPHYS RADIUS+/-ULNA +RÉSEC SYNOSTOSE
MCPA005;08C39 21C05;08 21;non;O.TOMIE ULNA +ARTHRODÈSE ARTIC. RADIO-ULNAIRE DIST.
MCPA006;08C39 08C61 21C05;08 21;non;O.TOMIE CPLX DIAPHYS. 1OS AV.B
MCPA007;08C39 08C61 17C07 21C05;08 17 21;non;O.TOMIE CPLX DIAPHYS. DES 2OS AV.B
MCPA008;08C21 17C07 21C05;08 17 21;non;DISSOCIATION DES 2OS AV.B PR CRÉATION 1PINCE APRÈS
MCPA009;08C39 08C61 21C05;08 21;non;O.TOMIE DIST. RADIUS +RÉSEC. DIST. ULNA
MCPA010;08C39 21C05;08 21;non;O.TOMIE SIMPLE DIAPHYS. 1OS AV.B
MCPA011;08C39 08C61 17C07 21C05;08 17 21;non;DÉCORTICATION DES 2OS AV.B +O.S PR PSEUDARTHROSE
MCPA012;08C14 21C05;08 21;non;DÉCORTICATION DES 2OS AV.B PR PSEUDARTHROSE
MCPA013;08C39 08C61 17C07 21C05;08 17 21;non;DÉCORTICATION 1OS AV.B +O.S PR PSEUDARTHROSE
MCPA014;08C14 21C05;08 21;non;DÉCORTICATION 1OS AV.B PR PSEUDARTHROSE
MDAA001;08C21 08C61;08;non;ALLONGT OS. EXTEMPORANÉ À MAIN +GREF. OS.
MDAA002;08C21 17C07;08 17;non;ALLONGT OS. PROGR. À MAIN SYST. EXT.
MDCA001;08C60 21C04;08 21;non;O.S FRAC. OS SCAPHOÏDE À FOYER OUV.
MDCA002;08C44 21C04;08 21;non;O.S 1M.C PR LYSE OS À FOYER OUV.
MDCA003;08C44 21C04;08 21;non;O.S FRAC. ARTIC. 1OS MAIN FIXATEUR EXT.
MDCA004;08C43 21C04;08 21;non;O.S FRAC. ARTIC. PLUS. OS MAIN À FOYER OUV.
MDCA005;08C60 21C04;08 21;non;O.S 1PSEUDARTHROSE OS SCAPHOÏDE À FOYER OUV.
MDCA006;08C60 21C04;08 21;non;O.S FRAC. PLUS. OS CARPE À FOYER OUV.
MDCA007;08C43 21C04;08 21;non;O.S FRAC. EXTRAARTIC. PLUS. OS MAIN À FOYER OUV.
MDCA008;08C43 21C04;08 21;non;O.S FRAC. ARTIC. PLUS. OS MAIN FIXATEUR EXT.
MDCA009;08C43 21C04;08 21;non;O.S FRAC. EXTRAARTIC. PLUS. OS MAIN FIXATEUR EXT.
MDCA010;08C44 21C04;08 21;non;O.S FRAC. EXTRAARTIC. 1OS MAIN FIXATEUR EXT.
MDCA011;08C44 21C04;08 21;non;O.S FRAC. EXTRAARTIC. 1OS MAIN À FOYER OUV.
MDCA012;08C44 21C04;08 21;non;O.S FRAC. BASE 1ER M.C À FOYER OUV.
MDCA013;08C60 21C04;08 21;non;O.S FRAC. 1OS CARPE À FOYER OUV.
MDCA014;08C44 08C61 21C04;08 21;non;O.S FRAC. ARTIC. 1OS MAIN À FOYER OUV.
MDCB001;08C44 21C04;08 21;non;O.S 1M.C PR LYSE OS À FOYER FERMÉ
MDCB002;08C43 21C04;08 21;non;O.S FRAC. ARTIC. PLUS. OS MAIN BROCHE À FOYER FERMÉ
MDCB003;08C44 21C04;08 21;non;O.S FRAC. EXTRAARTIC. 1OS MAIN BROCHE À FOYER
MDCB004;08C43 21C04;08 21;non;O.S FRAC. EXTRAARTIC. PLUS. OS MAIN BROCHE À FOYER
MDCB005;08C44 21C04;08 21;non;O.S FRAC. ARTIC. 1OS MAIN BROCHE À FOYER FERMÉ
MDEA001;08C60 21C05;08 21;non;GREF. CORTICOSPONGIEUSE ENCASTRÉE OS SCAPHOÏDE
MDEA002;08C60 21C05;08 21;non;GREF. CORTICOSPONGIEUSE INTERCALÉE OS SCAPHOÏDE
MDEA003;08C60 21C05;08 21;non;GREF. CORTICOSPONGIEUSE PÉD. OS SCAPHOÏDE
MDEA004;08C43 21C04;08 21;non;RECONSTR. AGÉNÉSIE DIGIT TRANSFERT NON
MDFA001;08C43;08;non;RÉSEC. SEGT 1PHALANGE/1ARTIC. I.P POUCE +ANAST. PR
MDFA002;08C44 21C04;08 21;non;EXÉRÈSE PART. 1OS MAIN CONTINUITÉ CONSERVÉE AB.
MDFA003;08C60 21C04;08 21;non;RÉSEC. PART. 1OS CARPE SANS ARTHRODÈSE
MDFA004;08C60 21C04;08 21;non;RÉSEC. 1RE RANGÉE CARPE
MDFA005;08C60 21C04;08 21;non;"RÉSEC. """"EN BLOC"""" OS CARPE +/- MÉTACARPE"
MDFA006;08C60 21C04;08 21;non;RÉSEC. TOT. 1OS CARPE +ARTHRODÈSE INTRACARPIENNE
MDFA007;08C43;08;non;RÉSEC. CPLT 1PHALANGE POUCE +ANAST. PR
MDGA001;08C60 21C04;08 21;non;ÉVIDEMENT 1OS CARPE +COMBLT AB. DIRECT
MDGA002;08C14 21C05;08 21;non;AMO MAIN AB. DIRECT
MDGA003;08C43 21C04;08 21;non;ÉVIDEMENT 1OS MAIN SANS COMBLT AB. DIRECT
MDGA004;08C43 21C04;08 21;non;ÉVIDEMENT 1OS MAIN +COMBLT AB. DIRECT
MDGA005;08C21;08;non;DÉSÉPIPHYSIODÈSE PHALANGE TRIANGULAIRE DOIGT
MDHA001;08C12 09C25 09C33 09C34 10C08 11C08 12C09 12C10;08 09 10 11 12;non;BIOPSIE 1OS +/- 1ARTIC. MAIN AB. DIRECT
MDMA001;08C43 21C04;08 21;non;RECONSTR. 1OS MAIN GREF.
MDPA001;01C08 08C43 21C04;01 08 21;non;O.TOMIE PLUS. OS MAIN +LIBÉR. TENDON
MDPA002;08C43 21C04;08 21;non;O.TOMIE 1OS MAIN
MDPA003;08C43 21C04;08 21;non;O.TOMIE PLUS. OS MAIN
MDPA004;01C08 08C43 21C04;01 08 21;non;O.TOMIE 1OS MAIN +LIBÉR. TENDON
MDPA005;08C43;08;non;O.TOMIE 1ER M.C PR MALF. CONG.
MEDA001;01C08 08C35 08C61 17C07 21C05;01 08 17 21;non;ARTHRODÈSE SCAP.HUM ARTHROTOMIE
MEEA001;08C35 21C05;08 21;non;RÉDUC. 1LUX. SCAP.HUM +O.S FRAC. PROX. HUMÉRUS
MEEA002;04C03 08C21 08C61 17C07 21C05;04 08 17 21;non;RÉDUC. CHIR LUX. SCAP.HUM +O.S FRAC. GLÈNE/COL
MEEA003;04C03 08C21 08C61 17C07 21C05;04 08 17 21;non;RÉDUC. 1LUX. SCAP.HUM ARTHROTOMIE
MEEA004;04C03 08C21 21C05;04 08 21;non;RÉDUC. 1LUX. ACR.CLAV/STERN.CLAV AB. DIRECT
MEFA001;08C35 21C05;08 21;non;RÉSEC. BOURRELET GLÉNOÏDAL SCAP.HUM ARTHROTOMIE
MEFA003;08C35 21C05;08 21;non;SYNOVECTOMIE TOT. ARTIC. SCAP.HUM ARTHROTOMIE
MEFA004;08C25 08C61 17C06;08 17;non;HUMÉROSCAPULECTOMIE
MEFC001;08C58 21C05;08 21;non;RÉSEC. BOURRELET GLÉNOÏDAL SCAP.HUM A.SCOPIE
MEFC002;08C58 21C05;08 21;non;SYNOVECTOMIE TOT. ARTIC. SCAP.HUM A.SCOPIE
MEGA001;08C22 17C06 21C05;08 17 21;non;ABL. 1PROTH. ARTIC. SCAP.HUM +ARTHRODÈSE SCAP.HUM
MEGA002;08C22 08C61 17C06 21C05;08 17 21;non;ABL. 1PROTH. ARTIC. SCAP.HUM
MEJA001;08C35 08C61 17C07 21C05;08 17 21;non;NETTOYAGE ARTIC. SCAP.HUM ARTHROTOMIE
MEJC001;04C03 08C58 08C61 21C05;04 08 21;non;NETTOYAGE ARTIC. SCAP.HUM A.SCOPIE
MEKA001;08C22 08C61 17C06 21C05;08 17 21;non;CHANGT 1PROTH. TOT. SCAP.HUM
MEKA002;08C22 08C61 17C06 21C05;08 17 21;non;CHANGT 1PROTH. HUMÉRALE+/-PIÈCE GLÉNOÏD PROTH
MEKA003;08C22 08C61 17C06 21C05;08 17 21;non;CHANGT 1PROTH. HUMÉRALE PR 1PROTH. TOT. SCAP.HUM
MEKA004;08C22 08C61 17C06 21C05;08 17 21;non;CHANGT 1PROTH. HUMÉRALE/PIÈCE GLÉNOÏD PROTH. TOT.
MEKA005;08C25 08C61 17C06 21C05;08 17 21;non;PROTH. ÉPAULE UNIPOLAIRE/CUPULE MOBILE
MEKA006;08C25 08C61 17C06 21C05;08 17 21;non;REMPLT ARTIC. SCAP.HUM PROTH. TOT.
MEKA007;08C25 08C61 17C06 21C05;08 17 21;non;REMPLT ARTIC. SCAP.HUM PROTH. TOT. +O.TOMIE PROX.
MEKA008;08C25 08C61 17C06 21C05;08 17 21;non;PROTH. TOT.ÉPAULE +RÉINSERTION SUTURE +/-PLASTIE COIFFE
MEKA009;08C25 08C61 17C06 21C05;08 17 21;non;PROTH. ÉPAULE UNIPOLAIRE/CUPULE MOBILE +O.TOMIE PROX.
MEKA010;08C25 08C61 17C06 21C05;08 17 21;non;PROTH. ÉPAULE UNIPOLAIRE/CUPULE MOBILE
MELA001;08C22 08C61 17C06 21C05;08 17 21;non;REPOSE 1PROTH. ARTIC. SCAP.HUM
MEMA001;04C03 08C35 21C05;04 08 21;non;ARTHROPLASTIE STERN.CLAV RÉSEC. EXTRÉMITÉ MÉDIALE
MEMA003;08C35 08C61 17C07 21C05;08 17 21;non;RECONSTR. OS. ÉPAULE +ARTHRODÈSE APRÈS RÉSEC.
MEMA005;08C35 08C61 21C05;08 21;non;CONFECTION 1BUTÉE GLÉNOÏDALE PRÉLÈV. CORACOÏDIEN
MEMA006;04C03 08C35 21C05;04 08 21;non;ACR.PLAST SANS PROTH. AB. DIRECT
MEMA008;04C03 08C35 17C07 21C05;04 08 17 21;non;CAPS.PLAST ANT. +POST. ARTIC. SCAP.HUM +O.TOMIE
MEMA009;08C22 08C61 17C06 21C05;08 17 21;non;ARTHROPLASTIE ÉPAULE PROTH. MASSIVE/SUR MESURE
MEMA011;04C03 08C35 21C05;04 08 21;non;ARTHROPLASTIE ACR.CLAV RÉSEC. EXTRÉMITÉ LAT. CLAV.
MEMA012;04C03 08C35 21C05;04 08 21;non;CAPS.PLAST ANT/POST. ARTIC. SCAP.HUM AB. DIRECT
MEMA014;04C03 08C35 17C07 21C05;04 08 17 21;non;CAPS.PLAST ANT. +POST. ARTIC. SCAP.HUM AB. DIRECT
MEMA015;08C25 17C07 21C05;08 17 21;non;ARTHROPLASTIE SCAP.HUM SANS PROTH. AB. DIRECT
MEMA016;04C03 08C35 17C07 21C05;04 08 17 21;non;CAPS.PLAST ANT. +POST. ARTIC. SCAP.HUM +O.TOMIE
MEMA017;04C03 08C35 21C05;04 08 21;non;ACR.PLAST SANS PROTH+ARTHROPLASTIE ACR.CLAV RÉSEC.
MEMA018;08C35 08C61 17C07 21C05;08 17 21;non;CONFECTION 1BUTÉE GLÉNOÏDALE OS/O.MUSC AB. DIRECT
MEMC001;04C03 08C58 21C05;04 08 21;non;ARTHROPLASTIE ACR.CLAV RÉSEC. EXTRÉMITÉ LAT. CLAV.
MEMC002;08C58 21C05;08 21;non;CAPS.PLAST ANT/POST. ARTIC. SCAP.HUM A.SCOPIE
MEMC003;08C58 21C05;08 21;non;ACR.PLAST SANS PROTH. A.SCOPIE
MEMC004;08C58 21C05;08 21;non;RÉPAR. BOURRELET GLÉNOÏDAL SCAP.HUM A.SCOPIE
MEMC005;04C03 08C58 21C05;04 08 21;non;ACR.PLAST +ARTHROPLASTIE ACR.CLAV RÉSEC. EXTRÉMITÉ
MEPA001;01C08 08C35 21C05;01 08 21;non;LIBÉR. SCAP.HUM +/- SUBACROMIALE ARTHROTOMIE
MEPC001;01C08 08C58 21C05;01 08 21;non;LIBÉR. SCAP.HUM +/- SUBACROMIALE A.SCOPIE
MEQC001;08C58;08;non;EXPLO. BOURSE SÉREUSE SUBACROMIALE A.SCOPIE
MEQC002;08C58 21C05;08 21;non;EXPLO. ARTIC. ÉPAULE A.SCOPIE
MFCA001;08C35 21C05;08 21;non;SUTURE CAPS.LIG COLLATÉRAL ARTIC. COUDE AB. DIRECT
MFDA001;01C08 08C35 08C61 17C06 21C05;01 08 17 21;non;ARTHRODÈSE COUDE ARTHROTOMIE
MFDA002;08C35 21C05;08 21;non;ARTHRORISE COUDE BUTÉE TÉNODÈSE/CAPSULODÈSE AB.
MFEA001;08C35 21C05;08 21;non;RÉDUC. 1LUX. COUDE ARTHROTOMIE
MFEA002;08C35 21C05;08 21;non;RÉDUC. LUX COUDE+O.S FRAC. ÉPICONDYLE MÉDIAL/LAT.
MFEA003;08C35 08C61 17C07 21C05;08 17 21;non;RÉDUC. LUX. COUDE ARTHROTOMIE +O.S FRAC. PROX.
MFEB001;08C35 21C05;08 21;non;RÉDUC. 1LUX. COUDE +O.S FRAC. PROX. RADIUS/ULNA À FOYER
MFFA001;08C35 08C61 17C07;08 17;non;"RÉSEC. """"EN BLOC"""" COUDE"
MFFA002;08C35 08C61 21C05;08 21;non;SYNOVECTOMIE TOT. COUDE ARTHROTOMIE ANT.
MFFA003;08C29 08C46 21C05;08 21;non;EXÉRÈSE KYSTE SYNOVIAL COUDE AB. DIRECT
MFFC001;08C40 21C05;08 21;non;SYNOVECTOMIE TOT. COUDE A.SCOPIE
MFGA001;08C35 08C61 21C05;08 21;non;ABL. 1PROTH. TOT. COUDE
MFJA001;08C35 08C61 21C05;08 21;non;NETTOYAGE ARTIC. COUDE ARTHROTOMIE
MFJC001;08C40 08C61 21C05;08 21;non;NETTOYAGE ARTIC. COUDE A.SCOPIE
MFKA001;08C35 08C61 17C07 21C05;08 17 21;non;CHANGT PART/TOT. 1PROTH. ARTIC. COUDE
MFKA003;08C25 08C61 17C06 21C05;08 17 21;non;REMPLT ARTIC. COUDE PROTH. TOT. AB. DIRECT
MFMA001;08C35 08C61 17C07 21C05;08 17 21;non;RECONSTR. OS. COUDE +ARTHRODÈSE APRÈS RÉSEC. SEGT
MFMA003;08C35 08C61 17C07 21C05;08 17 21;non;ARTHROPLASTIE COUDE PROTH. MASSIVE/SUR MESURE APRÈS
MFMA005;08C35 21C05;08 21;non;ARTHROPLASTIE COUDE SANS PROTH. AB. DIRECT
MFPA001;01C08 08C35 08C61 17C07 21C05;01 08 17 21;non;LIBÉR. COUDE +RÉSEC. OSTÉOME SYNOSTOSIQUE AB.
MFPA002;01C08 08C35 08C61 21C05;01 08 21;non;LIBÉR. COUDE AB. DIRECT
MFPA003;01C08 08C35 08C61 21C05;01 08 21;non;LIBÉR. COUDE +LIBÉR. NF ULNAIRE AB. DIRECT
MFPC001;01C08 08C40 21C05;01 08 21;non;LIBÉR. COUDE A.SCOPIE
MFQC001;08C40 21C05;08 21;non;EXPLO. ARTIC. COUDE A.SCOPIE
MGCA001;01C08 08C60 21C04;01 08 21;non;SUTURE +/- RÉINSERTION LIG. ARTIC. POIGNET
MGCC001;08C40 21C05;08 21;non;SUTURE +/- RÉINSERTION LIG. ARTIC. POIGNET A.SCOPIE
MGDA001;08C60 21C04;08 21;non;ARTHRODÈSE INTRACARPIENNE ARTHROTOMIE
MGDA002;01C08 08C60 08C61 21C04;01 08 21;non;ARTHRODÈSE RADIOCARPIENNE ARTHROTOMIE
MGEA001;08C60 21C04;08 21;non;RÉDUC. 1LUX. POIGNET +O.S FRAC. 1OS CARPE ARTHROTOMIE
MGEA002;08C60 21C04;08 21;non;RÉDUC. 1LUX. POIGNET ARTHROTOMIE
MGFA001;08C60 21C04;08 21;non;"RÉSEC. """"EN BLOC"""" POIGNET"
MGFA002;01C08 08C59 21C04;01 08 21;non;SYNOVECTOMIE RADIO-ULNAIRE DIST. ARTHROTOMIE
MGFA003;01C08 08C59 21C04;01 08 21;non;SYNOVECTOMIE TOT. DES ARTIC. POIGNET ARTHROTOMIE
MGFA004;08C29 08C46 21C04;08 21;oui;EXÉRÈSE KYSTE SYNOVIAL +TÉNOSYNOVECTOMIE
MGFA005;01C08 08C59 21C04;01 08 21;non;SYNOVECTOMIE RADIOCARPIENNE +/- INTRACARPIENNE
MGFA006;08C60 21C04;08 21;non;CENTRALISATION POIGNET RÉSEC. PART.+O.S +O.TOMIE
MGFA007;08C29 08C46 21C04;08 21;oui;EXÉRÈSE KYSTE SYNOVIAL POIGNET AB. DIRECT
MGFC001;08C40 21C05;08 21;non;SYNOVECTOMIE RADIO-ULNAIRE DIST. A.SCOPIE
MGFC002;08C40 21C05;08 21;non;SYNOVECTOMIE RADIOCARPIENNE +/- INTRACARPIENNE
MGFC003;08C40 21C05;08 21;non;SYNOVECTOMIE TOT. DES ARTIC. POIGNET A.SCOPIE
MGGA001;08C60 08C61 21C04;08 21;non;ABL. 1PROTH. TOT. RADIOCARPIENNE
MGGA002;08C60 21C04;08 21;non;ABL. 1PROTH. ARTIC. POIGNET
MGJA001;08C60 08C61 21C04;08 21;non;NETTOYAGE DES ARTIC. POIGNET ARTHROTOMIE
MGJC001;08C40 21C05;08 21;non;NETTOYAGE DES ARTIC. POIGNET A.SCOPIE
MGKA001;08C60 21C04;08 21;non;CHANGT PART/TOT. 1PROTH. ARTIC. POIGNET
MGKA002;08C60 08C61 21C04;08 21;non;REMPLT ARTIC. RADIOCARPIENNE PROTH. TOT. AB. DIRECT
MGKA003;08C60 21C04;08 21;non;REMPLT ARTIC. POIGNET PROTH. PART. AB. DIRECT
MGMA002;08C60 21C04;08 21;non;RECONSTR. OS. POIGNET +ARTHRODÈSE APRÈS RÉSEC.
MGMA003;08C60 21C04;08 21;non;ARTHROPLASTIE POIGNET SANS PROTH. PR RADIALISATION
MGMA004;01C08 08C60 21C04;01 08 21;non;CAPS.PLAST 1ARTIC. POIGNET AB. DIRECT
MGMA005;08C60 21C04;08 21;non;CRÉATION 1BUTÉE ULNAIRE AU POIGNET AB. DIRECT
MGMA006;08C60 21C04;08 21;non;ARTHROPLASTIE POIGNET PROTH. MASSIVE/SUR MESURE
MGPA001;01C08 08C60 21C04;01 08 21;non;LIBÉR. MOBILISATRICE DES ARTIC. POIGNET AB. DIRECT
MGQC001;08C40 21C05;08 21;non;EXPLO. ARTIC. POIGNET A.SCOPIE
MHCA001;08C44 21C04;08 21;oui;SUTURE CAPS.LIG PLUS. ARTIC. M.C.P
MHCA002;08C44 21C04;08 21;oui;SUTURE CAPS.LIG ARTIC. M.C.P POUCE AB. DIRECT
MHCA003;08C44 21C04;08 21;oui;SUTURE CAPS.LIG 1ARTIC. M.C.P
MHDA001;08C43 21C04;08 21;non;ARTHRODÈSE PLUS. ARTIC. M.C.P +/- I.P DOIGT
MHDA002;08C43 21C04;08 21;non;ARTHRODÈSE INTERMÉTA 1ER ESP. ARTHROTOMIE
MHDA003;08C43 21C04;08 21;non;ARTHRODÈSE T.M.C ARTHROTOMIE
MHDA004;08C43 21C04;08 21;non;ARTHRODÈSE CARPOMÉTA. ARTHROTOMIE
MHDA005;08C43 21C04;08 21;non;ARTHRODÈSE 1ARTIC. M.C.P/I.P 1DOIGT ARTHROTOMIE
MHDB001;08C44 21C04;08 21;non;ARTHRORISE TEMP. 1ARTIC. M.C.P/I.P 1DOIGT BROCHE
MHEA001;08C43 21C04;08 21;non;RÉDUC. LUX. PLUS. ARTIC. M.C.P +/- I.P DOIGT
MHEA002;08C43 21C04;08 21;non;RÉDUC. 1LUX. T.M.C ARTHROTOMIE
MHEA003;08C43 21C04;08 21;non;RÉDUC. 1LUX. ARTIC. M.C.P/I.P 1DOIGT ARTHROTOMIE
MHEA004;08C43 21C04;08 21;non;RÉDUC. 1LUX. CARPOMÉTA. ARTHROTOMIE
MHFA001;01C08 08C44 21C04;01 08 21;oui;SYNOVECTOMIE 1ARTIC. M.C.P/I.P 1DOIGT AB. DIRECT
MHFA002;01C08 08C29 08C46 21C04;01 08 21;oui;EXÉRÈSE KYSTE SYNOVIAL/MUCOÏDE 1ARTIC/1GAINE
MHFA003;01C08 08C44 21C04;01 08 21;oui;SYNOVECTOMIE PLUS. ARTIC. M.C.P +/- I.P DOIGT AB.
MHJA001;08C43 21C04;08 21;oui;ÉVAC. COLLECTION ARTIC. MAIN ARTHROTOMIE
MHMA001;08C43 21C04;08 21;non;ARTHROPLASTIE PLUS. ARTIC. M.C.P +/- I.P DOIGT
MHMA002;08C43 21C04;08 21;non;ARTHROPLASTIE 1ARTIC. M.C.P/I.P 1DOIGT
MHMA003;08C43 17C07 21C04;08 17 21;non;RECONSTR. 1ARTIC. MAIN TRANSFERT LIBRE +ANAST.
MHMA004;08C43 21C04;08 21;non;RECONSTR. 1ARTIC. MAIN TRANSFERT PÉD.
MHMA005;08C43 21C04;08 21;non;ARTHROPLASTIE T.M.C
MHPA001;01C08 08C43 21C04;01 08 21;non;LIBÉR. MOBILISATRICE PLUS. ARTIC. MAIN AB. DIRECT
MHPA002;01C08 08C44 21C04;01 08 21;non;LIBÉR. MOBILISATRICE 1ARTIC. MAIN AB. DIRECT
MHPA003;01C08 08C43 21C04;01 08 21;non;LIBÉR. MOBILISATRICE PLUS. ARTIC. MAIN +LIBÉR. TENDON
MHPA004;01C08 08C44 21C04;01 08 21;non;LIBÉR. MOBILISATRICE 1ARTIC. MAIN +LIBÉR. TENDON AB.
MJAA001;01C08 08C43 21C04;01 08 21;non;ALLONGT DES TENDONS +/- EXTENS AB. DIRECT
MJAA002;01C08 08C43 21C04;01 08 21;non;ALLONGT DES TENDONS +/- DÉSINSERTION FLÉCH
MJCA001;08C44 21C04;08 21;oui;SUTURE 1TENDON FLÉCH. 1RAYON AB. DIRECT
MJCA002;08C43 21C04;08 21;oui;SUTURES DES 2TENDONS FLÉCH DES DOIGTS 1RAYON AB.
MJCA003;01C08 05C06 05C10 05C11 08C43 21C04;01 05 08 21;oui;SUTURES TENDON FLÉCH DES DOIGTS 1NF +1ART. PALM.
MJCA005;01C08 08C44 21C04;01 08 21;oui;SUTURES 1TENDON FLÉCH. +2NF PALM. 1RAYON
MJCA006;01C08 08C44 21C04;01 08 21;oui;SUTURES 1TENDON FLÉCH. +1NF PALM. 1RAYON
MJCA007;01C08 08C43 21C04;01 08 21;oui;SUTURES DES 2TENDONS FLÉCH DES DOIGTS +DES 2NF
MJCA008;01C08 08C43 21C04;01 08 21;oui;SUTURES DES 2TENDONS FLÉCH DES DOIGTS +1NF PALM.
MJCA010;01C08 05C06 05C10 05C11 08C43 21C04;01 05 08 21;oui;SUTURES TENDON FLÉCH DES DOIGTS DES 2NF +1/2ART.
MJCA012;08C44 21C04;08 21;oui;SUTURE APP. EXTENS. 1DOIGT SUTURE 1RAYON AB. DIRECT
MJDA001;01C08 08C29 08C42 21C05;01 08 21;non;TÉNODÈSE +/- RÉSEC. PORTION ARTIC. BICEPS AB. DIRECT
MJDC001;08C58 21C05;08 21;non;TÉNODÈSE +/- RÉSEC. PORTION ARTIC. BICEPS  A.SCOPIE
MJEA001;01C08 08C43 21C04;01 08 21;non;TRANSFERT M.T PR RÉTABL. OUV. DES DOIGTS LONGS +POUCE
MJEA002;01C08 08C43 21C04;01 08 21;non;TRANSFERT M.T PR RÉTABL. OUV. DES DOIGTS LONGS
MJEA003;01C08 08C43 21C04;01 08 21;non;TRANSFERT M.T PR RÉTABL. DES FCT INTRINSÈQUES DES
MJEA004;08C44 21C04;08 21;non;RÉINSERTION TRANSOSSEUSE TENDON SUR 1PHALANGE
MJEA005;01C08 08C60 21C04;01 08 21;non;TRANSFERT M.T PR RÉTABL. EXTENS. POIGNET
MJEA006;04C03 08C35 08C61 17C07 21C05;04 08 17 21;non;SUTURE PLUS. TENDONS COIFFE ÉPAULE AB. DIRECT
MJEA007;01C08 08C43 21C04;01 08 21;non;TRANSFERT M.T PR RÉTABL. OUV. POUCE
MJEA008;01C08 08C43 21C04;01 08 21;non;TRANSFERT M.T PR RÉTABL. EXTENS. POIGNET +OUV. DES
MJEA009;01C08 08C43 21C04;01 08 21;non;TRANSFERT TEND. +/- TÉNODÈSE PR RÉTABL. FERM. POUCE
MJEA010;04C03 08C35 17C07 21C05;04 08 17 21;non;SUTURE 1TENDON COIFFE ÉPAULE AB. DIRECT
MJEA011;01C08 08C43 21C04;01 08 21;non;TRANSFERT M.T+/-TÉNODÈSE+/-CAPSULODÈSE PR RÉTABL FCT
MJEA012;01C08 08C29 08C42 21C05;01 08 21;non;TRANSFERT M.T PR RÉTABL. FLEXION ACTIVE COUDE
MJEA013;01C08 08C43 21C04;01 08 21;non;TRANSFERT M.T+/-TÉNODÈSE+/-CAPSULODÈSE RÉTABL FCT
MJEA014;01C08 08C43 21C04;01 08 21;non;TRANSFERT M.T +PLASTIE 1ER ESP. M.C PR HYPOPLASIE POUCE
MJEA015;01C08 08C43 21C04;01 08 21;non;TRANSFERT M.T PR RÉTABL. FERM. DES DOIGTS LONGS
MJEA016;01C08 08C29 08C42 08C61 17C07 21C05;01 08 17 21;non;TRANSPOSITION MUSC.TEND +/- FIXATION SCAPULA PR
MJEA017;04C03 08C21 21C05;04 08 21;non;STABILIS CLAV. PR TRANSFERT O.MUSC
MJEA018;01C08 08C43 21C04;01 08 21;non;TRANSFERT M.T PR RÉTABL. FERM. DES DOIGTS LONGS
MJEA019;08C29 08C42 21C05;08 21;non;RÉINSERTION MUSC. BICEPS BRACHIAL SUR RADIUS
MJEA020;01C08 08C43 21C04;01 08 21;non;TRANSFERT M.T RÉTABL. FERM. DOIGTS+POUCE +FCT
MJEA021;01C08 08C29 08C42 21C05;01 08 21;non;TRANSFERT M.T PR RÉTABL. EXTENS. COUDE
MJEC001;08C58 21C05;08 21;non;SUTURE 1TENDON COIFFE ÉPAULE A.SCOPIE
MJEC002;08C58 21C05;08 21;non;SUTURE PLUS. TENDONS COIFFE ÉPAULE A.SCOPIE
MJFA001;08C35 21C05;08 21;non;EXÉRÈSE CALCIF. TEND. COIFFE ÉPAULE AB. DIRECT
MJFA002;01C08 08C59 08C61 21C04;01 08 21;non;TÉNOSYNOVECTOMIE EXTENS. AU POIGNET ARTHRODÈSE
MJFA004;01C08 08C59 21C04;01 08 21;non;TÉNOSYNOVECTOMIE EXTENS AU POIGNET AB. DIRECT
MJFA005;08C29 08C46 21C05;08 21;non;EXÉRÈSE 1HYGROMA COUDE AB. DIRECT
MJFA006;01C08 08C44;01 08;non;FASCIECTOMIE PALMODIGITALE 1RAYON AB. DIRECT
MJFA007;01C08 08C59 21C04;01 08 21;non;TÉNOSYNOVECTOMIE EXTENS. POIGNET+RÉSEC. DIST
MJFA008;08C29 08C46 09C24 09C27 09C28 09C29 09C30 09C31 21C05;08 09 21;oui;EXÉRÈSE LÉS. FASCIA +/- SSFASCIA DES TISSUS MOUS
MJFA009;08C29 08C42 08C61 09C25 09C33 09C34 21C05;08 09 21;oui;EXCISION FASCIITE NÉCROSANTE AV.B +/- MAIN
MJFA010;01C08 08C44;01 08;non;FASCIECTOMIE PALMODIGITALE SUR PLUS. RAYONS MAIN AB.
MJFA011;08C44 09C25 09C33 09C34;08 09;non;RÉSEC. DES TISSUS MOUS MAIN +PLASTIE CUT. +RÉSEC. NF PR
MJFA012;01C08 08C44 21C04;01 08 21;non;TÉNOSYNOVECTOMIE FLÉCH DES DOIGTS SUR PLUS. RAYONS
MJFA013;01C08 08C59 21C04;01 08 21;non;TÉNOSYNOVECTOMIE
MJFA014;01C08 08C59 21C04;01 08 21;non;TÉNOSYNOVECTOMIE EXTENS. AU POIGNET AB. DIRECT
MJFA015;01C08 08C44 21C04;01 08 21;non;TÉNOSYNOVECTOMIE FLÉCH DES DOIGTS 1RAYON AB. DIRECT
MJFA016;01C08 08C59 21C04;01 08 21;non;TÉNOSYNOVECTOMIE EXTENS. AU
MJFA017;08C44 09C25 09C33 09C34;08 09;non;RÉSEC. TISSUS MOUS MAIN +PLASTIE CUT. SANS RÉSEC. NF PR
MJFA018;01C08 08C59 21C04;01 08 21;non;TÉNOSYNOVECTOMIE FLÉCH AU POIGNET/À PAUME MAIN AB.
MJFC001;08C58 21C05;08 21;non;EXÉRÈSE CALCIF. TEND. COIFFE ÉPAULE A.SCOPIE
MJGA001;08C29 08C42 21C05;08 21;non;ABL. C.E COULISSE BICIPITALE AB. DIRECT
MJJA001;08C43 21C04;08 21;oui;ÉVAC. 1PHLEGMON GAINE SYNOVIALE DIGIT/DIGIT.CARP AB.
MJJA002;08C43 21C04;08 21;oui;ÉVAC PHLEGMON GAINE SYNOVIALE DIGIT.CARP
MJJA003;08C29 08C42 09C25 09C33 09C34 21C04;08 09 21;oui;ÉVAC. SUPPURATION PROF. MAIN+/-AV.B GAINES
MJJA004;08C42 21C04;08 21;oui;ÉVAC. PHLEGMON GAINE SYNOVIALE DIGIT/DIGIT.CARP
MJMA002;08C44 21C04;08 21;oui;SUTURE APP. EXTENS. 1DOIGT +SUTURE 1ARTIC. 1RAYON
MJMA003;08C35 08C61 17C07 21C05;08 17 21;non;RÉPAR. COIFFE ÉPAULE AUTOPLASTIE +/- PROTH. AB. DIRECT
MJMA006;01C08 08C43 21C04;01 08 21;non;RECONSTR. 1TENDON MAIN TRANSPLANT LIBRE 2TEMPS
MJMA009;08C43 21C04;08 21;non;RECONSTR. 1TENDON MAIN TRANSPLANT PÉD. 1TEMPS
MJMA010;08C44 21C04;08 21;oui;SUTURE APP. EXTENS. 1DOIGT GREF/PLASTIE 1RAYON AB.
MJMA012;08C43 21C04;08 21;non;RECONSTR. PARTIE CRUCIFORME GAINE DIGIT. GREF. 1RAYON
MJMA013;08C43 21C04;08 21;non;RECONSTR. 1TENDON MAIN TRANSPLANT LIBRE 1TEMPS
MJMA014;01C08 08C43 21C04;01 08 21;non;RECONSTR. 1TENDON MAIN TRANSPLANT PÉD. 2TEMPS
MJMA015;01C08 05C06 05C10 05C11 08C44 21C04;01 05 08 21;oui;SUTURE APP. EXTENS. 1DOIGT +SUTURES 1NF +1ART. PALM.
MJMA016;01C08 05C06 05C10 05C11 08C44 21C04;01 05 08 21;oui;SUTURE APP. EXTENS. 1DOIGT +SUTURE 1NF/1ART. PALM.
MJPA001;08C29 08C42;08;non;DÉSINSERTION MUSC.TEND.CUT ÉTENDUE PR MALF.
MJPA002;01C08 08C44 21C04;01 08 21;non;LIBÉR. TENDONS FLÉCH. 1RAYON AB. DIRECT
MJPA003;01C08 08C43 21C04;01 08 21;non;LIBÉR. TISSUS MOUS 1ER ESP. M.C +ARTHRODÈSE COLONNE
MJPA004;01C08 08C29 08C42 09C23 09C33 09C34 21C05;01 08 09 21;non;DÉSINSERTION MUSC. SUBSCAPULAIRE +TRANSFERT MUSC.
MJPA005;01C08 08C44;01 08;non;FASCIOTOMIE PALM. AB. DIRECT
MJPA006;01C08 08C29 08C42 21C05;01 08 21;non;DÉSINSERTION MUSC. SUBSCAPULAIRE SANS TRANSFERT
MJPA007;01C08 08C44 21C04;01 08 21;non;LIBÉR. DES TISSUS MOUS 1ER ESP. M.C AB. DIRECT
MJPA008;01C08 08C43 21C04;01 08 21;non;LIBÉR. TISSUS MOUS 1ER ESP. M.C +ARTHROPLASTIE/LIBÉR.
MJPA009;08C44 21C04;08 21;non;LIBÉR. TENDON 1MUSC. EXTENS. 1DOIGT 1RAYON AB. DIRECT
MJPA011;01C08 08C44 21C04;01 08 21;non;LIBÉR. TENDON AU POIGNET +TÉNOSYNOVECTOMIE AB. DIRECT
MJPA012;01C08 08C29 08C46 09C25 09C33 09C34 21C05;01 08 09 21;non;DÉSINSERT DES MUSC. ÉPICONDYLIENS LAT. AU COUDE AB.
MJPA013;08C44;08;non;PLASTIE AGRANDT PARTIE CRUCIFORME GAINE DIGIT. 1RAYON
MJPA014;08C43 09C25 09C33 09C34;08 09;non;SÉPARATION SYNDACTYLIE DOIGTS SQLT NL +AUTOPLASTIE
MJPB001;01C08 08C44;01 08;non;FASCIOTOMIE PALM. TRANSCUT.
MJPC800;01C08 08C29 08C46 09C25 09C33 09C34 21C05;01 08 09 21;non;DÉSINSERT DES MUSC. ÉPICONDYLIENS LAT. AU COUDE
MZEA001;08C43 17C06 21C05;08 17 21;non;RÉIMPLANT. 2DOIGTS
MZEA002;08C21 17C06 21C05;08 17 21;non;RÉIMPLANT. MAIN SECTIONNÉE NIV. MÉTACARPE
MZEA003;08C43 08C61 17C06 21C05;08 17 21;non;RÉIMPLANT. 4/5DOIGTS
MZEA004;08C43 08C61 21C04;08 21;non;POLLICISATION 1MOIGNON DOIGT
MZEA005;08C43 21C04;08 21;non;TRANSLOCATION DOIGT 1RAYON MAIN
MZEA007;08C21 08C61 17C06 21C05;08 17 21;non;RÉIMPLANT. MB SUP. SECTIONNÉ AU DESSUS POIGNET
MZEA008;08C43 08C61 17C07 21C04;08 17 21;non;POLLICISATION 1DOIGT CPLT
MZEA009;08C43 21C04;08 21;non;TRANSLOCATION DOIGT 2RAYONS MAIN
MZEA010;08C43 08C61 17C07 21C05;08 17 21;non;RÉIMPLANT. 1DOIGT
MZEA011;08C21 17C06 21C05;08 17 21;non;RÉIMPLANT. MAIN SECTIONNÉE AU POIGNET
MZEA012;08C43 17C06 21C05;08 17 21;non;RÉIMPLANT. 3DOIGTS
MZFA001;05C13 08C43 09C23 09C33 09C34 21C04 22C03;05 08 09 21 22;non;AMPUT. CPLT 1RAYON MAIN
MZFA002;05C13 08C06 08C61 09C23 09C33 09C34 17C06 21C04 22C03;05 08 09 17 21 22;non;AMPUT. TRANSHUMÉRALE
MZFA003;05C13 08C43 09C23 09C33 09C34 17C07 21C04 22C03;05 08 09 17 21 22;non;AMPUT. CPLT PLUS. RAYONS MAIN
MZFA004;05C13 08C06 08C61 09C23 09C33 09C34 17C07 21C04 22C03;05 08 09 17 21 22;non;DÉSARTIC. POIGNET
MZFA005;05C13 08C06 08C61 09C23 09C33 09C34 17C06 21C04 22C03;05 08 09 17 21 22;non;AMPUT. TRANSRADIO-ULNAIRE
MZFA006;08C21 21C05;08 21;non;EXÉRÈSE PART. 1OS MB SUP. CONTINUITÉ CONSERVÉE AB.
MZFA007;05C13 08C43 09C23 09C33 09C34 21C04 22C03;05 08 09 21 22;non;AMPUT. +/- DÉSARTIC. PLUS. DOIGTS SANS RÉSEC. DES M.C
MZFA008;08C44;08;non;AMPUT. 1DOIGT SURNUMÉRAIRE AUTRE QUE POUCE
MZFA009;05C13 08C06 08C61 09C25 09C33 09C34 17C06 21C04 22C03;05 08 09 17 21 22;non;DÉSARTIC. INTERSCAPULOTHORACIQUE
MZFA010;05C13 08C06 08C61 09C25 09C33 09C34 17C07 21C04 22C03;05 08 09 17 21 22;non;DÉSARTIC. SCAP.HUM
MZFA011;05C13 08C06 09C23 09C33 09C34 21C04 22C03;05 08 09 21 22;non;DÉSARTIC. COUDE
MZFA012;08C44;08;non;AMPUT. 1DOIGT SURNUMÉRAIRE AUTRE QUE POUCE +RÉSEC.
MZFA013;05C13 08C43 09C24 09C33 09C34 21C04 22C03;05 08 09 21 22;non;AMPUT/DÉSARTIC. 1DOIGT SANS RÉSEC. M.C
MZFA014;08C44;08;non;AMPUT. 1POUCE SURNUMÉRAIRE
MZFA015;08C43;08;non;AMPUT. 1POUCE SURNUMÉRAIRE +O.TOMIE/CAPS.PLAST
MZGA003;08C14 21C05;08 21;non;ÉVIDEMENT 1OS MB SUP. SANS COMBLT AB. DIRECT
MZGA004;08C14 08C61 21C05;08 21;non;ÉVIDEMENT 1OS MB SUP. +COMBLT AB. DIRECT
MZHA001;08C12 09C25 09C33 09C34 10C08 11C08 12C09 12C10;08 09 10 11 12;oui;BIOPSIE 1OS +/- 1ARTIC. MB SUP. AB. DIRECT
MZMA001;01C08 05C06 05C10 05C11 08C21 21C05;01 05 08 21;non;RÉPAR. 1HÉMISECTION ANT. POIGNET +ISCHÉM. CPLT MAIN
MZMA002;08C43 08C61 17C06 21C04;08 17 21;non;RECONSTR. 1DOIGT TRANSFERT LIBRE TOT. DOIGT/ORTEIL
MZMA003;08C43 08C61 17C07 21C04;08 17 21;non;RECONSTR. 1DOIGT TRANSFERT LIBRE PART. VASCULARISÉ
MZMA004;01C08 08C43 21C04;01 08 21;non;SUTURE TENDON +SUTURE NF MÉDIAN À FACE ANT. POIGNET
MZPA002;08C43;08;non;SÉPAR. SYNDACTYLIE CPLX DOIGTS +O.TOMIE
NACA001;08C04 08C49 08C50 08C61 17C06 21C05;08 17 21;non;O.S FRAC. BASSIN À FOYER OUV.
NACA002;08C04 08C49 08C50 08C61 17C06 21C05;08 17 21;non;O.S PLURIFOCALE FRAC. BASSIN À FOYER OUV.
NACA003;08C04 08C49 08C50 08C61 17C06 21C05;08 17 21;non;O.S FRAC. ACÉTAB. AB. ANT.
NACA004;08C04 08C49 08C50 08C61 17C06 21C05;08 17 21;non;O.S FRAC. DES COLONNES ANT. +POST. ACÉTAB. 1/2AB.
NACA005;08C04 08C49 08C50 08C61 17C06 21C05;08 17 21;non;O.S FRAC. ACÉTAB. AB. POST.
NACB001;08C04 08C49 08C50 08C61 17C06 21C05;08 17 21;non;O.S FRAC. BASSIN À FOYER FERMÉ
NAFA001;08C04 08C49 08C50 17C06;08 17;non;"RÉSEC. ""EN BLOC"" OS COXAL/FÉMUR +ARTHRECTOMIE"
NAFA002;08C13 08C61 17C07 21C05;08 17 21;non;EXÉRÈSE PART. OS COXAL CONTINUITÉ CONSERVÉE AB.
NAFA003;08C04 08C49 08C50 08C61 17C06;08 17;non;"RÉSEC. CPLT ""EN BLOC"" 1OS COXAL EMPORTANT ACÉTAB."
NAFA004;08C04 08C49 08C50 08C61 17C07 21C05;08 17 21;non;RÉSEC. PART. AILE ILIAQ/CADRE OBT. CONTINUITÉ
NAFA006;08C04 08C49 08C50 08C61 17C06 21C05;08 17 21;non;RÉSEC. EN BLOC AILE ILIAQ/CADRE OBT. INTERROMP
NAGA001;08C13 21C05;08 21;oui;AMO ACÉTAB/OS COXAL AB. DIRECT
NAGA002;08C13 08C61 17C07 21C05;08 17 21;non;ÉVIDEMENT OS COXAL +COMBLT AB. DIRECT
NAGA003;08C13 08C61 17C07 21C05;08 17 21;non;ÉVIDEMENT OS COXAL SANS COMBLT AB. DIRECT
NAHA001;08C12 08C61 09C23 10C08 11C08 12C09 12C10;08 09 10 11 12;non;BIOPSIE CORTICALE INT. OS COXAL AB. DIRECT
NAHA002;08C12 08C61 10C08 11C08 12C09 12C10;08 10 11 12;oui;BIOPSIE CORTICALE EXT. OS COXAL AB. DIRECT
NAMA002;08C21 08C61 17C06 21C05;08 17 21;non;RECONSTR. OS COXAL APRÈS RÉSEC. ZONE ACÉTAB. SANS
NAPA001;08C04 08C49 08C50 08C61 17C06 21C05;08 17 21;non;O.TOMIE SUPRAACÉTABULAIRE OS COXAL 1SECTION
NAPA002;08C04 08C49 08C50 08C61 17C06 21C05;08 17 21;non;O.TOMIE EXTRAACÉTABULAIRE OS COXAL PLUS. SECTIONS
NAPA003;08C04 08C49 08C50 08C61 17C06 21C05;08 17 21;non;O.TOMIE SUPRAACÉTAB OS COXAL 1SECTION
NAPA004;08C04 08C49 08C50 08C61 17C06 21C05;08 17 21;non;O.TOMIE SUPRAACÉTABULAIRE OS COXAL 1SECTION
NAPA005;08C04 08C49 08C50 08C61 17C06 21C05;08 17 21;non;O.TOMIE SUPRAACÉTABULAIRE OS COXAL 1SECTION
NAPA006;08C04 08C49 08C50 08C61 17C06 21C05;08 17 21;non;O.TOMIE PÉRIACÉTABULAIRE OS COXAL
NAPA007;08C04 08C49 08C50 08C61 17C06 21C05;08 17 21;non;O.TOMIE EXTRAACÉTABULAIRE OS COXAL PLUS. SECTIONS
NAPA008;08C04 08C49 08C50 08C61 17C06 21C05;08 17 21;non;O.TOMIE EXTRAACÉTABULAIRE OS COXAL PLUS. SECTIONS
NBAA001;08C21 08C61 17C06 21C05;08 17 21;non;ALLONGT OS. PROGR. FÉMUR/TIBIA SYST. INT. +ALLONGT TEND.
NBAA003;08C31 08C32 08C57 08C61 17C06;08 17;non;ALLONGT OS. PROGR. FÉMUR/TIBIA SYST. INT.
NBAA004;08C31 08C32 08C57 08C61 17C06 21C05;08 17 21;non;ALLONGT OS. PROGR. FÉMUR/TIBIA SYST. EXT. +ALLONGT
NBAA005;08C31 08C32 08C57 08C61 17C06;08 17;non;ALLONGT OS. PROGR. FÉMUR/TIBIA SYST. EXT.
NBAA006;08C21 08C61 17C06;08 17;non;ALLONGT OS EXTEMPORANÉ FÉMUR + AUTOGREF
NBCA001;08C53 08C54 08C61 17C07 21C05;08 17 21;non;O.S FRAC. CPLX PATELLE À FOYER OUV.
NBCA002;08C53 08C54 08C61 17C07 21C05;08 17 21;non;O.S FRAC. SIMPLE PATELLE À FOYER OUV.
NBCA003;08C04 08C49 08C50 08C61 17C06 21C05;08 17 21;non;O.S FRAC. CPLX SUPRACONDYLAIRE +INTERCONDYLAIRE
NBCA004;08C04 08C49 08C50 08C61 17C06 21C05;08 17 21;non;O.S GD TROCHANTER PR PSEUDARTHROSE
NBCA005;08C04 08C49 08C50 08C61 17C06 21C05;08 17 21;non;O.S FRAC. INTRACAPS COL F DÉCOLLT
NBCA006;08C04 08C49 08C50 08C61 17C06 21C05;08 17 21;non;O.S FRAC. TROCHANT/SS-TROCH FÉMUR
NBCA007;08C04 08C49 08C50 08C61 17C06 21C05;08 17 21;non;O.S FRAC. DIAPHYS. FÉMUR À FOYER OUV.
NBCA008;08C04 08C49 08C50 08C61 17C06 21C05;08 17 21;non;O.S FRAC. GD TROCHANTER
NBCA009;08C04 08C49 08C50 08C61 17C06 21C05;08 17 21;non;O.S FRAC. HOMOLAT. COL +DIAPHYS. FÉMUR
NBCA010;08C04 08C49 08C50 08C61 17C06 21C05;08 17 21;non;O.S FRAC. EXTRACAPS. COL F
NBCA011;08C04 08C49 08C50 08C61 17C06 21C05;08 17 21;non;O.S FÉMUR PR LYSE OS À FOYER OUV.
NBCA012;08C04 08C49 08C50 08C61 17C06 21C05;08 17 21;non;O.S FRAC. PARCELLAIRE TÊTE FÉM. ARTHROTOMIE
NBCA013;08C04 08C49 08C50 08C61 17C06 21C05;08 17 21;non;O.S FRAC. 1CONDYLE FÉM. À FOYER OUV.
NBCA014;08C04 08C49 08C50 08C61 17C06 21C05;08 17 21;non;O.S FRAC. SUPRACONDYLAIRE EXTRAARTIC. FÉMUR À
NBCA015;08C04 08C49 08C50 08C61 17C06 21C05;08 17 21;non;O.S FRAC. SIMPLE SUPRACONDYLAIRE +INTERCONDYLAIRE
NBCB001;08C04 08C49 08C50 08C61 17C06 21C05;08 17 21;non;O.S FRAC. DIAPHYS. FÉMUR FIXATEUR EXT/BROCHE À
NBCB002;08C04 08C49 08C50 08C61 17C06 21C05;08 17 21;non;O.S FRAC. DIAPHYS. FÉMUR CLOU CM À FOYER FERMÉ
NBCB003;08C13 17C07 21C05;08 17 21;non;PERFO. FORAGE/INJ. INTRAOSSEUSE NIV. TÊTE FÉM.
NBCB004;08C04 08C49 08C50 08C61 17C06 21C05;08 17 21;non;O.S FRAC. DIAPHYS. FÉMUR CLOU CM À VEROUILLAGE À
NBCB005;08C04 08C49 08C50 08C61 17C06 21C05;08 17 21;non;O.S FÉMUR PR LYSE OS À FOYER FERMÉ
NBCB006;08C04 08C49 08C50 08C61 17C06 21C05;08 17 21;non;O.S FRAC. DIST. FÉMUR À FOYER FERMÉ
NBDA004;08C21 21C05;08 21;non;ÉPIPHYSIODÈSE TEMP. GENOU 1AB.
NBDA013;08C21 21C05;08 21;non;ÉPIPHYSIODÈSE GENOU PLUS. AB.
NBEB001;08K04;08;non;RÉDUC. PROGR FRAC. FÉMUR TRACTION CONTINUE
NBEP001;08K04;08;non;RÉDUC. PROGR FRAC. FÉMUR TRACTION CONTINUE
NBFA001;08C13 08C61 21C05;08 21;non;EXÉRÈSE PART. FÉMUR CONTINUITÉ CONSERVÉE AB.
NBFA002;08C04 08C49 08C50 08C61 17C06 21C05;08 17 21;non;RÉSEC. SEGT FÉMUR +O.S PR PSEUDARTHROSE CONG.
NBFA003;08C04 08C49 08C50 08C61 17C07 21C05;08 17 21;non;RÉSEC. PART. 1EXTRÉMITÉ +/- DIAPHYS. FÉMUR
NBFA004;08C04 08C49 08C50 08C61 17C06 21C05;08 17 21;non;RÉSEC. TÊTE +COL F SANS INTERPOSITION
NBFA005;08C53 08C54 08C61 21C05;08 21;non;PATELLECTOMIE PART. AB. DIRECT
NBFA006;08C04 08C49 08C50 17C06;08 17;non;RÉSEC SEGT FÉMUR +O.S +TRANSFERT AXIAL PROGR
NBFA007;08C04 08C49 08C50 08C61 17C06;08 17;non;"RÉSEC. """"EN BLOC"""" 1EXTRÉMITÉ +/- DIAPHYS. FÉMUR"
NBFA008;08C04 08C49 08C50 08C61 17C06 21C05;08 17 21;non;RÉSEC. TÊTE +COL F +INTERPOSITION CAPS. +/-
NBFA009;08C53 08C54 08C61 17C06 21C05;08 17 21;non;PATELLECTOMIE TOT. AB. DIRECT
NBFA807;08C04 08C49 08C50 08C61 17C06;08 17;non;"RÉSEC. ""EN BLOC"" TOTALITÉ FÉMUR"
NBGA001;08C13 08C61 17C07 21C05;08 17 21;non;ÉVIDEMENT DIST. FÉMUR+/-PROX. TIBIA 1CART. ÉPIPH.
NBGA002;08C13 08C61 17C07 21C05;08 17 21;non;ÉVIDEMENT FÉMUR SANS COMBLT AB. DIRECT
NBGA003;08C13 08C61 21C05;08 21;non;ÉVIDEMENT PROX. FÉMUR 1CART. ÉPIPH. ACTIF
NBGA004;08C13 08C61 21C05;08 21;non;ÉVIDEMENT DIST. FÉMUR+/-PROX TIBIA 1CART. ÉPIPH. ACTIF AB.
NBGA005;08C13 08C61 17C07 21C05;08 17 21;non;ÉVIDEMENT PROX. FÉMUR PRÉSENCE 1CART. ÉPIPH. ACTIF
NBGA006;08C13 08C61 17C07 21C05;08 17 21;non;ÉVIDEMENT FÉMUR +COMBLT AB. DIRECT
NBGA007;08C13 21C05;08 21;oui;AMO FÉMUR AB. DIRECT
NBGA010;08C21 08C61 17C06 21C05;08 17 21;non;DÉSÉPIPHYSIODÈSE CTR/PÉRIPH. AU FÉMUR/AU TIBIA +O.TOMIE
NBGA015;08C21 17C07 21C05;08 17 21;non;DÉSÉPIPHYSIODÈSE AU FÉMUR/AU TIBIA
NBMA001;08C04 08C49 08C50 08C61 17C06 21C05;08 17 21;non;"RECONSTR. FÉMUR GREF. APRÈS RÉSEC. """"EN BLOC"""""
NBMA002;08C53 08C54 08C61 21C05;08 21;non;PATELLOPLASTIE MODELANTE O.CHONDRAL
NBMA003;08C04 08C49 08C50 08C61 17C07 21C05;08 17 21;non;RECONSTR. FÉMUR GREF. APRÈS RÉSEC. PART.
NBMA811;08C04 08C49 08C50 08C61 17C07 21C05;08 17 21;non;"RECONSTR. FÉMUR PROTHÈSE. APRÈS RÉSEC. ""EN BLOC"""
NBPA001;08C04 08C49 08C50 08C61 17C06 21C05;08 17 21;non;O.TOMIE SIMPLE BILAT. FÉM +TIBIA
NBPA002;01C08 08C04 08C49 08C50 17C06 21C05;01 08 17 21;non;O.TOMIE SIMPLE UNILAT. DIAPHYS. FÉMUR+ARTHRODÈSE
NBPA003;08C04 08C49 08C50 08C61 17C07 21C05;08 17 21;non;O.TOMIE SIMPLE UNILAT. DIAPHYS. FÉMUR
NBPA004;08C04 08C49 08C50 08C61 17C06 21C05;08 17 21;non;O.TOMIE SIMPLE UNILAT. FÉM +TIBIA
NBPA005;08C04 08C49 08C50 08C61 17C06 21C05;08 17 21;non;DÉCORTICATION FÉMUR +O.S PR PSEUDARTHROSE
NBPA006;08C04 08C49 08C50 08C61 17C06;08 17;non;O.TOMIE BILAT. VALGISATION-TRANSLATION COL F PR
NBPA007;08C04 08C49 08C50 08C61 17C06 21C05;08 17 21;non;O.TOMIE SIMPLE BILAT. DIAPHYS. FÉMUR
NBPA008;01C08 08C04 08C49 08C50 08C61 17C06 21C05;01 08 17 21;non;O.TOMIE SIMPLE BILAT. FÉM +TIBIA +ARTHRODÈSE PIED
NBPA009;08C04 08C49 08C50 08C61 17C06 21C05;08 17 21;non;O.TOMIE DÉROTATION DIST. FÉMUR/PROX. TIBIA +AB. VASC/NF
NBPA010;08C04 08C49 08C50 08C61 17C06 21C05;08 17 21;non;O.TOMIE CPLX DIST. FÉMUR
NBPA011;08C04 08C49 08C50 08C61 17C06 21C05;08 17 21;non;O.TOMIE CPLX DIAPHYS. FÉMUR
NBPA012;01C08 08C04 08C49 08C50 17C06 21C05;01 08 17 21;non;O.TOMIE SIMPLE BILAT. DIAPHYS FÉM+ARTHRODÈSE PIED
NBPA013;08C04 08C49 08C50 08C61 17C06 21C05;08 17 21;non;O.TOMIE BASICERVICALE FÉMUR
NBPA014;08C04 08C49 08C50 08C61 17C07 21C05;08 17 21;non;O.TOMIE GD TROCHANTER
NBPA015;01C08 08C04 08C49 08C50 17C06 21C05;01 08 17 21;non;O.TOMIE SIMPLE UNILAT. FÉM +TIBIA +ARTHRODÈSE PIED
NBPA016;08C04 08C49 08C50 08C61 17C06 21C05;08 17 21;non;DÉCORTICATION FÉMUR PR PSEUDARTHROSE
NBPA017;08C04 08C49 08C50 08C61 17C07 21C05;08 17 21;non;O.TOMIE SIMPLE DIST. FÉMUR
NBPA018;08C04 08C49 08C50 08C61 17C06;08 17;non;O.TOMIE UNILAT. VALGISATION-TRANSLATION COL F PR
NBPA019;08C04 08C49 08C50 08C61 17C06 21C05;08 17 21;non;O.TOMIE ARTIC. COL F
NBPA020;08C04 08C49 08C50 08C61 17C06 21C05;08 17 21;non;O.TOMIE INTERTROCHANTÉRIENNE/INFRATROCHANTÉRIENNE
NCCA001;08C31 08C32 08C57 08C61 17C06 21C05;08 17 21;non;O.S FRAC. DIST. TIBIA/DES 2OS JAMBE FIXATEUR EXT.
NCCA002;08C31 08C32 08C57 08C61 17C06 21C05;08 17 21;non;O.S FRAC. DIAPHYS. TIBIA À FOYER OUV.
NCCA003;08C53 08C54 08C61 17C07 21C05;08 17 21;non;O.S FRAC. ÉPINE TIBIA ARTHROTOMIE
NCCA004;08C31 08C32 08C57 08C61 17C06 21C05;08 17 21;non;O.S FRAC. CPLX PILON TIBIAL À FOYER OUV.
NCCA005;08C31 08C32 08C57 08C61 17C07 21C05;08 17 21;non;O.S FRAC. MALLLÉOLE TIBIA À FOYER OUV.
NCCA006;08C31 08C32 08C57 08C61 17C06 21C05;08 17 21;non;O.S FRAC. EXTRAARTIC. PROX. TIBIA À FOYER OUV.
NCCA007;08C53 08C54 08C61 17C06 21C05;08 17 21;non;O.S FRAC. ARTIC. SIMPLE UNICONDYLAIRE TIBIA À FOYER
NCCA008;08C31 08C32 08C57 08C61 17C07 21C05;08 17 21;non;O.S FRAC. SIMPLE PILON TIBIAL À FOYER OUV.
NCCA009;08C31 08C32 08C57 08C61 17C07 21C05;08 17 21;non;O.S 1OS/DES 2OS JAMBE PR LYSE OS À FOYER OUV.
NCCA010;08C31 08C32 08C57 08C61 17C06 21C05;08 17 21;non;O.S FRAC. DIAPHYS. TIBIA FIXATEUR EXT.
NCCA011;08C31 08C32 08C57 08C61 17C07 21C05;08 17 21;non;O.S FRAC. SUP.MALLÉOL TIBIA À FOYER OUV.
NCCA012;08C31 08C32 08C57 08C61 17C07 21C05;08 17 21;non;O.S FRAC. DIST. FIBULA À FOYER OUV.
NCCA013;08C31 08C32 08C57 08C61 17C06 21C05;08 17 21;non;O.S FRAC. CPLX PILON TIBIAL FIXATEUR EXT.
NCCA014;08C31 08C32 08C57 08C61 17C07 21C05;08 17 21;non;O.S FRAC. DIAPHYS. FIBULA À FOYER OUV.
NCCA015;08C31 08C32 08C57 08C61 17C07 21C05;08 17 21;non;O.S FRAC. TRIPLANE DIST. TIBIA À FOYER OUV.
NCCA016;08C31 08C32 08C57 08C61 17C07 21C05;08 17 21;non;O.S FRAC. BIMALLÉOLAIRE SIMPLE À FOYER OUV.
NCCA017;08C31 08C32 08C57 08C61 17C07 21C05;08 17 21;non;O.S FRAC. BIMALLÉOLAIRE CPLX À FOYER OUV.
NCCA018;08C53 08C54 08C61 17C06 21C05;08 17 21;non;O.S FRAC. ARTIC. CPLX PROX. TIBIA À FOYER OUV.
NCCA019;08C31 08C32 08C57 08C61 17C07 21C05;08 17 21;non;O.S FRAC. SUP.MALLÉOL DES 2OS JAMBE À FOYER OUV.
NCCB001;08C31 08C32 08C57 08C61 17C07 21C05;08 17 21;non;O.S FRAC. DIST. TIBIA/2OS JAMBE BROCHE/VIS +FIXATEUR EXT.
NCCB002;08C31 08C32 08C57 08C61 17C07 21C05;08 17 21;non;O.S FRAC. PROX. TIBIA/DES 2OS JAMBE À FOYER FERMÉ
NCCB003;08C31 08C32 08C57 08C61 17C07 21C05;08 17 21;non;O.S 1OS/DES 2OS JAMBE PR LYSE OS À FOYER FERMÉ
NCCB004;08C31 08C32 08C57 08C61 17C07 21C05;08 17 21;non;O.S FRAC. DIAPHYS. TIBIA CLOU CM À FOYER FERMÉ
NCCB005;08C31 08C32 08C57 08C61 17C07 21C05;08 17 21;non;O.S FRAC. DIST. 1OS/DES 2OS JAMBE BROCHE/VIS À FOYER
NCCB006;08C31 08C32 08C57 08C61 17C06 21C05;08 17 21;non;O.S FRAC. DIAPHYS. TIBIA CLOU CM À VEROUILLAGE À FOYER
NCCB007;08C31 08C32 08C57 08C61 17C06 21C05;08 17 21;non;O.S FRAC. DIST. TIBIA CLOU TRANSPLANTAIRE
NCCC001;08C53 08C54 08C61 17C07 21C05;08 17 21;non;O.S FRAC. ÉPINE TIBIA A.SCOPIE
NCEA001;08C31 08C32 08C57 08C61 17C06 21C05;08 17 21;non;GREF. OS. INTERTIBIOFIBULAIRE AB. DIRECT
NCEP001;08K03;08;non;RÉDUC. PROGR FRAC. TIBIA/DES 2OS JAMBE TRACTION
NCFA001;08C31 08C32 08C57 08C61 17C07;08 17;non;"RÉSEC. """"EN BLOC"""" PROX. DES 2OS JAMBE"
NCFA002;08C14 08C61 21C05;08 21;non;EXÉRÈSE PART. TIBIA +/- FIBULA CONTINUITÉ CONSERVÉE
NCFA003;08C14 21C05;08 21;non;EXÉRÈSE EXOSTOSE INTERTIBIOFIBULAIRE PROX. AB.
NCFA004;08C31 08C32 08C57 08C61 17C07;08 17;non;RÉSEC. SEGT TIBIA +/- FIBULA +O.S PR PSEUDARTHROSE CONG.
NCFA005;08C31 08C32 08C57 08C61 21C05;08 21;non;RÉSEC. PART. 1EXTRÉMITÉ +/- DIAPHYS. TIBIA CONTINUITÉ
NCFA006;08C14 08C61 21C05;08 21;non;EXÉRÈSE PART. TIBIA +/- FIBULA CONTINUITÉ CONSERVÉE
NCFA007;08C31 08C32 08C57 08C61 17C06;08 17;non;RÉSEC. SEGT TIBIA +TRANSFERT AXIAL PROGR. FRAGMT
NCFA008;08C31 08C32 08C57 08C61 17C06;08 17;non;"RÉSEC. """"EN BLOC"""" 1EXTRÉMITÉ +/- DIAPHYS. TIBIA"
NCFA009;08C31 08C32 08C57 08C61 17C07;08 17;non;"RÉSEC. """"EN BLOC"""" 1EXTRÉMITÉ +/- DIAPHYS. FIBULA"
NCGA001;08C14 08C61 21C05;08 21;non;ÉVIDEMENT TIBIA +/- FIBULA SANS COMBLT AB. DIRECT
NCGA002;08C14 08C61 17C07 21C05;08 17 21;non;ÉVIDEMENT TIBIA +/- FIBULA +COMBLT AB. DIRECT
NCMA001;08C31 08C32 08C57 08C61 17C06 21C05;08 17 21;non;"RECONSTR. TIBIA GREF. APRÈS RÉSEC. """"EN BLOC"""""
NCMA002;08C31 08C32 08C57 08C61 17C07 21C05;08 17 21;non;RECONSTR. TIBIA GREF. APRÈS RÉSEC. PART. 1EXTRÉMITÉ
NCPA001;08C31 08C32 08C57 08C61 17C07 21C05;08 17 21;non;RECENTRAGE ROTULE O.TOMIE TUBER. TIBIA/MOBIL. LIG.
NCPA002;08C31 08C32 08C57 08C61 17C07 21C05;08 17 21;non;RECENTRAGE ROTULE O.TOMIE
NCPA003;08C31 08C32 08C57 08C61 17C07 21C05;08 17 21;non;O.TOMIE RECENTRAGE ROTULE PAR ARTHROTOMIE
NCPA004;01C08 08C31 08C32 08C57 08C61 17C07 21C05;01 08 17 21;non;O.TOMIE SIMPLE UNILAT. DIAPHYS. TIBIA +ARTHRODÈSE PIED
NCPA005;08C31 08C32 08C57 08C61 17C06 21C05;08 17 21;non;O.TOMIE SIMPLE PROX. TIBIA +LIG.PLASTIE CROISÉ ANT.
NCPA006;08C31 08C32 08C57 08C61 17C07 21C05;08 17 21;non;O.TOMIE SUP.MALLÉOL TIBIA/ARR.PIED +ALLONGT +/-
NCPA007;08C31 08C32 08C57 21C05;08 21;non;O.TOMIE FIBULA
NCPA008;08C31 08C32 08C57 08C61 17C07 21C05;08 17 21;non;DÉCORTICATION DIAPHYS. TIBIA +/- FIBULA +O.S PR
NCPA009;08C31 08C32 08C57 08C61 17C07 21C05;08 17 21;non;O.TOMIE SUP.MALLÉOL TIBIA
NCPA010;08C14 08C61 17C07 21C05;08 17 21;non;DÉCORTICATION DIAPHYS. TIBIA +/- FIBULA PR
NCPA011;08C31 08C32 08C57 08C61 17C07 21C05;08 17 21;non;O.TOMIE SIMPLE BILAT. DIAPHYS. TIBIA
NCPA012;01C08 08C31 08C32 08C57 08C61 17C06 21C05;01 08 17 21;non;O.TOMIE SIMPLE BILAT. DIAPHYS. TIBIA +ARTHRODÈSE PIED
NCPA013;08C31 08C32 08C57 08C61 17C07 21C05;08 17 21;non;O.TOMIE SIMPLE UNILAT. DIAPHYS. TIBIA
NCPA014;08C31 08C32 08C57 08C61 17C06 21C05;08 17 21;non;O.TOMIE CPLX PROX. TIBIA
NCPA015;08C31 08C32 08C57 08C61 17C07 21C05;08 17 21;non;O.TOMIE SIMPLE PROX. TIBIA
NCPA016;08C31 08C32 08C57 08C61 17C06 21C05;08 17 21;non;O.TOMIE CPLX DIAPHYS. TIBIA
NDAA001;08C21 08C61 17C07;08 17;non;ALLONGT OS. EXTEMPORANÉ À AVANT-PIED +GREF. OS.
NDAA002;08C21 08C61;08;non;ALLONGT OS. PROGR. AU PIED SYST. EXT.
NDCA001;08C33 08C55 08C61 17C07 21C05;08 17 21;non;O.S FRAC. SIMPLE/FRACTURE-LUXATION CALCANÉUS À
NDCA002;08C36 08C37 21C05;08 21;non;O.S FRAC. 1M.T/1PHALANGE ORTEIL À FOYER OUV.
NDCA003;08C36 08C37 08C61 17C07 21C05;08 17 21;non;O.S FRAC. PLUS. OS AVANT-PIED À FOYER OUV.
NDCA004;08C33 08C55 08C61 17C06 21C05;08 17 21;non;O.S FRAC. CPLX CALCANÉUS À FOYER OUV.
NDCA005;08C33 08C55 08C61 17C07 21C05;08 17 21;non;O.S FRAC. CORPS/COL TALUS À FOYER OUV.
NDCA006;08C33 08C55 08C61 17C07 21C05;08 17 21;non;O.S FRAC. DES OS MÉDIOPIED À FOYER OUV.
NDCB001;08C36 08C37 08C61 17C07 21C05;08 17 21;non;O.S FRAC. TALUS/DES OS MÉDIOPIED À FOYER FERMÉ
NDCB002;08C36 08C37 21C05;08 21;non;O.S FRAC. PLUS. OS AVANT-PIED À FOYER FERMÉ
NDCB003;08C36 08C37 21C05;08 21;non;O.S FRAC. 1M.T/1PHALANGE ORTEIL À FOYER FERMÉ
NDCB004;08C33 08C55 08C61 17C07 21C05;08 17 21;non;O.S FRAC. CALCANÉUS À FOYER FERMÉ
NDDA001;08C33 08C55 08C61 17C07 21C05;08 17 21;non;FIXATION FRAGMT O.CHONDRAL TROCHLÉE TALUS
NDDC001;08C40 21C05;08 21;non;FIXATION FRAGMT O.CHONDRAL TROCHLÉE TALUS A.SCOPIE
NDEA002;08C36 08C37 08C61 17C07 21C05;08 17 21;non;RÉIMPLANT. 1ER ORTEIL
NDFA001;08C31 08C32 08C57 08C61 17C07 21C05;08 17 21;non;TALECTOMIE +ARTHRODÈSE TIBIOTARSIENNE
NDFA002;08C36 08C37 21C05;08 21;non;EXÉRÈSE PART. OS PIED CONTINUITÉ CONSERVÉE AB.
NDFA003;08C33 08C55 21C05;08 21;non;TALECTOMIE +CRÉATION NÉARTHROSE TIBIOPÉDIEUSE
NDFA004;08C33 08C55 21C05;08 21;non;RÉSEC. SYNOSTOSE ARR.PIED/MÉDIOPIED AB. DIRECT
NDFA005;08C36 08C37;08;non;RÉSEC. 1EXOSTOSE INFRA-UNGUÉALE 1ORTEIL
NDFA006;08C36 08C37;08;non;"RÉSEC. """"EN BLOC"""" 1/PLUS. OS TARSE +/- MÉTATARSE"
NDFA007;08C36 08C37 21C05;08 21;non;EXÉRÈSE 1OS SÉSAMOÏDE PIED
NDFA008;08C33 08C55 08C61 21C05;08 21;non;TARSECTOMIE POST/O.TOMIE ARR.PIED +O.TOMIE
NDFA009;08C33 08C55 08C61 17C07 21C05;08 17 21;non;TARSECTOMIE POST/O.TOMIE ARR.PIED+SUP.MALLÉOL
NDFA010;08C33 08C55 08C61 21C05;08 21;non;TARSECTOMIE ANT/O.TOMIE EXTRAARTIC.
NDGA001;08C36 08C37 21C05;08 21;non;ÉVIDEMENT 1OS PIED SANS COMBLT AB. DIRECT
NDGA002;08C36 08C37 08C61 21C05;08 21;non;ÉVIDEMENT 1OS PIED +COMBLT AB. DIRECT
NDGA003;08C14 21C05;08 21;oui;AMO PIED À FOYER OUV.
NDMA001;08C36 08C37 21C05;08 21;non;RECONSTR. OS. MÉTATARSE/DES ORTEILS GREF. APRÈS
NDPA001;08C36 08C37 21C05;08 21;non;O.TOMIE 1ER M.T
NDPA002;01C08 08C36 08C37 21C05;01 08 21;non;O.TOMIE M.T+PHAL PROX 1ER RAYON+LIBÉR M.P 1ER ORTEIL
NDPA003;08C33 08C55 08C61 21C05;08 21;non;O.TOMIE CALCANÉUS/TALUS
NDPA004;08C36 08C37 21C05;08 21;non;O.TOMIE 1M.T LAT/1PHALANGE ORTEIL
NDPA005;01C08 08C36 08C37 21C05;01 08 21;non;O.TOMIE CUNÉIFORME+M.T+PHAL PROX 1ER RAYON PIED
NDPA006;08C33 08C55 08C61 17C07 21C05;08 17 21;non;O.TOMIE CALCANÉUS +DÉSINSERTION DES MUSC. PLANTE PIED
NDPA007;01C08 08C36 08C37 21C05;01 08 21;non;O.TOMIE OS CUNÉIFORME MÉDIAL +1ER M.T +LIBÉR. M.P
NDPA008;01C08 08C36 08C37 21C05;01 08 21;non;O.TOMIE 1ER M.T +LIBÉR. M.P 1ER ORTEIL
NDPA009;01C08 08C36 08C37 21C05;01 08 21;non;O.TOMIE PHALANGE PROX. +LIBÉR. M.P 1ER ORTEIL
NDPA010;08C31 08C32 08C57 08C61 21C05;08 21;non;O.TOMIE TIBIOTALIENNE ARTIC.
NDPA011;01C08 08C36 08C37 21C05;01 08 21;non;O.TOMIE M.T +PHALANGE PROX. 1ER RAYON PIED +LIBÉR.
NDPA012;08C36 08C37 21C05;08 21;non;O.TOMIE OS CUNÉIFORME MÉDIAL +LIBÉR. M.P 1ER ORTEIL
NDPA013;01C08 08C36 08C37 21C05;01 08 21;non;O.TOMIE M.T+PHAL PROX 1ER RAYON+LIBÉR 1ERM.P
NDPA014;01C08 08C36 08C37 21C05;01 08 21;non;O.TOMIE 1M.T LAT. +LIBÉR. ARTIC. M.T.P
NEDA001;08C04 08C49 08C50 08C61 17C06 21C05;08 17 21;non;ARTHRODÈSE COXOFÉM. ARTHROTOMIE
NEDA002;08C02 08C22 08C61 17C06 21C05;08 17 21;non;BUTÉE INERTE +ABAISST GD TROCHANTER +/- CHANGT
NEDA003;08C21 08C61 17C06 21C05;08 17 21;non;ARTHRODÈSE ARTIC. SACRO-ILIAQUE ARTHROTOMIE
NEDB454;08C21 17C07 21C05;08 17 21;non;ARTHRODÈSE ARTICULATION SACRO-ILIAQUE PAR VOIE
NEEA001;08C04 08C49 08C50 08C61 17C06 21C05;08 17 21;non;RÉDUC. 1LUX. HANCHE ARTHROTOMIE
NEEA002;08C04 08C49 08C50 08C61 17C06 21C05;08 17 21;non;RÉDUC. 1LUX. PROTH. HANCHE ARTHROTOMIE
NEEA003;08C04 08C49 08C50 08C61 17C06 21C05;08 17 21;non;RÉDUC. 1LUX. HANCHE +O.S FRAC. TÊTE FÉM. ARTHROTOMIE
NEEA004;08C04 08C49 08C50 08C61 17C06 21C05;08 17 21;non;RÉDUC. 1HANCHE INSTABLE NON TRAUMA ARTHROTOMIE
NEEP007;08K04;08;non;RÉDUC. 1LUX. HANCHE +POSE TRACTION CONTINUE
NEFA001;08C04 08C49 08C50 08C61 17C06 21C05;08 17 21;non;RÉSEC. HANCHE +COAPTATION
NEFA002;08C21 17C06 21C05;08 17 21;non;RÉSEC. ÉTENDUE ARTIC. SACRO-ILIAQUE
NEFA003;08C04 08C49 08C50 08C61 17C06 21C05;08 17 21;non;SYNOVECTOMIE COXOFÉM. ARTHROTOMIE 2AB. DONT 1AB.
NEFA004;08C04 08C49 08C50 08C61 17C07 21C05;08 17 21;non;SYNOVECTOMIE COXOFÉM. ARTHROTOMIE 1AB.
NEFC001;08C40 21C05;08 21;non;SYNOVECTOMIE COXOFÉM. A.SCOPIE
NEGA001;08C22 08C61 17C06 21C05;08 17 21;non;ABL. 1PTH +RECONSTR. OS. ACÉTAB. +/- FÉMUR
NEGA002;08C22 08C61 17C06 21C05;08 17 21;non;ABL. 1PTH
NEGA003;08C22 08C61 17C06 21C05;08 17 21;non;ABL. 1PTH +COAPTATION TROCHANTÉRO-ILIAQUE
NEGA004;08C22 08C61 17C06 21C05;08 17 21;non;ABL. INSERT INTERM. 1PROTH. HANCHE +POSE 1PIÈCE ACÉTAB.
NEGA005;08C04 08C49 08C50 08C61 17C06 21C05;08 17 21;non;ABL. 1PROTH. FÉM. CERV.CÉPH
NEHA001;08C12 17C07;08 17;non;BIOPSIE 1ARTIC. BASSIN AB. DIRECT
NEHA002;08C12 08C61 17C07;08 17;non;BIOPSIE HANCHE AB. DIRECT
NEJA001;08C04 08C49 08C50 08C61 17C06 21C05;08 17 21;non;NETTOYAGE HANCHE ARTHROTOMIE
NEJA002;08C04 08C49 08C50 08C61 17C06 21C05;08 17 21;non;ÉVAC. COLLECTION HANCHE ARTHROTOMIE
NEJA003;08C21 08C61 17C07 21C05;08 17 21;non;ÉVAC. COLLECTION/SYNOVECTOMIE ARTIC. SACRO-ILIAQUE
NEJA004;08C04 08C49 08C50 08C61 17C06 21C05;08 17 21;non;ÉVAC. COLLECTION PÉRIPROTH. HANCHE ARTHROTOMIE
NEJC001;08C40 08C61 21C05;08 21;non;NETTOYAGE HANCHE A.SCOPIE
NEKA001;08C02 08C22 08C61 17C06 21C05;08 17 21;non;CHANGT DES PIÈCES ACÉTAB+FÉM. PTH +GREF.
NEKA002;08C02 08C22 08C61 17C06 21C05;08 17 21;non;CHANGT PIÈCE ACÉTAB/FÉM. 1PTH +RECONSTR. OS.
NEKA003;08C02 08C22 08C61 17C06 21C05;08 17 21;non;CHANGT DES PIÈCES ACÉTAB. +FÉM. 1PTH SANS
NEKA004;08C02 08C22 08C61 17C06 21C05;08 17 21;non;CHANGT INSERT ACÉTAB. 1PTH
NEKA005;08C02 08C22 08C61 17C06 21C05;08 17 21;non;CHANGT PIÈCE ACÉTAB/FÉM. 1PTH +O.S ACÉTAB/FÉMUR
NEKA006;08C02 08C22 08C61 17C06 21C05;08 17 21;non;CHANGT DES PIÈCES ACÉTAB. +FÉM. 1PTH +RECONSTR.
NEKA007;08C02 08C22 08C61 17C06 21C05;08 17 21;non;CHANGT PIÈCE ACÉTAB/FÉM. 1PTH +RECONSTR. OS. GREF.
NEKA008;08C02 08C22 08C61 17C06 21C05;08 17 21;non;CHANGT DES PIÈCES ACÉTAB. +FÉM. 1PTH +RECONSTR/O.S
NEKA009;08C02 08C22 08C61 17C06 21C05;08 17 21;non;CHANGT PIÈCE ACÉTAB/FÉM. 1PTH SANS RECONSTR. OS.
NEKA010;08C02 08C47 08C48 08C61 17C06 21C05;08 17 21;non;PTH +RENFORT MÉTAL ACÉTAB. +RECONSTR. FÉM. GREF.
NEKA011;08C02 08C47 08C48 08C61 17C06 21C05;08 17 21;non;PROTH. CERV.CÉPH +CUPULE MOBILE
NEKA012;08C02 08C47 08C48 08C61 17C06 21C05;08 17 21;non;PTH +RECONSTR. ACÉTAB/FÉM. GREF.
NEKA013;08C02 08C22 08C61 17C06 21C05;08 17 21;non;PTH APRÈS ARTHRODÈSE COXOFÉM.
NEKA014;08C02 08C47 08C48 08C61 17C06 21C05;08 17 21;non;PTH +RENFORT MÉTAL ACÉTAB.
NEKA015;08C02 08C22 08C61 17C06 21C05;08 17 21;non;PTH APRÈS O.S O.TOMIE/PROTH. CERV.CÉPH FÉMUR
NEKA016;08C02 08C47 08C48 08C61 17C06 21C05;08 17 21;non;PTH +O.TOMIE DIAPHYS. FÉMUR
NEKA017;08C02 08C47 08C48 08C61 17C06 21C05;08 17 21;non;PTH +ABAISST TÊTE FÉM. DS ACÉTAB.
NEKA018;08C02 08C47 08C48 08C61 17C06 21C05;08 17 21;non;PROTH. CERV.CÉPH
NEKA019;08C02 08C22 08C61 17C06 21C05;08 17 21;non;PTH APRÈS ARTHRODÈSE COXOFÉM. +RENFORT MÉTAL
NEKA020;08C02 08C47 08C48 08C61 17C06 21C05;08 17 21;non;PTH
NEKA021;08C02 08C47 08C48 08C61 17C06 21C05;08 17 21;non;PTH +ABAISST TÊTE FÉM. DS ACÉTAB. +O.TOMIE
NEKA022;08C02 08C22 08C61 17C06 21C05;08 17 21;non;CHANGT 1PROTH. FÉM. CERV.CÉPH PR 1PTH
NELA001;08C02 08C22 08C61 17C06 21C05;08 17 21;non;REPOSE 1PTH +RECONSTR. OS.
NELA002;08C02 08C22 08C61 17C06 21C05;08 17 21;non;REPOSE 1PTH SANS RECONSTR. OS.
NELA003;08C22 08C61 17C06 21C05;08 17 21;non;POSE 1PIÈCE ACÉTAB. CHEZ PORTEUR 1PROTH. FÉM.
NEMA003;08C04 08C49 08C50 08C61 17C06 21C05;08 17 21;non;BUTÉE SUPRAACÉTAB OS COXAL+O.TOMIE EXTRAARTIC. PROX.
NEMA011;08C02 08C22 08C61 17C06 21C05;08 17 21;non;PROTH.HANCHE MASSIVE/SUR MESURE PR PERTE SUBST. SEGT
NEMA013;08C04 08C49 08C50 08C61 17C06 21C05;08 17 21;non;"ARTHROPLASTIE COXOFÉM. APRÈS RÉSEC. ""EN"
NEMA017;08C04 08C49 08C50 08C61 17C06 21C05;08 17 21;non;OSTÉOPLASTIE SUPRAACÉTABULAIRE OS COXAL BUTÉE
NEMA018;08C02 08C47 08C48 08C61 17C06 21C05;08 17 21;non;ARTHROPLASTIE COXOFÉM. CUPULE FÉM.
NEMA019;08C21 08C61 17C06 21C05;08 17 21;non;ARTHROPLASTIE SACRO-ILIAQ PERTE OS.SEGT +ARTHRODÈSE
NEMA020;08C04 08C49 08C50 08C61 17C07 21C05;08 17 21;non;ACÉTABULOPLASTIE +O.TOMIE FÉMUR
NEMA021;08C04 08C49 08C50 08C61 17C07 21C05;08 17 21;non;OSTÉOPLASTIE SUPRAACÉTABULAIRE OS COXAL
NEPA001;01C08 08C04 08C49 08C50 08C61 17C07 21C05;01 08 17 21;non;LIBÉR. COXOFÉM. ARTHROTOMIE
NEQC001;08C40 21C05;08 21;non;EXPLO. HANCHE A.SCOPIE
NFCA001;08C53 08C54 08C61 17C07 21C05;08 17 21;non;SUTURE/RÉINSERTION LIG. CROISÉ ANT. GENOU
NFCA002;08C53 08C54 08C61 17C07 21C05;08 17 21;non;SUTURE/RÉINSERTION CAPS. ARTIC. GENOU AB. DIRECT
NFCA003;08C53 08C54 08C61 17C06 21C05;08 17 21;non;SUTURE/RÉINSERTION LIG. CROISÉS GENOU
NFCA004;08C53 08C54 08C61 17C07 21C05;08 17 21;non;SUTURE/RÉINSERTION LCA+CAPS.LIG PÉRIARTICULAIRE
NFCA005;08C53 08C54 08C61 17C06 21C05;08 17 21;non;SUTURE/RÉINSERT LCP+CAPS.LIG PÉRIARTICULAIRE
NFCA006;08C53 08C54 08C61 17C07 21C05;08 17 21;non;SUTURE/RÉINSERTION LIG. CROISÉ POST. GENOU
NFCA132;08C14 21C05;08 21;non;MICROPERF SOUSCHONDR GENOU + POSE MEMBRANE
NFCC001;08C34 08C61 17C07 21C05;08 17 21;non;SUTURE/RÉINSERTION LIG. CROISÉ POST. GENOU A.SCOPIE
NFCC002;08C34 08C61 17C07 21C05;08 17 21;non;SUTURE/RÉINSERTION LIG. CROISÉ ANT. GENOU A.SCOPIE
NFCC408;08C38 21C05;08 21;non;MICROPERF SOUSCHONDR GENOU + POSE MEMBRANE
NFDA002;08C53 08C54 08C61 17C06 21C05;08 17 21;non;ARTHRODÈSE FÉM.TIB ARTHROTOMIE
NFDA003;08C53 08C54 08C61 17C07 21C05;08 17 21;non;ARTHRODÈSE FIBULOTIBIALE PROX. ARTHROTOMIE
NFDA009;08C53 08C54 08C61 17C07 21C05;08 17 21;non;FIXATION FRAGMT O.CHONDRAL ARTIC. GENOU
NFDC001;08C38 21C05;08 21;non;FIXATION FRAGMT O.CHONDRAL ARTIC. GENOU A.SCOPIE
NFEA001;08C53 08C54 08C61 17C07 21C05;08 17 21;non;SUTURE DES 2MÉNISQUES GENOU ARTHROTOMIE
NFEA002;08C53 08C54 21C05;08 21;non;SUTURE 1MÉNISQUE GENOU ARTHROTOMIE
NFEC001;08C45 21C05;08 21;non;SUTURE DES 2MÉNISQUES GENOU A.SCOPIE
NFEC002;08C45 21C05;08 21;non;SUTURE 1MÉNISQUE GENOU A.SCOPIE
NFFA001;08C53 08C54 21C05;08 21;non;MÉNISCECTOMIES LAT. +MÉDIALE GENOU ARTHROTOMIE
NFFA002;08C53 08C54 08C61 17C07 21C05;08 17 21;non;SYNOVECTOMIE GENOU ARTHROTOMIES ANT+POST. SANS
NFFA003;08C53 08C54 21C05;08 21;non;MÉNISCECTOMIE LAT/MÉDIALE GENOU ARTHROTOMIE
NFFA004;08C53 08C54 08C61 21C05;08 21;non;SYNOVECTOMIE ANT. GENOU ARTHROTOMIE
NFFA005;08C38 08C61 21C05;08 21;non;SYNOVECTOMIE GENOU A.SCOPIE ANT. +ARTHROTOMIE
NFFA006;08C53 08C54 08C61 17C07 21C05;08 17 21;non;SYNOVECTOMIE GENOU ARTHROTOMIE ANT+POST +CHANGT
NFFC001;08C38 08C61 21C05;08 21;non;SYNOVECTOMIE GENOU A.SCOPIE ANT. +A.SCOPIE POST.
NFFC002;08C38 08C61 21C05;08 21;non;SYNOVECTOMIE ANT. GENOU A.SCOPIE
NFFC003;08C45 21C05;08 21;non;MÉNISCECTOMIES LAT. +MÉDIALE GENOU A.SCOPIE
NFFC004;08C45 21C05;08 21;non;MÉNISCECTOMIE LAT/MÉDIALE GENOU A.SCOPIE
NFGA001;08C22 08C61 17C06 21C05;08 17 21;non;ABL. 1PROTH. GENOU +ARTHRODÈSE
NFGA002;08C22 08C61 17C06 21C05;08 17 21;non;ABL. 1PROTH. GENOU
NFJA001;08C53 08C54 08C61 10C08 17C07 21C05;08 10 17 21;non;NETTOYAGE ARTIC. GENOU ARTHROTOMIE
NFJA002;08C53 08C54 08C61 10C08 17C07 21C05;08 10 17 21;non;ÉVAC. COLLECTION ARTIC. GENOU ARTHROTOMIE
NFJC001;08C38 08C61 21C05;08 21;non;NETTOYAGE ARTIC. GENOU A.SCOPIE
NFJC002;08C38 08C61 17C07 21C05;08 17 21;non;ÉVAC. COLLECTION ARTIC. GENOU A.SCOPIE
NFKA001;08C02 08C22 08C61 17C06 21C05;08 17 21;non;CHANGT 1PROTH. 3COMPART. GENOU SANS RECONSTR. OS.
NFKA002;08C02 08C22 08C61 17C06 21C05;08 17 21;non;CHANGT 1PROTH. 3COMPART. GENOU +RECONSTR. OS.
NFKA003;08C02 08C22 08C61 17C06 21C05;08 17 21;non;CHANGT 1PROTH. UNICOMPARTIMENTAIRE GENOU
NFKA004;08C02 08C22 08C61 17C06 21C05;08 17 21;non;CHANGT INSERT PROTH. GENOU
NFKA005;08C02 08C22 08C61 17C06 21C05;08 17 21;non;CHANGT 1PROTH. UNICOMPARTIMENTAIRE GENOU PR 1PROTH.
NFKA006;08C02 08C24 08C61 17C06 21C05;08 17 21;non;PROTH. GENOU UNICOMPART.
NFKA007;08C02 08C24 08C61 17C06 21C05;08 17 21;non;PROTH. GENOU 3COMPART. SUR 1DÉFORM. < 10° DS PLAN
NFKA008;08C02 08C24 08C61 17C06 21C05;08 17 21;non;PROTH. GENOU 3COMPART. SUR 1DÉFORM. SUP. À 10° DS PLAN
NFKA009;08C02 08C24 08C61 17C06 21C05;08 17 21;non;PROTH. GENOU À CHARNIÈRE FIXE/ROTATOIRE
NFLA001;08C02 08C22 08C61 17C06 21C05;08 17 21;non;REPOSE 1PROTH. ARTIC. GENOU +RECONSTR. OS.
NFLA002;08C02 08C22 08C61 17C06 21C05;08 17 21;non;REPOSE 1PROTH. ARTIC. GENOU SANS RECONSTR. OS.
NFMA002;08C53 08C54 08C61 17C07 21C05;08 17 21;non;PLASTIE LIG. EXTRAARTIC. LAT. GENOU +FASCIA LATA AB.
NFMA004;08C53 08C54 08C61 17C07 21C05;08 17 21;non;LIG.PLASTIE CROISÉ ANT. GENOU GREF. ARTHROTOMIE
NFMA005;08C31 08C32 08C57 08C61 17C07 21C05;08 17 21;non;CAPSULO-MYO-TÉNOPLASTIE GENOU PR RECENTRAGE
NFMA006;08C02 08C22 08C61 17C06 21C05;08 17 21;non;ARTHROPLASTIE GENOU PROTH. MASSIVE/SUR MESURE APRÈS
NFMA008;08C53 08C54 08C61 17C06 21C05;08 17 21;non;RECONSTR. ITÉRATIVE LIG. CROISÉ POST. GENOU LIG.
NFMA010;08C53 08C54 08C61 17C06 21C05;08 17 21;non;RECONSTR GREF LCP GENOU SANS RENFORCMT SYNTHÉTIQUE
NFMA011;08C53 08C54 08C61 17C06 21C05;08 17 21;non;LIG.PLASTIE CROISÉS GENOU ARTHROTOMIE
NFMA013;08C53 08C54 08C61 17C06 21C05;08 17 21;non;RECONSTR. OS. GENOU APRÈS PERTE SUBST. SEGT
NFMC001;08C34 08C61 17C07 21C05;08 17 21;non;LIG.PLASTIE CROISÉS GENOU A.SCOPIE
NFMC002;08C34 08C61 17C07 21C05;08 17 21;non;RECONSTRUC GREF LCP GENOU SANS RENFORCT
NFMC003;08C34 08C61 17C07 21C05;08 17 21;non;LIG.PLASTIE CROISÉ ANT. GENOU GREF. A.SCOPIE
NFMC005;08C34 08C61 17C07 21C05;08 17 21;non;RECONSTR. ITÉRATIVE LIG. CROISÉ POST. GENOU LIG.
NFPA001;01C08 08C53 08C54 08C61 21C05;01 08 21;non;LIBÉR. GENOU ARTHROTOMIE
NFPA002;08C53 08C54 17C07 21C05;08 17 21;non;SECTION AILERON ROTULE EXT. ARTHROTOMIE
NFPA003;01C08 08C53 08C54 08C61 17C07 21C05;01 08 17 21;non;LIBÉR. GENOU A.SCOPIE/ARTHROTOMIE +LIBÉR. CPLT
NFPA004;08C53 08C54 17C07 21C05;08 17 21;non;SECTION AILERON ROTULE EXT. +O.TOMIE SURFACE ROTUL.
NFPC001;08C38 21C05;08 21;non;SECTION AILERON ROTULE EXT. A.SCOPIE
NFPC002;01C08 08C38 21C05;01 08 21;non;LIBÉR. GENOU A.SCOPIE
NFQC001;08C38 10C08 21C05;08 10 21;non;EXPLO. ARTIC. GENOU A.SCOPIE
NGCA001;08C33 08C55 17C07 21C05;08 17 21;non;SUTURE/RECONSTR. CAPS.LIG ARTIC.
NGDA001;08C33 08C55 08C61 17C06 21C05;08 17 21;non;ARTHRODÈSE TIBIO-TALO-CALCANÉENNE ARTHROTOMIE
NGDA002;08C33 08C55 08C61 17C07 21C05;08 17 21;non;ARTHRODÈSE TIBIOTALIENNE ARTHROTOMIE
NGDA003;01C08 08C33 08C55 08C61 17C07 21C05;01 08 17 21;non;ARTHRODÈSES TIBIO-TALO-CALCANÉENNE
NGDA004;08C33 08C55 17C07 21C05;08 17 21;non;ARTHRORISE TIBIOTALIENNE/TALOCALCANÉENNE AB. DIRECT
NGDC001;08C40 08C61 17C07 21C05;08 17 21;non;ARTHRODÈSE TIBIOTALIENNE A.SCOPIE
NGEA001;08C31 08C32 08C57 08C61 17C07 21C05;08 17 21;non;RÉDUC. 1LUX. CHEVILLE +/- MÉDIOTARS. ARTHROTOMIE
NGFA001;08C31 08C32 08C57 08C61 21C05;08 21;non;"RÉSEC. """"EN BLOC"""" ARTIC. CHEVILLE"
NGFA002;08C29 08C46 21C05;08 21;non;EXÉRÈSE 1KYSTE SYNOVIAL/1BOURSE SÉREUSE
NGGA001;08C31 08C32 08C57 08C61 17C06 21C05;08 17 21;non;ABL. 1PROTH. TIBIOTALIENNE
NGGA002;08C31 08C32 08C57 08C61 17C06 21C05;08 17 21;non;ABL. 1PROTH. TIBIOTALIENNE +ARTHRODÈSE
NGJA001;08C31 08C32 08C57 08C61 21C05;08 21;non;NETTOYAGE ARTIC. TIBIOTALIENNE ARTHROTOMIE
NGJA002;08C31 08C32 08C57 08C61 17C07 21C05;08 17 21;non;ÉVAC. COLLECTION ARTIC. TIBIOTALIENNE/1ARTIC. PIED
NGJC001;08C40 21C05;08 21;non;NETTOYAGE ARTIC. TIBIOTALIENNE A.SCOPIE
NGJC002;08C40 08C61 10C08 17C07 21C05;08 10 17 21;non;ÉVAC. COLLECTION ARTIC. TIBIOTALIENNE/1ARTIC. PIED
NGKA001;08C31 08C32 08C57 08C61 17C06 21C05;08 17 21;non;REMPLT ARTIC. TIBIOTALIENNE PROTH.
NGMA001;08C31 08C32 08C57 08C61 17C06 21C05;08 17 21;non;ARTHROPLASTIE CHEVILLE +ARTHRODÈSE APRÈS PERTE
NGPA001;01C08 08C31 08C32 08C57 08C61 21C05;01 08 21;non;LIBÉR. TIBIOTAL. +/- SYNOVECTOMIE +ALLONGT +/-
NGPA002;01C08 08C31 08C32 08C57 21C05;01 08 21;non;LIBÉR. TIBIOTALIENNE +/- SYNOVECTOMIE TIBIOTALIENNE
NGPA003;01C08 08C31 08C32 08C57 08C61 17C07 21C05;01 08 17 21;non;LIBÉR. TIBIOTALUS+/-SYNOVECTOMIE TIBIOTALUS
NGPC001;01C08 08C40 21C05;01 08 21;non;LIBÉR. TIBIOTALIENNE +/- SYNOVECTOMIE TIBIOTALIENNE
NGQC001;08C40 21C05;08 21;non;EXPLO. ARTIC. CHEVILLE A.SCOPIE
NHDA001;08C36 08C37 08C61 21C05;08 21;non;ARTHRODÈSE 1RE ARTIC. M.T.P +RÉSEC. DES TÊTES DES
NHDA002;08C36 08C37 21C05;08 21;non;ARTHRODÈSE ARTIC. I.P 1ER ORTEIL ARTHROTOMIE
NHDA003;01C08 08C36 08C37 08C61 17C07 21C05;01 08 17 21;non;ARTHRODÈSE PIED +CORREC. ARCHI AB. DIRECT
NHDA004;08C36 08C37 21C05;08 21;non;ARTHRODÈSE 1RE ARTIC. M.T.P ARTHROTOMIE
NHDA005;08C36 08C37 08C61 17C07 21C05;08 17 21;non;ARTHRODÈSE PLUS. ARTIC. TARSOMÉTA ARTHROTOMIE
NHDA006;08C36 08C37 08C61 17C07 21C05;08 17 21;non;ARTHRODÈSE 1INTERLIGNE MÉDIOTARSE ARTHROTOMIE
NHDA007;08C36 08C37 21C05;08 21;non;ARTHRODÈSE 1ARTIC. TARSOMÉTA ARTHROTOMIE
NHDA008;08C36 08C37 08C61 17C07 21C05;08 17 21;non;ARTHRODÈSE CPLT MÉDIOTARSE ARTHROTOMIE
NHDA009;01C08 08C36 08C37 08C61 17C07 21C05;01 08 17 21;non;ARTHRODÈSE PIED AB. DIRECT
NHDA010;01C08 08C36 08C37 08C61 17C07 21C05;01 08 17 21;non;ARTHRODÈSE PIED +TRANSFERT TEND. AB. DIRECT
NHDA011;08C33 08C55 08C61 17C07 21C05;08 17 21;non;ARTHRODÈSE TALOCALCANÉENNE ARTHROTOMIE
NHFA001;08C36 08C37 21C05;08 21;non;SYNOVECTOMIE ARTIC. AVANT-PIED
NHKA001;08C36 08C37 21C05;08 21;non;REMPLT ARTIC. M.T.P PROTH. SUR 1RAYON PIED
NHMA001;08C36 08C37 21C05;08 21;non;ARTHROPLASTIE M.T.P RÉSEC. TÊTE M.T SUR PLUS. RAYONS
NHMA002;08C36 08C37 21C05;08 21;non;ARTHROPLASTIE RÉSEC. ARTIC/ARTHRODÈSE I.P 1ORTEIL LAT.
NHMA003;08C36 08C37 21C05;08 21;non;ARTHROPLASTIE M.T.P RÉSEC. TÊTE M.T SUR 1RAYON LAT. PIED
NHMA006;08C36 08C37 21C05;08 21;non;ARTHROPLASTIE M.T.P RÉSEC. 2FACES ARTIC+OSTÉOPHYTES
NHMA007;08C36 08C37 21C05;08 21;non;ARTHROPLASTIE M.T.P RÉSEC. 1VERSANT ARTIC. SUR 1ER
NHMA008;08C36 08C37 21C05;08 21;non;RECONSTR. CAPS.LIG ARTIC. MÉDIOTARSIENNE
NHPA001;01C08 08C36 08C37 21C05;01 08 21;non;LIBÉR. MOBILISATRICE 1ARTIC. M.T.P 1RAYON LAT. PIED
NHPA002;01C08 08C36 08C37 21C05;01 08 21;non;LIBÉR. M.P 1ER ORTEIL +TRANSFERT
NHPA003;08C36 08C37 21C05;08 21;non;LIBÉR. M.P 1ER ORTEIL PR HALLUX VARUS
NHPA004;01C08 08C36 08C37 21C05;01 08 21;non;LIBÉR. MOBILISATRICE DES ARTIC. TARSOMÉTA SUR
NHPA005;01C08 08C36 08C37 21C05;01 08 21;non;LIBÉR. MOBILISATRICE DES ARTIC. TARSOMÉTA
NHPA006;01C08 08C36 08C37 21C05;01 08 21;non;LIBÉR. 5°M.P+TRANSFERT TENDON +O.TOMIE M.T
NJAA001;01C08 08C29 08C42 21C05;01 08 21;non;ALLONGT PLUS. TENDONS ARR.PIED AB. DIRECT
NJAA002;01C08 08C29 08C42 08C61 17C07 21C05;01 08 17 21;non;ALLONGT+/-TRANSFERT TENDON SANS CAPS.TOMIE PR
NJAA003;01C08 08C29 08C42 21C05;01 08 21;non;ALLONGT 1TENDON ARR.PIED AB. DIRECT
NJAA004;01C08 08C29 08C42 08C61 17C07 21C05;01 08 17 21;non;ALLONGT+/-TRANSFERT PLUS. TENDONS+CAPS.TOMIE PR
NJBA001;01C08 08C29 08C42 21C05;01 08 21;non;RACCOURC LIG. ROTUL. +SECTION/ALLONGT MUSC. DT
NJBA002;01C08 08C29 08C42 08C61 17C07 21C05;01 08 17 21;non;RACCOURC LIG. ROTUL.
NJCA001;08C29 08C42 21C05;08 21;non;SUTURE 1TENDON ARR.PIED AB. DIRECT
NJEA001;01C08 08C04 08C49 08C50 08C61 17C07 21C05;01 08 17 21;non;TRANSFERT PSOAS +O.TOMIE OS COXAL +FÉMUR
NJEA002;08C29 08C42 08C61 17C07 21C05;08 17 21;non;SUTURE TENDON MUSC. QUADRICEPS FÉM.
NJEA003;08C29 08C42 21C05;08 21;non;RÉINSERTION TENDON CALCANÉEN AB. DIRECT
NJEA004;01C08 08C04 08C49 08C50 08C61 17C06 21C05;01 08 17 21;non;TRANSFERT PSOAS +O.TOMIE OS COXAL/FÉMUR
NJEA005;08C36 08C37 21C05;08 21;non;ALIGNT 1CAMPTODACTYLIE ORTEIL LIBÉR. DES TISSUS MOUS
NJEA006;01C08 08C29 08C42 21C05;01 08 21;non;TRANSFERT TEND. +/- TÉNODÈSE PR RÉTABL.
NJEA007;08C29 08C42 08C61 17C07 21C05;08 17 21;non;SUTURE LIG. ROTUL.
NJEA008;01C08 08C29 08C42 21C05;01 08 21;non;TRANSFERT TEND. PR RÉTABL. EXTENSION 1ER ORTEIL
NJEA009;01C08 08C29 08C42 17C07 21C05;01 08 17 21;non;TRANSFERT TEND. +/- TÉNODÈSE PR RÉTABL. FLEXION
NJEA010;01C08 08C29 08C42 21C05;01 08 21;non;TRANSFERT TEND. PR RÉTABL. FCT INTRINS. 1ER ORTEIL +/-
NJEA011;01C08 08C29 08C42 21C05;01 08 21;non;TRANSFERT TEND. +/- TÉNODÈSE PR RÉTABL. FLEXION
NJEA012;01C08 08C29 08C42 08C61 17C07 21C05;01 08 17 21;non;TRANSFERT PSOAS
NJFA001;08C29 08C42 08C61 17C07 21C05;08 17 21;non;RÉSEC. OSTÉOME PARAARTICULAIRE COXOFÉM. ANT.
NJFA002;08C29 08C46 09C24 09C27 09C28 09C29 09C30 09C31 21C05;08 09 21;oui;EXÉRÈSE LÉS. FASCIA +/- SSFASCIA DES TISSUS MOUS PLANTE
NJFA003;08C29 08C42 08C61;08;non;RÉSEC. DES TISSUS MOUS PR HYPERTROPHIE +GIGANTISME
NJFA004;08C36 08C37;08;non;RÉSEC. TISSUS MOUS+OS. PR HYPERTROPHIE+GIGANTISME
NJFA005;01C08 08C29 08C42 21C05;01 08 21;non;TÉNOSYNOVECTOMIE PLUS. TENDONS ARR.PIED
NJFA006;08C04 08C49 08C50 21C05;08 21;non;EXÉRÈSE 1FRAGMT OS. SUPRATROCHANTÉRIEN
NJFA008;08C29 08C42 21C05;08 21;non;EXÉRÈSE 1HYGROMA GENOU AB. DIRECT
NJFA009;08C29 08C42 08C61 17C06 21C05;08 17 21;non;RÉSEC. OSTÉOME PARAARTICULAIRE COXOFÉM. ANT. +POST.
NJMA001;01C08 08C29 08C42 08C61 17C07 21C05;01 08 17 21;non;RECONSTR. APP. EXTENS. GENOU GREF. O.TEND
NJMA002;01C08 08C29 08C42 08C61 17C07 21C05;01 08 17 21;non;RECONSTR. APP. EXTENS. GENOU GREF. O.TEND
NJMA003;01C08 08C29 08C42 21C05;01 08 21;non;AUTOPLASTIE 1TENDON ARR.PIED AB. DIRECT
NJMA004;08C29 08C42 21C05;08 21;non;RECONSTR. GAINE PÉRONIERS PLASTIE CAPS.LIG PÉRIOSTÉE
NJMA005;08C36 08C37 08C61 17C07;08 17;non;CORREC. PROGR. 1DÉFORM. PIED FIXATEUR EXT.
NJMA006;08C36 08C37 08C61 17C07;08 17;non;CORREC. PROGR. 1DÉFORM. PIED FIXATEUR EXT. +LIBÉR. DES
NJMA007;08C29 08C42 08C61 17C06;08 17;non;CORREC. PROGR. 1DÉFORM. GENOU FIXATEUR EXT.
NJMB001;08C29 08C46 21C05;08 21;non;RÉPAR. 1RUPTURE TENDON CALCANÉEN TRANSCUT.
NJPA001;01C08 08C21 08C61 17C07 21C05;01 08 17 21;non;CHIR. TENDON BILAT. FLEXUME MB INF. O.TOMIE FÉM.+TIBIA
NJPA002;01C08 08C29 08C42 21C05;01 08 21;non;LIBÉR. DES TISSUS MOUS CHEVILLE/ARR.PIED
NJPA003;01C08 08C29 08C42 08C61 17C07 21C05;01 08 17 21;non;SECTION/ALLONGT TENDON PR ATTITUDE VICIEUSE
NJPA004;01C08 08C21 08C61 17C07 21C05;01 08 17 21;non;CHIR. TENDON UNILAT. FLEXUM MB INF. +ARTHRODÈSE
NJPA005;01C08 08C21 08C61 17C07 21C05;01 08 17 21;non;CHIR. TENDON UNILAT. ATTIT. VICIEUSE MB INF. O.TOMIE
NJPA006;01C08 08C36 08C37 21C05;01 08 21;non;APONÉVROTOMIE +DÉSINSERTION MUSC. À PLANTE PIED
NJPA007;01C08 08C36 08C37 21C05;01 08 21;non;APONÉVROTOMIE/ECTOMIE /DÉSINSERTION APONÉVROSE
NJPA008;01C08 08C21 08C61 17C07 21C05;01 08 17 21;non;CHIR. TENDON BILAT. FLEXUM MB INF. +ARTHRODÈSE PIED
NJPA009;01C08 08C29 08C42 08C61 21C05;01 08 21;non;LIBÉR  TISSUS MOUS CHEVILLE/ARR.PIED +MÉDIOPIED
NJPA010;01C08 08C33 08C55 08C61 17C07 21C05;01 08 17 21;non;LIBÉR. ANT. +POST. CHEVILLE +PIED PR PIED CONVEXE
NJPA011;01C08 08C29 08C42 08C61 21C05;01 08 21;non;CHIR. TENDON UNILAT. FLEXUM HANCHE+GENOU +RACCOURC
NJPA012;01C08 08C21 08C61 21C05;01 08 21;non;CHIR. TENDON BILAT. FLEXUM HANCHE+GENOU +ARTHRODÈSE
NJPA013;01C08 08C29 08C42 08C61 17C07 21C05;01 08 17 21;non;CHIR. TENDON BILAT. ATTITUDE VICIEUSE HANCHE +GENOU AB.
NJPA014;08C29 08C42 21C05;08 21;non;APONÉVROTOMIE INTRAMUSC. PR ALLONGT MUSC. TRICEPS
NJPA015;01C08 08C36 08C37 21C05;01 08 21;non;APONÉVROTOMIE +DÉSINSERTION MUSC. À PLANTE PIED
NJPA016;01C08 08C29 08C42 21C05;01 08 21;non;INCISIONS AXIALES LIG. ROTUL. +PLASTIE AUTOLOGUE
NJPA017;01C08 08C21 17C07 21C05;01 08 17 21;non;CHIR. TENDON UNILAT. FLEXUM MB INF. O.TOMIE FÉM+TIBIA
NJPA018;01C08 08C29 08C42 21C05;01 08 21;non;LIBÉR. INCISIONS AXIALES/TÉNOSYNOVECTOMIE 1TENDON
NJPA019;01C08 08C29 08C42 08C61 21C05;01 08 21;non;LIBÉR TISSUS MOUS CHEVILLE/ARR.PIED +CAPS.TOMIE AB.
NJPA020;01C08 08C21 17C06 21C05;01 08 17 21;non;CHIR. TENDON BILAT. ATTIT. VICIEUSE MB INF. O.TOMIE FÉM. AB.
NJPA021;01C08 08C29 08C42 08C61 21C05;01 08 21;non;CHIR. TENDON UNILAT. FLEXUM MB INF. +RACCOURC LIG. ROTUL
NJPA022;01C08 08C29 08C42 08C61 17C07 21C05;01 08 17 21;non;CHIR. TENDON BILAT. ATTIT. VICIEUSE MB INF. AB. DIRECT
NJPA023;01C08 08C33 08C55 08C61 21C05;01 08 21;non;LIBÉR. ANT. CHEVILLE +PIED PR PIED CONVEXE
NJPA024;01C08 08C29 08C42 08C61 21C05;01 08 21;non;CHIR. TENDON UNILAT. ATTIT. VICIEUSE MB INF. AB. DIRECT
NJPA025;01C08 08C29 08C42 21C05;01 08 21;non;SECTION/ALLONGT 1TENDON MUSC. EXTENS/MUSC. FLÉCH.
NJPA026;01C08 08C29 08C42 08C61 17C07 21C05;01 08 17 21;non;CHIR. TENDON BILAT. FLEXUM HANCHE +GENOU +RACCOURC
NJPA027;01C08 08C33 08C55 08C61 17C07 21C05;01 08 17 21;non;LIBÉR. CHEVILLE/ARR+MÉDIOPIED +CAPS.TOMIE +O.TOMIE
NJPA028;01C08 08C29 08C42 08C61 17C07 21C05;01 08 17 21;non;CHIR. TENDON BILAT. FLEXUM MB INF. +RACCOURC LIG. ROTUL.
NJPA029;01C08 08C29 08C42 21C05;01 08 21;non;SECTION/ALLONGT PLUS. TENDONS PR ATTITUDE VICIEUSE PIED
NJPA030;01C08 08C29 08C42 08C61 17C07 21C05;01 08 17 21;non;CHIR. TENDON UNILAT. ATTITUDE VICIEUSE HANCHE +GENOU
NJPA031;01C08 08C21 08C61 17C07 21C05;01 08 17 21;non;CHIR. TENDON UNILAT. MB INF.+O.TOMIE FÉM+ARTHRODÈSE
NJPA032;01C08 08C29 08C42 21C05;01 08 21;non;INCISIONS AXIALES LIG. ROTUL. SANS PLASTIE
NJPA033;01C08 08C21 17C06 21C05;01 08 17 21;non;CHIR TEND. BILAT. MB INF+O.TOMIE FÉM+ARTHRODÈSE
NJPA034;01C08 08C29 08C42 08C61 17C07 21C05;01 08 17 21;non;SECTION/ALLONGT TENDONS PSOAS+AUTRE PR FLEXUM
NJPA035;01C08 08C29 08C42 08C61 21C05;01 08 21;non;SECTION/ALLONGT TENDON PR ATTITUDE VICIEUSE HANCHE AB.
NJPA036;01C08 08C21 17C06 21C05;01 08 17 21;non;CHIR. TENDON UNILAT. FLEXUM HANCHE+GENOU
NZEA001;08C36 08C37 08C61 17C06;08 17;non;REPOS. PIED PR AGÉNÉSIE TIBIA
NZEA002;08C21 21C05;08 21;non;RÉIMPLANT. MB INF. SECTIONNÉ À JAMBE
NZEA003;08C21 08C61 17C06;08 17;non;GREF. PIED À CUISSE +CONSERV. DES PÉD. VASC.NF
NZEA004;08C36 08C37 08C61 17C07;08 17;non;REPOS. PIED PR AGÉNÉSIE FIBULA
NZEA006;08C21 21C05;08 21;non;RÉIMPLANT. MB INF. SECTIONNÉ À CUISSE
NZEA007;08C21 17C06 21C05;08 17 21;non;RÉIMPLANT. PIED
NZEB001;08K04;08;non;TRACTION CONTINUE TRANSOSSEUSE MB INF. PR LÉS. NON
NZEP001;08K04;08;non;TRACTION CONTINUE CUT. MB INF. >7JOURS PR LÉS. NON
NZEP002;08K03;08;non;TRACTION CONTINUE CUT. MB INF. 1DURÉE INF. À 7JOURS PR
NZFA001;05C12 08C06 08C61 17C06 21C05;05 08 17 21;non;DÉSARTIC. HANCHE
NZFA002;05C12 08C06 08C61 09C23 09C33 09C34 10C08 17C06 21C05;05 08 09 10 17 21;non;AMPUT. TRANSTIBIALE
NZFA003;05C12 08C06 08C61 09C23 09C33 09C34 10C08 17C06 21C05;05 08 09 10 17 21;non;DÉSARTIC. GENOU
NZFA004;05C13 08C36 08C37 09C23 09C33 09C34 10C08 17C07 21C05;05 08 09 10 17 21;non;AMPUT/DÉSARTIC. PLUS. ORTEILS
NZFA005;05C12 08C36 08C37 08C61 09C23 09C33 09C34 10C08 17C06 21C05;05 08 09 10 17 21;non;AMPUT/DÉSARTIC. AU MÉDIOPIED/À AVANT-PIED SANS
NZFA006;05C12 08C06 17C06 21C05;05 08 17 21;non;DÉSARTIC/AMPUT. MB INF. À TRAVERS OS COXAL ARTIC.
NZFA007;05C12 08C06 08C61 09C23 09C33 09C34 10C08 17C06 21C05;05 08 09 10 17 21;non;AMPUT. TRANSFÉMORALE
NZFA008;05C12 08C06 21C05;05 08 21;non;DÉSARTIC/AMPUT. INTERILIOABDOMINALE
NZFA009;05C12 08C06 08C61 09C25 09C33 09C34 10C08 17C06 21C05;05 08 09 10 17 21;non;AMPUT/DÉSARTIC. À CHEVILLE/À ARR.PIED
NZFA010;05C13 08C36 08C37 09C23 09C33 09C34 10C08 21C05;05 08 09 10 21;non;AMPUT/DÉSARTIC. 1ORTEIL
NZFA011;08C36 08C37;08;non;AMPUT. 1ORTEIL SURNUMÉRAIRE +RECONSTR. ARTIC.
NZFA012;08C36 08C37;08;non;AMPUT. 1ORTEIL SURNUMÉRAIRE SANS RECONSTR. ARTIC.
NZFA013;05C12 08C06 08C61 09C23 09C33 09C34 10C08 17C06 21C05;05 08 09 10 17 21;non;AMPUT/DÉSARTIC. MÉDIOPIED/AVANT-PIED +STABILISATION
NZHA001;08C12 09C23 10C08 11C08 12C09 12C10;08 09 10 11 12;oui;BIOPSIE 1OS +/- 1ARTIC. MB INF. AB. DIRECT
NZMA001;08C36 08C37;08;non;RECONSTR. +RÉALIGNEMENT 1ER RAYON PIED PR MALF.
NZMA002;08C36 08C37 08C61;08;non;RECONSTR. AVANT-PIED PR MALF. TYPE PIED FOURCHE
PACA001;08C14 21C05;08 21;non;PERFO/FORAGE 1ÉPIPH. FERTILE ARTHROTOMIE
PACC001;08C40 21C05;08 21;non;PERFO/FORAGE 1ÉPIPH. FERTILE A.SCOPIE
PADA001;08C21 21C05;08 21;non;ÉPIPHYSIODÈSE SUR 1LOC. AB. DIRECT
PADA003;08C21 21C05;08 21;non;FIXATION/EXÉRÈSE NOYAU OSSIFICATION ACCESSOIRE AB.
PAFA005;08C35 08C61 17C07;08 17;non;RÉSEC. SEGT 1OS +O.S PR PSEUDARTHROSE CONG.
PAFA007;08C35 08C61;08;non;RÉSEC SEGT 1OS+O.S+TRANSFERT AXIAL PROGR. FRAGMT
PAGA002;08C14 21C05;08 21;oui;ABL. GREF/MAT. INERTE NON PROTH. DIAPHYS. OS LONG
PAGA003;08C21 17C07 21C05;08 17 21;non;ÉVIDEMENT 1ÉPIPH. ACTIVE +COMBLT ARTHROTOMIE
PAGA005;08C21 08C61 21C05;08 21;non;ÉVIDEMENT 1ÉPIPH. AB. EXTRAARTIC.
PAGA006;08C21 21C05;08 21;non;ÉVIDEMENT 1ÉPIPH. ACTIVE SANS COMBLT ARTHROTOMIE
PAGA007;08C21 21C05;08 21;non;DÉSÉPIPHYSIODÈSE 1OS LONG AB. DIRECT
PAGA008;08C14 21C05;08 21;oui;AMO CENTROMÉD. DES MB SUR PLUS. SITES AB. DIRECT
PAGA009;08C14 21C05;08 21;oui;AMO DES MB SUR PLUS. SITES AB. DIRECT
PAGA010;08C14 21C05;08 21;oui;AMO CENTROMÉD. DES MB SUR 1SITE AB. DIRECT
PAGA011;08C14 21C05;08 21;oui;AMO DES MB SUR 1SITE AB. DIRECT
PAKB002;08C21 17C07 21C05;08 17 21;non;CHANGT CPLT 1SYST. EXT. ALLONGT OS. PROGR.
PANL001;17K09;17 28;non;IRRAD. INT. 1LÉS. OS. INJ. IV ISOTOP.
PAPA001;08C21;08;non;O.TOMIE MULT. ALIGNT AB.CHIR 2EXTRÉMITÉS PLUS. OS LGS
PAPA002;08C21;08;non;O.TOMIE ITÉRATIVE PR CAL PRÉMATURÉ PDT ALLONGT PROGR.
PAPA003;08C21 08C61;08;non;O.TOMIE MULT. ALIGNT +AB. DES 2EXTRÉMITÉS 1OS LONG AB.
PBLL001;17K09 28Z10;17 28;non;SYNOVIORTHÈSE ISOTOPIQUE 1MB
PCCA001;08C29 08C46 21C05;08 21;non;SUTURE RUPTURE MUSC.
PCCA002;08C29 08C46 21C05;08 21;non;SUTURE TENDON
PCDA001;01C08 08C29 08C46 21C05;01 08 21;non;TÉNODÈSE AB. DIRECT
PCEA001;01C08 08C29 08C42 17C07 21C05;01 08 17 21;non;TRANSFERT M.T PÉD. BIPOLAIRE PR RÉANIMATION MOTRICE AB.
PCEA002;08C29 08C42 21C05;08 21;non;RÉINSERTION TRANSOSSEUSE TENDON AB. DIRECT
PCEA003;01C08 08C29 08C42 21C05;01 08 21;non;TRANSFERT M.T PÉD. UNIPOLAIRE PR RÉANIMATION MOTRICE
PCEA004;01C08 08C29 08C42 17C07 21C05;01 08 17 21;non;LAMBEAU LIBRE MUSC.TEND PR RÉANIMATION MOTRICE
PCLB002;01K04;01;non;SÉANCE BOTOX MUSC. TRANSCUT. SANS EMG DÉTECTION
PCLB003;01K04;01;non;SÉANCE BOTOX MUSC. TRANSCUT. + EMG DÉTECTION
PCMA001;01C08 08C29 08C46 21C05;01 08 21;non;PLASTIE ALLONGT/RACCOURC TENDON
PCPA001;01C08 08C29 08C46 21C05;01 08 21;non;LIBÉR. NEURO-MUSCULO-CUTANÉE 1MB PR AVANCT MUSC.TEND
PCPA002;01C08 08C29 08C46 09C25 09C33 09C34 21C05;01 08 09 21;non;APONÉVROTOMIE INTRAMUSC. PR ALLONGT
PCPA003;01C08 08C29 08C46 21C05;01 08 21;non;DÉSINSERTION MUSC.TEND
PCPA004;08C29 08C42 09C25 09C33 09C34 21C05;08 09 21;non;FASCIOMYOTOMIE PR DÉCOMPR. LOGE 1MB AB. DIRECT
PCPA005;01C08 03C16 03C17 03C29 08C29 08C46 21C05;01 03 08 21;non;TÉNOTOMIE AB. DIRECT
PCPA006;08C29 08C46 21C05;08 21;non;SECTION/PLASTIE AGRANDT POULIE RÉFLEXION TENDON
PDFA001;08C29 08C46 09C25 09C27 09C28 09C29 09C30 09C31 21C05;08 09 21;oui;EXÉRÈSE LÉS. FASCIA+/-SSFASCIA TISSUS MOUS SANS
PDFA002;05C18 08C29 08C46 08C61 09C24 09C27 09C28 09C29 09C30 09C31 21C05;05 08 09 21;oui;EXÉRÈSE LÉS. FASCIA+/-SSFASCIA TISSUS MOUS+DISSECT
PDFA003;05C18 08C29 08C46 09C24 09C27 09C28 09C29 09C30 09C31 21C05;05 08 09 21;oui;EXÉRÈSE LÉS. FASCIA TISSUS MOUS RACINE 1MB/PLI
PDHA001;08C29 08C46 09C25 09C33 09C34 16C03;08 09 16;non;BIOPSIE DES TISSUS MOUS SOUSFASCIAUX AB. DIRECT
PZMA001;01C08 05C18 08C21 09C25 09C33 09C34 21C05;01 05 08 09 21;non;RÉFECTION 1MOIGNON +SECTION RÉSEC/LIBÉR. NF
PZMA002;05C18 08C21 09C25 09C33 09C34 21C05;05 08 09 21;non;RÉFECTION 1MOIGNON +RÉGULARISATION OS.
PZMA003;01C08 05C18 08C21 08C61 09C25 09C33 09C34 21C05;01 05 08 09 21;non;RÉFECTION 1MOIGNON +RÉGULARISATION OS. +SECTION
PZMA004;01C08 03C16 03C17 03C29 05C18 06C15 08C20 08C61 09C23 09C27 09C28 09C29 09C30 09C31 10C08 17C06 21C06 22C02;01 03 05 06 08 09 10 17 21 22;non;RÉPAR. LAMBEAU LIBRE +ANAST. VASC.
PZMA005;01C08 03C16 03C17 03C29 05C18 06C15 08C20 08C61 09C23 09C27 09C28 09C29 09C30 09C31 10C08 17C06 21C06 22C02;01 03 05 06 08 09 10 17 21 22;non;RÉPAR. LAMBEAU LIBRE O.CUT O.MUSC/O.MUSC.CUT +ANAST.
QAEA002;17C06 22C02;17 22;non;GREF. PR BRÛLURE TÊTE SUR MOINS 1% CORP
QAEA003;17C06 22C02;17 22;non;GREF. PR BRÛLURE TÊTE > 125% CORP
QAEA004;17C06 22C02;17 22;non;GREF. PR BRÛLURE TÊTE SUR 10% À 125% CORP
QAEA006;17C06 22C02;17 22;non;GREF. PR BRÛLURE TÊTE SUR 3% À 4% CORP
QAEA008;17C06 22C02;17 22;non;GREF. PR BRÛLURE TÊTE SUR 4% À 5% CORP
QAEA009;17C06 22C02;17 22;non;GREF. PR BRÛLURE TÊTE SUR 5% À 75% CORP
QAEA010;17C06 22C02;17 22;non;GREF. PR BRÛLURE TÊTE SUR 1% À 2% CORP
QAEA011;17C06 22C02;17 22;non;GREF. PR BRÛLURE TÊTE SUR 2% À 3% CORP
QAEA012;17C06 22C02;17 22;non;GREF. PR BRÛLURE TÊTE SUR 75% À 10% CORP
QAEA013;03C16 03C17 03C29 08C20 09C25 09C27 09C28 09C29 09C30 09C31 10C08 21C06 22C02;03 08 09 10 21 22;non;RÉIMPLANT. CUIR CHEVELU +ANAST. VASC.
QAEA014;01C08 03C16 03C17 03C29 05C18 06C15 09C25 09C27 09C28 09C29 09C30 09C31 10C08 21C06;01 03 05 06 09 10 21;non;MICROGREFFES PEAU TOT. SUR 6CICATRICES VISAGE
QAEA015;01C08 03C16 03C17 03C29 05C18 06C15 09C25 09C27 09C28 09C29 09C30 09C31 10C08 21C06;01 03 05 06 09 10 21;non;MICROGREFFES PEAU TOT. SUR 1À 5CICATRICES VISAGE
QAFA002;17C07 22C03;17 22;non;EXCISION BRÛLURE TÊTE SUR 1% À 2% CORP
QAFA003;17C06 22C03;17 22;non;EXCISION BRÛLURE TÊTE SUR 5% À 75% CORP
QAFA004;17C06 22C03;17 22;non;EXCISION BRÛLURE TÊTE SUR 2% À 3% CORP
QAFA005;17C06 22C03;17 22;non;EXCISION BRÛLURE TÊTE SUR 4% À 5% CORP
QAFA006;17C07 22C03;17 22;non;EXCISION BRÛLURE TÊTE SUR MOINS 1% CORP
QAFA007;17C06 22C03;17 22;non;EXCISION BRÛLURE TÊTE SUR 75% À 10% CORP
QAFA008;17C07 22C03;17 22;non;EXCISION BRÛLURE TÊTE SUR 3% À 4% CORP
QAFA009;17C06 22C03;17 22;non;EXCISION BRÛLURE TÊTE > 125% CORP
QAFA010;17C06 22C03;17 22;non;EXCISION BRÛLURE TÊTE SUR 10% À 125% CORP
QAGA001;03C16 03C17 03C29 08C29 08C46 21C05;03 08 21;oui;ABL. PLUS. C.E PROF. VISAGE +/- DES MAINS
QAGA004;03C16 03C17 03C29 08C29 08C46 21C05;03 08 21;oui;ABL. 1C.E PROF. DES TISSUS MOUS VISAGE/DES MAINS
QAJA003;03C16 03C17 03C29 08C29 08C46 09C25 09C27 09C28 09C29 09C30 09C31 17C07 21C05;03 08 09 17 21;oui;ÉVAC. 1PHLEGMON CERV.FAC +MÉDIAST. DIFFUS
QAMA001;03C16 03C17 03C29 09C09 09C25;03 09;non;LISSAGE CERV.FAC UNILAT. +PLATYSMAPLASTIE AB.
QAMA002;01C08 03C16 03C17 03C29 05C18 06C15 08C20 09C25 09C27 09C28 09C29 09C30 09C31 10C08 21C06 22C02;01 03 05 06 08 09 10 21 22;non;RÉPAR. TÊTE LAMBEAU LOC. PÉD.NON INDIVID.
QAMA003;01C08 03C16 03C17 03C29 05C18 08C20 09C23 09C27 09C28 09C29 09C30 09C31 10C08 21C06 22C02;01 03 05 08 09 10 21 22;non;RÉPAR. TÊTE LAMBEAU FRONTAL À PÉD. INF.
QAMA004;01C08 03C16 03C17 03C29 05C18 08C20 09C23 09C27 09C28 09C29 09C30 09C31 10C08 21C06 22C02;01 03 05 08 09 10 21 22;non;RÉPAR. TÊTE LAMBEAU FASCIA TEMPORAL +GREF. PEAU
QAMA005;01C08 03C16 03C17 03C29 05C18 08C20 09C23 09C27 09C28 09C29 09C30 09C31 10C08 21C06 22C02;01 03 05 08 09 10 21 22;non;RÉPAR. TÊTE LAMBEAU FASCIA TEMPORAL
QAMA006;09C09 09C25;09;non;LISSAGE CERV.FAC UNILAT. AB. DIRECT
QAMA007;09C09 09C25;09;non;LISSAGE TEMPORAL BILAT. AB. DIRECT
QAMA008;01C08 03C16 03C17 03C29 05C18 08C20 09C23 09C27 09C28 09C29 09C30 09C31 10C08 21C06 22C02;01 03 05 08 09 10 21 22;non;RÉPAR. TÊTE LAMBEAU SCALPANT
QAMA009;03C16 03C17 03C29 09C09 09C25;03 09;non;LISSAGE CERV.FAC BILAT. +PLATYSMAPLASTIE AB. DIRECT
QAMA010;09C09 09C25;09;non;LISSAGE CERV.FAC BILAT. AB. DIRECT
QAMA011;09C09 09C25;09;non;LISSAGE CERV. AB. DIRECT
QAMA012;01C08 03C16 03C17 03C29 05C18 08C20 09C23 09C27 09C28 09C29 09C30 09C31 10C08 21C06 22C02;01 03 05 08 09 10 21 22;non;RÉPAR. TÊTE LAMBEAU MUSC. TEMPORAL +GREF. PEAU
QAMA013;01C08 03C16 03C17 03C29 05C18 08C20 09C23 09C27 09C28 09C29 09C30 09C31 10C08 21C06 22C02;01 03 05 08 09 10 21 22;non;RÉPAR. TÊTE LAMBEAU MUSC/MUSC.CUT
QAMA014;09C09 09C25;09;non;LISSAGE TEMPORAL UNILAT. AB. DIRECT
QAMA015;01C08 03C16 03C17 03C29 05C18 08C20 09C23 09C27 09C28 09C29 09C30 09C31 10C08 21C06 22C02;01 03 05 08 09 10 21 22;non;RÉPAR. CUIR CHEVELU LAMBEAU PÉD.
QAMA016;09C09 09C25;09;non;LISSAGE 1/3SUP. FACE AB. CORONAL
QAMC001;09C09 09C25;09;non;LISSAGE 1/3SUP. FACE VIDÉOCHIRURGIE
QAPA001;03C16 03C17 03C29 09C25 09C27 09C28 09C29 09C30 09C31;03 09;non;SECTION BRIDE CONG. MÉDIANE COU +PLASTIE
QAPA002;03C16 03C17 03C29 08C29 08C46 09C25 09C27 09C28 09C29 09C30 09C31 21C05;03 08 09 21;oui;TRAITT INFECT. CUIR CHEVELU
QBFA001;06C10 06C12 06C24 06C25 10C10 17C07;06 10 17;non;DERMOLIPECTOMIE ABD. +TRANSPOSITION OMBILIC +FERM.
QBFA002;06C14 09C08 09C13 09C25;06 09;oui;EXCISION 1HIDROSADÉNITE SUPPURATIVE PÉRINÉOFESSIÈRE >
QBFA003;10C10 17C06;10 17;non;DERMOLIPECTOMIE ABD. TOT. CIRCULAIRE
QBFA004;06C14 09C08 09C13 09C25;06 09;oui;EXCISION 1HIDROSADÉNITE SUPPURATIVE PÉRINÉOFESSIÈRE
QBFA005;10C10 17C07;10 17;non;DERMOLIPECTOMIE ABD. +TRANSPOSITION OMBILIC
QBFA006;06C10 06C12 06C24 06C25 10C10 17C07;06 10 17;non;DERMOLIPECTOMIE ABD. SANS TRANSPOSITION OMBILIC
QBFA007;09C08 09C13 09C25;09;non;EXCISION 1SINUS PILONIDAL PÉRINÉOFESSIER
QBFA008;10C10 17C07;10 17;non;DERMOLIPECTOMIE ABD. +TRANSPOSITION OMBILIC +LIPOASPI.
QBFA009;10C10;10;non;DERMOLIPECTOMIE ABD. QUARTIER ORANGE
QBFA010;10C10;10;non;DERMOLIPECTOMIE ABD. +LIPOASPI. ABD. +FERM. DIASTASIS
QBFA011;10C10;10;non;DERMOLIPECTOMIE ABD. SANS TRANSPOSITION OMBILIC
QBFA012;10C10 17C07;10 17;non;DERMOLIPECTOMIE ABD+TRANSPOS. OMBILIC LIPOASPI.
QBFA013;10C10;10;non;DERMOLIPECTOMIE ABD. SANS TRANSPOSITION OMBILIC
QBFA014;06C15 08C21 08C61 09C25 09C33 09C34 11C08 12C09 12C10 13C13 17C07 21C05 22C03;06 08 09 11 12 13 17 21 22;non;EXCISION 1FASCIITE NÉCROSANTE PÉRINÉOFESSIÈRE
QBPA001;09C08 09C13 09C25;09;non;M.À.PLAT SINUS PILONIDAL PÉRINÉOFESSIER INFECTÉ
QCEA001;17C06 22C02;17 22;non;GREF. PR BRÛLURE DES 2MAINS SUR 25% À 375% CORP
QCEA002;17C06 22C02;17 22;non;GREF. PR BRÛLURE DES 2MAINS SUR MOINS 125% CORP
QCEA003;17C06 22C02;17 22;non;GREF. PR BRÛLURE DES 2MAINS > 375% CORP
QCEA004;17C06 22C02;17 22;non;GREF. PR BRÛLURE DES 2MAINS SUR 125% À 25% CORP
QCEA005;17C06 22C02;17 22;non;GREF. PR BRÛLURE 1MAIN SUR MOINS 125% CORP
QCEA006;17C06 22C02;17 22;non;GREF. PR BRÛLURE 1MAIN > 125% CORP
QCFA001;22C03;22;non;EXCISION BRÛLURE DES 2MAINS SUR MOINS 125% CORP
QCFA002;22C03;22;non;EXCISION BRÛLURE 1MAIN SUR MOINS 125% CORP
QCFA003;22C03;22;non;EXCISION BRÛLURE 1MAIN > 125% CORP
QCFA004;17C06 22C03;17 22;non;EXCISION BRÛLURE DES 2MAINS SUR 25% À 375% CORP
QCFA005;17C07 22C03;17 22;non;EXCISION BRÛLURE DES 2MAINS > 375% CORP
QCFA006;17C07 22C03;17 22;non;EXCISION BRÛLURE DES 2MAINS SUR 125% À 25% CORP
QCLB222;01K04;01;non;INJ. UNI OU BI TOXINE BOTULIQUE DS CREUX AXILLAIRE
QDPA001;08C20 09C25 09C33 09C34;08 09;non;SÉPARATION 1SYNDACTYLIE DES ORTEILS PLASTIE CUT.
QEBA001;09C18 09C19 09C20 09C21 09C22;09;non;RÉDUC. VOL. MAMELON
QEDA001;09C18 09C19 09C20 09C21 09C22;09;non;MASTOPEXIE UNILAT. +PROTH.
QEDA002;09C18 09C19 09C20 09C21 09C22;09;non;MASTOPEXIE UNILAT. SANS PROTH.
QEDA003;09C18 09C19 09C20 09C21 09C22;09;non;MASTOPEXIE BILAT. +PROTH.
QEDA004;09C18 09C19 09C20 09C21 09C22;09;non;MASTOPEXIE BILAT. SANS PROTH.
QEEA001;09C18 09C19 09C20 09C21 09C22;09;non;TRANSPOSITION MAMELON
QEEA002;09C18 09C19 09C20 09C21 09C22;09;non;DÉSINVAGINATION UNILAT. MAMELON OMBILIQUÉ
QEEA003;09C18 09C19 09C20 09C21 09C22;09;non;DÉSINVAGINATION BILAT. MAMELON OMBILIQUÉ
QEEB152;09C18 09C19 09C20 09C21 09C22;09;non;AUTOGREFFE DE TISSUS ADIPEUX DE 200 CM³ ET PLUS AU
QEEB317;09C18 09C19 09C20 09C21 09C22;09;non;AUTOGREFFE DE TISSU ADIPEUX DE MOINS DE 200 CM³ AU
QEFA001;09C18 09C19 09C20 09C21 09C22 17C07;09 17;non;TUMORECTOMIE SEIN +CURAGE AXIL.
QEFA002;09C18 09C19 09C20 09C21 09C22;09;non;EXÉRÈSE BILAT. GYNÉCOMASTIE
QEFA003;09C16 09C18 09C19 09C20 09C21 09C22 17C06;09 17;non;MASTECTOMIE TOT. +CURAGE AXIL. +PARASTERNAL
QEFA004;09C18 09C19 09C20 09C21 09C22;09;non;TUMORECTOMIE SEIN
QEFA005;09C16 09C18 09C19 09C20 09C21 09C22 17C06;09 17;non;MASTECTOMIE TOT. +PECTORAUX +CURAGE GGL. AXIL.
QEFA006;09C18 09C19 09C20 09C21 09C22;09;non;EXÉRÈSE TISSU MAMM. ECTOPIQUE/GLD MAMM.
QEFA007;09C18 09C19 09C20 09C21 09C22 17C07;09 17;non;MASTECTOMIE SSCUT +EXÉRÈSE ARÉOLE
QEFA008;09C18 09C19 09C20 09C21 09C22 17C07;09 17;non;MASTECTOMIE PART. +CURAGE AXIL.
QEFA009;09C18 09C19 09C20 09C21 09C22;09;non;EXÉRÈSE MAMELON
QEFA010;09C16 09C18 09C19 09C20 09C21 09C22 17C06;09 17;non;MASTECTOMIE TOT. +CURAGE AXIL. +SUSCLAV.
QEFA011;09C18 09C19 09C20 09C21 09C22;09;non;EXÉRÈSE UNILAT. GYNÉCOMASTIE
QEFA012;09C16 09C17 17C06;09 17;non;MASTECT. TOT. ÉLARG. +GREF. CUT.
QEFA013;09C16 09C17 17C06;09 17;non;MASTECT. TOT. ÉLARG. +LAMBEAU GD
QEFA014;09C18 09C19 09C20 09C21 09C22;09;non;EXÉRÈSE MAMELON SURNUMÉRAIRE
QEFA015;09C16 09C17 17C06;09 17;non;MASTECT. TOT. ÉLARG. +LAMBEAU MYOCUT.
QEFA016;09C18 09C19 09C20 09C21 09C22;09;non;EXÉRÈSE CONDUIT LACTIFÈRE
QEFA017;09C18 09C19 09C20 09C21 09C22;09;non;MASTECTOMIE PART.
QEFA018;09C18 09C19 09C20 09C21 09C22;09;non;EXÉRÈSE ARÉOLE
QEFA019;09C16 09C18 09C19 09C20 09C21 09C22 17C07;09 17;non;MASTECTOMIE TOT.
QEFA020;09C16 09C18 09C19 09C20 09C21 09C22 17C06;09 17;non;MASTECTOMIE TOT. CONSERV. PECTORAUX +CURAGE GGL.
QEGA001;09C18 09C19 09C20 09C21 09C22 17C07 21C05;09 17 21;non;ABL. UNILAT. IMPLANT PROTH. MAMM. SANS CAPSULECTOMIE
QEGA002;09C18 09C19 09C20 09C21 09C22 21C05;09 21;non;ABL. BILAT. IMPLANT PROTH. MAMM. SANS CAPSULECTOMIE
QEGA003;09C18 09C19 09C20 09C21 09C22 21C05;09 21;non;ABL. UNILAT. IMPLANT PROTH. MAMM. +CAPSULECTOMIE
QEGA004;09C18 09C19 09C20 09C21 09C22 21C05;09 21;non;ABL. BILAT. IMPLANT PROTH. MAMM. +CAPSULECTOMIE
QEHA002;09C18 09C19 09C20 09C21 09C22;09;non;BIOPSIE LÉS. GLD MAMM. AB. DIRECT
QEKA001;09C18 09C19 09C20 09C21 09C22 21C05;09 21;non;CHANGT IMPLANT PROTH. MAMM. +CAPSULECTOMIE
QEKA002;09C18 09C19 09C20 09C21 09C22 21C05;09 21;non;CHANGT IMPLANT PROTH. MAMM. SANS CAPSULECTOMIE
QEMA001;09C16 09C17 17C06;09 17;non;MASTOPLAST. LAMBEAU M.DROIT
QEMA002;09C16 09C17 17C06;09 17;non;MASTOPLAST. LAMBEAU MUSC.CUT LIBRE M.DROIT +ANAST.
QEMA003;09C18 09C19 09C20 09C21 09C22;09;non;AUGM. SEIN UNILAT. +PROTH.
QEMA004;09C18 09C19 09C20 09C21 09C22;09;non;AUGM. SEINS BILAT. +PROTH.
QEMA005;09C18 09C19 09C20 09C21 09C22 10C10 17C07;09 10 17;non;RÉDUC. SEIN. UNILAT +RECONSTR. ARÉOLE LAMBEAU LOC.
QEMA006;09C18 09C19 09C20 09C21 09C22 17C07;09 17;non;MASTOPLAST. PROTH.
QEMA007;09C18 09C19 09C20 09C21 09C22;09;non;PLASTIE AUGM/RÉDUC. ARÉOLE
QEMA009;09C18 09C19 09C20 09C21 09C22;09;non;RECONSTR. ARÉOLE GREF. MAMELON +DERMOPIGMENTATION
QEMA010;09C18 09C19 09C20 09C21 09C22;09;non;RECONSTR. ARÉOLE GREF. MAMELON/LAMBEAU LOC. +GREF.
QEMA012;09C18 09C19 09C20 09C21 09C22 10C10;09 10;non;RÉDUC. SEIN. UNILAT
QEMA013;09C18 09C19 09C20 09C21 09C22 10C10;09 10;non;MASTOPLASTIE BILAT. RÉDUC.
QEMA014;09C16 09C17 17C06;09 17;non;MASTOPLAST. LAMBEAU BIPÉDICULÉ M.DROIT
QEMA020;09C16 09C17;09;non;RECONSTRUCTION DU SEIN PAR LAMBEAU  DIEP +
QEMA392;09C16 09C17 17C06;09 17;non;RECONST SEIN LAMBEAU MUSCULOCUT PÉDICULÉ MUSCLE
QEMA463;09C16 09C17 17C06;09 17;non;RECONST SEIN LAMBEAU CUTANÉOGR PÉDICULE
QEMA621;09C16 09C17 17C06;09 17;non;RECONST SEIN LAMBEAU MUSCULOCUT LIBRE GRACILIS, +
QEMA682;09C16 09C17 17C06;09 17;non;RECONST SEIN LAMBEAU CUTANÉOGR LIBRE ABDOMINAL
QEMA702;09C16 09C17 17C06;09 17;non;RECONST AUTOLOGUE SEIN LAMBEAU MUSCULOCUT ANTÉ
QEMA740;09C16 09C17 17C06;09 17;non;RECONST AUTOLOGUE SEIN LAMBEAU MUSCULOCUT GRAND
QEMA788;09C16 09C17 17C06;09 17;non;RECONST SEIN LAMBEAU CUTANÉOGR LIBRE FÉMORAL
QEPA001;09C18 09C19 09C20 09C21 09C22 21C05;09 21;non;CAPS.TOMIE MAMM. +CHANGT LOGE IMPLANT PROTH.
QZEA001;22C02;22;non;GREF. SANDWICH > 20% CORP
QZEA002;17C06 22C02;17 22;non;GREF. PR BRÛLURE SF TÊTE/MAINS SUR 15% À 175% CORP
QZEA003;22C02;22;non;GREF. CULTURE KÉRATINOCYTES AUTOLOGUES PR
QZEA004;22C02;22;non;GREF. SANDWICH SUR 5% À 75% CORP
QZEA005;01C08 03C16 03C17 03C29 05C18 06C15 09C23 09C27 09C28 09C29 09C30 09C31 10C08 17C07 21C06;01 03 05 06 09 10 17 21;non;GREF. PEAU 500-1000CM²
QZEA006;01C08 03C16 03C17 03C29 05C18 06C15 09C24 09C27 09C28 09C29 09C30 09C31 10C08 21C06;01 03 05 06 09 10 21;non;GREF. PEAU TOT. SUR PLUS. LOC.
QZEA010;17C06 22C02;17 22;non;GREF. PR BRÛLURE SF TÊTE/MAINS > 20% CORP
QZEA011;17C06 22C02;17 22;non;GREF. PR BRÛLURE SF TÊTE/MAINS SUR 10% À 125% CORP
QZEA012;17C06 22C02;17 22;non;GREF. PR BRÛLURE SF TÊTE/MAINS SUR 125% À 15% CORP
QZEA013;17C06 22C02;17 22;non;GREF. SANDWICH SUR 75% À 10% CORP
QZEA014;17C06 22C02;17 22;non;GREF. SANDWICH SUR 125% À 15% CORP
QZEA016;17C06 22C02;17 22;non;GREF. CULTURE KÉRATINOCYTES AUTOLOGUES PR BRÛLURE
QZEA017;17C06 22C02;17 22;non;GREF. PR BRÛLURE SF TÊTE/MAINS SUR 75% À 10% CORP
QZEA019;01C08 03C16 03C17 03C29 05C18 06C15 09C24 09C27 09C28 09C29 09C30 09C31 10C08 17C07 21C06;01 03 05 06 09 10 17 21;non;GREF. PEAU PASTILLES SUR 1SURFACE 10CM² À 50CM²
QZEA020;01C08 03C16 03C17 03C29 05C18 06C15 09C24 09C27 09C28 09C29 09C30 09C31 10C08 21C06;01 03 05 06 09 10 21;non;GREF. PEAU <50CM²
QZEA021;17C06 22C02;17 22;non;GREF. PR BRÛLURE SF TÊTE/MAINS SUR MOINS 25% CORP
QZEA022;22C02;22;non;GREF. CULTURE KÉRATINOCYTES AUTOLOGUES PR BRÛLURE
QZEA023;17C07 22C02;17 22;non;GREF. CULTURE KÉRATINOCYTES AUTOLOGUES PR BRÛLURE
QZEA024;01C08 03C16 03C17 03C29 05C18 06C15 09C24 09C27 09C28 09C29 09C30 09C31 10C08 21C06;01 03 05 06 09 10 21;non;GREF. PEAU TOT. SUR 1LOC. SURFACE ÉGALE/SUP. À 10CM²
QZEA025;17C06 22C02;17 22;non;GREF. PR BRÛLURE SF TÊTE/MAINS SUR 175% À 20% CORP
QZEA026;01C08 03C16 03C17 03C29 05C18 06C15 09C23 09C27 09C28 09C29 09C30 09C31 10C08 17C07 21C06;01 03 05 06 09 10 17 21;non;GREF. PEAU PASTILLES SUR 1SURFACE SUP. À 50CM²
QZEA027;01C08 03C16 03C17 03C29 05C18 06C15 09C23 09C27 09C28 09C29 09C30 09C31 10C08 17C07 21C06;01 03 05 06 09 10 17 21;non;GREF. PEAU 200-500CM²
QZEA028;08C20 09C23 09C27 09C28 09C29 09C30 09C31 21C06 22C02;08 09 21 22;non;TRANSFERT LIBRE CPLX UNGUÉOMATRICIEL +ANAST. VASC.
QZEA029;22C02;22;non;GREF. SANDWICH SUR 25% À 5% CORP
QZEA030;17C06 22C02;17 22;non;GREF. SANDWICH SUR 175% À 20% CORP
QZEA031;01C08 03C16 03C17 03C29 05C18 06C15 09C25 09C27 09C28 09C29 09C30 09C31 10C08 21C06;01 03 05 06 09 10 21;non;GREF. PEAU TOT. SUR 1LOC. SURFACE INF. À 10CM²
QZEA032;01C08 03C16 03C17 03C29 05C18 06C15 09C25 09C27 09C28 09C29 09C30 09C31 10C08 21C06;01 03 05 06 09 10 21;non;GREF. PEAU PASTILLES SUR 1SURFACE INF. À 10CM²
QZEA033;22C02;22;non;GREF. CULTURE KÉRATINOCYTES AUTOLOGUES PR BRÛLURE >
QZEA036;01C08 03C16 03C17 03C29 05C18 06C15 09C23 09C27 09C28 09C29 09C30 09C31 10C08 17C07 21C06;01 03 05 06 09 10 17 21;non;GREF. PEAU >1000CM²
QZEA037;17C06 22C02;17 22;non;GREF. PR BRÛLURE SF TÊTE/MAINS SUR 25% À 5% CORP
QZEA038;22C02;22;non;GREF. SANDWICH SUR MOINS 25% CORP
QZEA039;01C08 03C16 03C17 03C29 05C18 06C15 09C23 09C27 09C28 09C29 09C30 09C31 10C08 17C07 21C06;01 03 05 06 09 10 17 21;non;GREF. PEAU 50-200CM²
QZEA040;17C06 22C02;17 22;non;GREF. SANDWICH SUR 15% À 175% CORP
QZEA041;17C06 22C02;17 22;non;GREF. PR BRÛLURE SF TÊTE/MAINS SUR 5% À 75% CORP
QZEA042;17C06 22C02;17 22;non;GREF. CULTURE KÉRATINOCYTES AUTOLOGUES PR
QZEA043;17C06 22C02;17 22;non;GREF. SANDWICH SUR 10% À 125% CORP
QZEA044;08C20 09C23 09C27 09C28 09C29 09C30 09C31 10C08 21C06 22C02;08 09 10 21 22;non;GREF. SSCUT SUSFASCIALE PEAU DÉSÉPIDERMISÉE PR
QZEA045;08C20 09C24 09C27 09C28 09C29 09C30 09C31 10C08 21C06 22C02;08 09 10 21 22;non;GREF. SSCUT SUSFASCIALE TISSU CELLULOADIPEUX PR
QZFA001;05C18 08C29 08C46 09C25 09C27 09C28 09C29 09C30 09C31 21C05;05 08 09 21;oui;EXÉRÈSE 2À 5LÉS. SSCUT SUSFASCIALES MOINS 3CM GD AXE
QZFA002;05C18 08C29 08C46 09C25 09C27 09C28 09C29 09C30 09C31 21C05;05 08 09 21;oui;EXÉRÈSE 1LÉS. SSCUT SUSFASCIALE MOINS 3CM GD AXE
QZFA003;05C18 08C29 08C46 09C25 09C27 09C28 09C29 09C30 09C31 21C05;05 08 09 21;oui;EXÉRÈSE LÉS. SUPERF. PEAU EXCISION 6ZONES CUT. <5CM²
QZFA004;05C18 08C29 08C46 09C25 09C27 09C28 09C29 09C30 09C31 21C05;05 08 09 21;oui;EXÉRÈSE LÉS. SUPERF. PEAU EXCISION 5-10CM²
QZFA005;05C18 08C29 08C46 09C24 09C27 09C28 09C29 09C30 09C31 21C05;05 08 09 21;oui;EXÉRÈSE 6LÉS. SSCUT SUSFASCIALES MOINS 3CM GD AXE
QZFA006;17C06 22C03;17 22;non;EXCISION BRÛLURE SF TÊTE/MAINS SUR 25% À 5% CORP
QZFA007;05C18 08C29 08C46 09C25 09C27 09C28 09C29 09C30 09C31 21C05;05 08 09 21;oui;EXÉRÈSE LÉS. SSCUT SUSFASCIALE 3-10CM GD AXE
QZFA008;05C18 08C29 08C46 09C25 09C27 09C28 09C29 09C30 09C31;05 08 09;oui;EXÉRÈSE LÉS. SUPERF. PEAU EXCISION <5CM² CHIMIOCHIR.
QZFA009;08C20 09C24 09C27 09C28 09C29 09C30 09C31 21C06 22C02;08 09 21 22;non;EXÉRÈSE APP. UNGUÉAL +RÉPAR. LAMBEAU PÉD.
QZFA011;05C18 08C29 08C46 09C24 09C27 09C28 09C29 09C30 09C31 21C05;05 08 09 21;oui;EXÉRÈSE LÉS. SUPERF. PEAU EXCISION 10CM² À 50CM²
QZFA012;17C06 22C03;17 22;non;EXCISION BRÛLURE SF TÊTE/MAINS SUR 10% À 125% CORP
QZFA014;10C10 21C05;10 21;non;DERMOLIPECTOMIE DES MB
QZFA016;17C06 22C03;17 22;non;EXCISION BRÛLURE SF TÊTE/MAINS SUR 75% À 10% CORP
QZFA017;17C06 22C03;17 22;non;EXCISION BRÛLURE SF TÊTE/MAINS SUR 5% À 75% CORP
QZFA018;17C06 22C03;17 22;non;EXCISION BRÛLURE SF TÊTE/MAINS SUR 125% À 15% CORP
QZFA019;22C03;22;non;EXCISION BRÛLURE SF TÊTE/MAINS SUR MOINS 25% CORP
QZFA023;08C29 08C46 08C61 09C25 09C27 09C28 09C29 09C30 09C31 21C05;08 09 21;oui;EXCISION LÉS. INFECT. DIFFUSE SUR 50CM² À 200CM²
QZFA024;05C18 08C29 08C46 09C23 09C27 09C28 09C29 09C30 09C31 21C05;05 08 09 21;oui;EXÉRÈSE LÉS. SSCUT SUSFASCIALE +10CM GD AXE
QZFA025;17C06 22C03;17 22;non;EXCISION BRÛLURE SF TÊTE/MAINS SUR 175% À 20% CORP
QZFA026;05C18 08C29 08C46 09C23 09C27 09C28 09C29 09C30 09C31;05 08 09;oui;EXÉRÈSE LÉS. SUPERF. PEAU EXCISION +10CM²
QZFA027;08C29 08C46 08C61 09C25 09C27 09C28 09C29 09C30 09C31 17C07 21C05;08 09 17 21;oui;EXCISION LÉS. INFECT. DIFFUSE >200CM²
QZFA030;05C18 08C29 08C46 08C61 09C23 09C27 09C28 09C29 09C30 09C31 21C05;05 08 09 21;oui;EXÉRÈSE LÉS. SUPERF. PEAU EXCISION +200CM²
QZFA031;05C18 08C29 08C46 09C25 09C27 09C28 09C29 09C30 09C31 21C05;05 08 09 21;oui;EXÉRÈSE LÉS. SUPERF. PEAU EXCISION 2À 5ZONES CUT.
QZFA032;09C25 09C27 09C28 09C29 09C30 09C31 21C06 22C02;09 21 22;non;EXÉRÈSE APP. UNGUÉAL +RÉPAR. GREF. PEAU TOT.
QZFA033;05C18 08C29 08C46 09C24 09C27 09C28 09C29 09C30 09C31;05 08 09;oui;EXÉRÈSE LÉS. SUPERF. PEAU EXCISION 5-10CM²
QZFA034;17C07 22C03;17 22;non;EXCISION BRÛLURE SF TÊTE/MAINS SUR 15% À 175% CORP
QZFA035;05C18 08C29 08C46 09C24 09C27 09C28 09C29 09C30 09C31 21C05;05 08 09 21;oui;EXÉRÈSE LÉS. SUPERF. PEAU EXCISION 50CM² À 200CM²
QZFA036;05C18 08C29 08C46 09C25 09C27 09C28 09C29 09C30 09C31 21C05;05 08 09 21;oui;EXÉRÈSE LÉS. SUPERF. PEAU EXCISION <5CM²
QZFA037;17C06 22C03;17 22;non;EXCISION BRÛLURE SF TÊTE/MAINS > 20% CORP
QZFA038;08C29 08C46 09C25 09C27 09C28 09C29 09C30 09C31 21C05;08 09 21;oui;EXCISION LÉS. INFECT. DIFFUSE SUR MOINS 50CM²
QZGA001;09C25 09C27 09C28 09C29 09C30 09C31 17C07 21C05;09 17 21;non;ABL. PLUS. EXPANDEUR CUT/PLUS. IMPLANTS SSCUT
QZGA003;03C16 03C17 03C29 08C29 08C46 21C05;03 08 21;oui;ABL. 1C.E PROF. DES TISSUS MOUS SF VISAGE +DES MAINS
QZGA006;03C16 03C17 03C29 08C29 08C46 21C05;03 08 21;oui;ABL. PLUS. C.E PROF. SF VISAGE +DES MAINS
QZGA008;09C25 09C27 09C28 09C29 09C30 09C31 17C07 21C05;09 17 21;non;ABL. 1EXPANDEUR CUT/1IMPLANT SSCUT DÉFINITIF
QZGP001;22C02;22;non;ABL. SUPPORT CULT PR BRÛLURE SUR 20% À 30% CORP
QZGP002;22C02;22;non;ABL. SUPPORT CULT PR BRÛLURE SUR 30% À 40% CORP
QZGP004;22C02;22;non;ABL. SUPPORT CULT PR BRÛLURE SUR MOINS 10% CORP
QZGP006;22C02;22;non;ABL. SUPPORT CULT PR BRÛLURE SUR 40% À 50% CORP
QZGP007;22C02;22;non;ABL. SUPPORT CULT PR BRÛLURE > 50% CORP
QZGP009;22C02;22;non;ABL. SUPPORT CULT PR BRÛLURE SUR 10% À 20% CORP
QZJA011;03C16 03C17 03C29 08C29 08C46 08C61 09C25 09C27 09C28 09C29 09C30 09C31 12C09 12C10 13C13 21C05;03 08 09 12 13 21;oui;ÉVAC. COLLECTION PROF. AB. DIRECT
QZKA001;01C05 17C07 21C05;01 17 21;non;CHANGT 1SYST. DIFFUSEUR/POMPE SSCUT SANS CHANGT
QZKA007;01C05 05C18 17C07 21C05;01 05 17 21;non;CHANGT 1SYST. DIFFUSEUR/1POMPE SSCUT IMPLANTÉ
QZLA001;09C25 09C27 09C28 09C29 09C30 09C31;09;non;POSE 1EXPANDEUR CUT/1IMPLANT SSCUT DÉFINITIF
QZLA002;09C25 09C27 09C28 09C29 09C30 09C31 17C07;09 17;non;POSE PLUS. EXPANDEUR CUT/PLUS. IMPLANTS SSCUT
QZLB001;08C20 09C25 09C27 09C28 09C29 09C30 09C31 10C08 21C06 22C02;08 09 10 21 22;non;INJ. SSCUT SUSFASCIALE TISSU ADIPEUX
QZMA001;01C08 03C16 03C17 03C29 05C18 06C15 08C20 09C25 09C27 09C28 09C29 09C30 09C31 10C08 21C06 22C02;01 03 05 06 08 09 10 21 22;non;RÉPAR. LAMBEAU LOC. PÉD.NON INDIVID. SF TÊTE
QZMA002;09C25 09C27 09C28 09C29 09C30 09C31 21C06 22C03;09 21 22;non;RÉVISION 1LAMBEAU LIBRE PR ISCHÉM. SANS RÉFECTION
QZMA003;01C08 03C16 03C17 03C29 05C18 06C15 08C20 09C23 09C27 09C28 09C29 09C30 09C31 10C08 21C06 22C02;01 03 05 06 08 09 10 21 22;non;RÉPAR. LAMBEAU À DISTANCE CUT.
QZMA004;01C08 03C16 03C17 03C29 05C18 06C15 08C20 09C23 09C27 09C28 09C29 09C30 09C31 10C08 21C06 22C02;01 03 05 06 08 09 10 21 22;non;RÉPAR. LAMBEAU LOC/RÉG. PÉD. VASC. SF TÊTE
QZMA005;01C08 03C16 03C17 03C29 05C18 06C15 08C20 09C23 09C27 09C28 09C29 09C30 09C31 10C08 21C06 22C02;01 03 05 06 08 09 10 21 22;non;RÉPAR. LAMBEAU LOC/RÉG. CUT. FASCIOCUTANÉ/O.CUT
QZMA006;01C08 03C16 03C17 03C29 05C18 06C15 08C20 09C25 09C27 09C28 09C29 09C30 09C31 10C08 21C06 22C02;01 03 05 06 08 09 10 21 22;non;MODELAGE IIRE 1LAMBEAU
QZMA007;01C08 03C16 03C17 03C29 05C18 06C15 08C20 08C61 09C23 09C27 09C28 09C29 09C30 09C31 10C08 17C06 21C06 22C02;01 03 05 06 08 09 10 17 21 22;non;RÉPAR. LAMBEAU LOC/RÉG. MUSC/MUSC.CUT PÉD. VASC.
QZMA009;01C08 03C16 03C17 03C29 05C18 06C15 08C20 08C61 09C23 09C27 09C28 09C29 09C30 09C31 10C08 21C06 22C02;01 03 05 06 08 09 10 21 22;non;RÉPAR. LAMBEAU À DISTANCE À PÉD. DÉFINITIF
QZMA010;09C25 09C27 09C28 09C29 09C30 09C31 17C07 21C06 22C03;09 17 21 22;non;RÉFECTION DES ANAST. VASC. 1LAMBEAU LIBRE PR
QZMP003;28Z19;28;non;PREPA IRRAD CUT TOT
QZNL001;28Z11;28;non;IRRAD CUT TOT
QZPA001;17C07 22C03;17 22;non;ESCARROTOMIE DÉCHARGE SUR 2SITES
QZPA002;17C07 22C03;17 22;non;ESCARROTOMIE DÉCHARGE SUR 1SITE
QZPA003;17C07 22C03;17 22;non;ESCARROTOMIE DÉCHARGE SUR 6SITES
QZPA005;17C07 22C03;17 22;non;ESCARROTOMIE DÉCHARGE SUR 3SITES
QZPA006;17C07 22C03;17 22;non;ESCARROTOMIE DÉCHARGE SUR 5SITES
QZPA007;17C07 22C03;17 22;non;ESCARROTOMIE DÉCHARGE SUR 4SITES
QZPA008;01C08 03C16 03C17 03C29 05C18 06C15 08C20 09C24 09C27 09C28 09C29 09C30 09C31 10C08 21C06 22C02;01 03 05 06 08 09 10 21 22;non;AUTONOMISATION 1LAMBEAU
QZQA001;08C29 08C46 09C25 09C27 09C28 09C29 09C30 09C31 21C05;08 09 21;oui;EXPLO. SANS DISSECTION 1GROS TR. VASC/NF AB. DIRECT
ZANL001;;28;non;
ZAQA001;01C08 03C16 03C17 03C29 04C03 05C18 06C15 08C21 09C23 09C33 09C34 10C08 16C03 21C05;01 03 04 05 06 08 09 10 16 21;non;CERV.TOMIE EXPLO.
ZBGA001;04C02 17C07 21C05;04 17 21;non;ABL. C.E INTRATHOR. THOR.TOMIE
ZBGC001;04C04 17C07 21C05;04 17 21;non;ABL. C.E INTRATHOR. THOR.SCOPIE
ZBQA001;04C02 06C15 17C07;04 06 17;non;EXPLO. THOR. +BIOPSIE POUMON THOR.TOMIE
ZBQA002;04C02 05C06 05C07 05C08 05C09 06C15 17C07;04 05 06 17;non;EXPLO. THOR. SANS BIOPSIE POUMON THOR.TOMIE
ZBQC001;04C04 17C07 21C05;04 17 21;non;EXPLO. THOR. SANS BIOPSIE POUMON THOR.SCOPIE
ZBQC002;04C04 17C07 21C05;04 17 21;non;EXPLO. THOR. +BIOPSIE POUMON THOR.SCOPIE
ZBSA001;04C02 17C06 21C05;04 17 21;non;HÉMOSTASE IIRE À 1ACTE INTRATHOR. THOR.TOMIE
ZCGA433;06C07 11C04 11C10 13C04 17C07 21C05;06 11 13 17 21;non;ABLATION TOTALE D'IMPLANT DE RENFORT ORGANE PELVIEN
ZCGA760;11C04 11C10 13C04 21C05;11 13 21;non;ABLATION TOTALE D'IMPLANT DE RENFORT ORGANE PELVIEN
ZCGA765;06C07 11C04 11C10 13C04 17C07 21C05;06 11 13 17 21;non;ABLAT PART IMPLANT RENFORT ORGANE PELVIEN PAR
ZCGC025;06C07 11C04 11C10 13C04 17C07 21C05;06 11 13 17 21;non;ABLATION TOTALE D'IMPLANT DE RENFORT ORGANE PELVIEN
ZCGC718;06C07 11C04 11C10 13C04 17C07 21C05;06 11 13 17 21;non;ABLAT PART IMPLANT RENFORT ORGANE PELVIEN, PAR
ZCGD069;11C04 11C10 13C04 21C05;11 13 21;non;ABLAT PART IMPLANT RENFORT ORGANE PELVIEN PAR VOIE
ZCJA001;05C18 06C15 11C08 13C13 16C03 17C07 21C05;05 06 11 13 16 17 21;non;ÉVAC. COLLECTION ABDO. RECTOTOMIE
ZCJA002;05C18 06C21 07C08 11C08 12C09 12C10 13C13 14C09 16C03 17C07 21C05;05 06 07 11 12 13 14 16 17 21;non;ÉVAC. 1COLLECTION ABDO. LAPARO
ZCJA003;05C18 06C15 07C08 11C08 12C09 12C10 13C13 14C09 16C03 17C07 21C05;05 06 07 11 12 13 14 16 17 21;non;ÉVAC. COLLECTION ABDO. COLPOTOMIE
ZCJA004;05C18 06C21 07C08 11C08 12C09 12C10 13C13 14C09 16C03 17C06 21C05;05 06 07 11 12 13 14 16 17 21;non;ÉVAC. PLUS. COLLECTIONS INTRAABDOMINALES LAPARO
ZCJA005;05C18 06C15 07C08 11C08 12C09 12C10 13C13 16C03 17C06 21C05;05 06 07 11 12 13 16 17 21;non;ÉVAC. COLLECTION ABDO. THOR.TOMIE
ZCJC001;05C18 06C15 07C08 11C08 12C09 12C10 13C13 14C09 16C03 17C07 21C05;05 06 07 11 12 13 14 16 17 21;non;ÉVAC. COLLECTION ABDO. COELIO
ZCQA001;05C18 06C21 07C06 07C07 09C23 09C33 09C34 10C08 11C08 12C09 12C10 13C13 14C09 16C03 17C06 21C05 22C03;05 06 07 09 10 11 12 13 14 16 17 21;non;LAPARO EXPLO
ZCQC001;09C25 09C33 09C34 11C08 13C09 14C09 21C05;09 11 13 14 21;non;EXPLO. CAV. ABD. COELIO. +HYSTÉROSCOPIE
ZCQC002;06C15 07C06 07C07 09C23 09C33 09C34 10C08 11C08 12C09 12C10 13C09 14C09 16C03 21C05 22C03;06 07 09 10 11 12 13 14 16 21 22;non;EXPLO. CAV. ABD. COELIO.
ZZEA800;;27;non;
ZZMK001;28Z22;28;non;DOSI 2D+REPER SCAN+SIMUL
ZZMK002;28Z22;28;non;PRÉPA. SANS DOSI. +SIMUL.
ZZMK011;28Z21;28;non;REPÉR. SCAN. DOSI 3D SANS HDV BEV +CACHE
ZZMK013;28Z22;28;non;PRÉPA. SANS DOSI. +SIMUL. +CACHE
ZZMK014;28Z22;28;non;PRÉPA. SANS DOSI. +SIMUL. SOUS APP. TRAITT
ZZMK016;28Z21;28;non;REPÉR. SCAN. DOSI 3D SIMUL/SCAN +CACHE
ZZMK017;28Z22;28;non;DOSI 2D+REPER SCAN+SIMUL+CACHE PERSO+/-COLLIMATEUR
ZZMK018;28Z20;28;non;REPÉR. SCAN. DOSI 3D +HDV BEV +FILTRE ZZMK020      /0 REPRISE PRÉPA RXTHER +REPÉR. SCAN. DOSI 3D +HDV BEV
ZZMK019;28Z22;28;non;REPRISE PRÉPA. SANS DOSI. +SIMUL. SOUS APP. TRAITT
ZZMK020;;28;non;
ZZMK022;28Z21;28;non;REPRISE PRÉPA RXTHER +REPÉR SCAN DOSI 3D SANS HDV
ZZMK024;28Z19;28;non;DOSI 3D+REPER SCAN+HDV+BEV+COLLIMATEUR/RCMI
ZZMK025;28Z19;28;non;REPRISE DOSI 3D+REPER
ZZMK026;28Z22;28;non;DOSI 2D+REPER SIMUL-SCAN+SIMUL/SIMUL-SCAN
ZZMK027;28Z22;28;non;REPRISE DOSI 2D+SIMUL/APP DIF+CACHE
ZZMK028;28Z22;28;non;DOSI 2D+REPER SIMUL-SCAN+SIMUL/SIMUL-SCAN+CACHE
ZZMP001;28Z19;28;non;PRÉPA. À 1IRRAD. CORPORELLE TOT.
ZZMP012;28Z19;28;non;PREPA IRRAD INTRACRAN STEREOTAX UNIDOSE+CADRE
ZZMP013;28Z19;28;non;PREPA IRRAD EXT STEREOTAX+SYNCHRO RESPI+HDV+ FUS
ZZMP016;28Z19;28;non;PREPA IRRAD EXT STEREOTAX SANS SYNCHRO RESPI+HDV+
ZZMP018;28Z21;28;non;PREPA RXTH CONTACT CAV
ZZNL001;17K08 28Z10;17 28;non;CURIETHÉR. SUPERF. À BAS DÉBIT DOSI 1D
ZZNL002;17K08 28Z10;17 28;non;CURIETHÉR. SUPERF. À PULSÉ DOSI 2D RADIO
ZZNL003;17K08 28Z10;17 28;non;CURIETHÉR. INTERST. À PULSÉ +VECTEUR INT. DOSI 3D SCAN.
ZZNL004;17K08 28Z10;17 28;non;CURIETHÉR. INTERST. À PULSÉ +VECTEUR INT. DOSI 2D RADIO
ZZNL005;17K08 28Z10;17 28;non;CURIETHÉR. PROF. À BAS DÉBIT DOSI 2D RADIO
ZZNL006;17K08 28Z10;17 28;non;CURIETHÉR. SUPERF. À BAS DÉBIT DOSI 2D RADIO
ZZNL007;17K08 28Z10;17 28;non;CURIETHÉR. INTRALUMINALE À BAS DÉBIT
ZZNL008;17K08 28Z10;17 28;non;CURIETHÉR. INTRALUMINALE À PULSÉ
ZZNL009;17K08 28Z10;17 28;non;CURIETHÉR. PROF. À BAS DÉBIT DOSI 3D SCAN. +/-IRM
ZZNL010;17K08 28Z10;17 28;non;CURIETHÉR. INTRALUMINALE À BAS DÉBIT +PROJECTEUR
ZZNL011;17K08 28Z10;17 28;non;CURIETHÉR. SUPERF. À PULSÉ DOSI 1D
ZZNL012;17K08 28Z10;17 28;non;CURIETHÉR. INTERST. À BAS DÉBIT +VECTEUR INT. DOSI 1D
ZZNL013;17K08 28Z10;17 28;non;CURIETHÉR. INTERST. À BAS DÉBIT +VECTEUR INT. DOSI 2D
ZZNL014;17K08 28Z10;17 28;non;CURIETHÉR. INTERST. À PULSÉ +VECTEUR INT. DOSI 1D
ZZNL015;17K08 28Z10;17 28;non;CURIETHÉR. PROF. À PULSÉ DOSI 2D RADIO
ZZNL016;17K09;17 28;non;IRRAD. INT. IV +A1106ISOTOPE
ZZNL017;17K08 28Z10;17 28;non;CURIETHÉR. INTERST. BAS DÉBIT +VECTEUR INT. DOSI 3D SCAN.
ZZNL018;17K08 28Z10;17 28;non;CURIETHÉR. PROF. À PULSÉ DOSI 3D SCAN. +/-IRM
ZZNL019;17K08 28Z10 28Z22;17 28;non;CURIETHÉR. INTRALUMINALE À HT DÉBIT DOSE
ZZNL045;28Z11;28;non;IRRAD EXT PROTONTHERAPIE
ZZNL046;28Z11;28;non;IRRAD EXT NEUTRONTHERAPIE
ZZNL047;28Z11;28;non;SÉANCE IRRAD. CORPORELLE TOT.
ZZNL048;28Z24;28;non;IRRAD EXT/ACCEL LINEAIRE >=5MV+COLLIMATEUR
ZZNL049;;28;non;
ZZNL050;28Z18;28;non;IRRAD EXT/ACCEL LINEAIRE+RCMI SANS CONTRL POSITION
ZZNL051;28Z18;28;non;IRRAD EXT/ACCEL LINEAIRE+RCMI+CONTRL POSITION/IGRT
ZZNL052;28Z11;28;non;IRRAD EXT STEREOTAX/PHOTONS+GUID/IMAG+SYNCHRO RESPI
ZZNL053;28Z25;28;non;IRRAD EXT/ACCEL LINEAIRE >=5MV SANS SYST CONTRL
ZZNL054;28Z18;28;non;IRRAD EXT/ACCEL LINEAIRE+RCMI+CONTRL POSITION
ZZNL055;;28;non;
ZZNL058;28Z11;28;non;IRRAD EXT STEREOTAX/PHOTONS+GUID/IMAG SANS SYNCHRO
ZZNL059;28Z11;28;non;IRRAD EXT STEREOTAX/PHOTONS DEDIE+GUID/IMAG SANS
ZZNL060;28Z11;28;non;IRRAD EXT STEREOTAX/PHOTONS DEDIE+GUID/IMAG+SYNCHRO
ZZNL061;28Z25;28;non;IRRAD EXT <5MV
ZZNL062;28Z23;28;non;IRRAD EXT/ACCEL LINEAIRE >=5MV+SYST REPOSITION ZZNL063      /0 IRRAD EXT/ACCEL LINEAIRE >=5MV+IGRT
ZZNL063;;28;non;
ZZNL064;28Z24;28;non;IRRAD EXT/ACCEL LINEAIRE >=5MV+IMAG PORT
ZZNL065;28Z24;28;non;IRRAD EXT/ACCEL LINEAIRE >=5MV+COLLIMATEUR+IMAG PORT
ZZNL066;28Z11;28;non;IRRAD CONTACT CAV
